Timestamp	Date	Time	Traffic_Volume	Average_Speed_MPH	Congestion_Level
2022-10-01 0:00:00	2022-10-01	0:00:00	134	42.7	Medium
2022-10-01 0:15:00	2022-10-01	0:15:00	125	48.9	Medium
2022-10-01 0:30:00	2022-10-01	0:30:00	137	48.1	Medium
2022-10-01 0:45:00	2022-10-01	0:45:00	150	45.6	Medium
2022-10-01 1:00:00	2022-10-01	1:00:00	101	56.9	Low
2022-10-01 1:15:00	2022-10-01	1:15:00	101	56.9	Low
2022-10-01 1:30:00	2022-10-01	1:30:00	128	49.1	Medium
2022-10-01 1:45:00	2022-10-01	1:45:00	116	46.1	Low
2022-10-01 2:00:00	2022-10-01	2:00:00	75	54.5	Low
2022-10-01 2:15:00	2022-10-01	2:15:00	90	52.7	Low
2022-10-01 2:30:00	2022-10-01	2:30:00	75	54.3	Low
2022-10-01 2:45:00	2022-10-01	2:45:00	75	54.2	Low
2022-10-01 3:00:00	2022-10-01	3:00:00	69	55	Low
2022-10-01 3:15:00	2022-10-01	3:15:00	37	59.5	Low
2022-10-01 3:30:00	2022-10-01	3:30:00	40	58.4	Low
2022-10-01 3:45:00	2022-10-01	3:45:00	57	59	Low
2022-10-01 4:00:00	2022-10-01	4:00:00	44	60.9	Low
2022-10-01 4:15:00	2022-10-01	4:15:00	64	54.8	Low
2022-10-01 4:30:00	2022-10-01	4:30:00	46	63.4	Low
2022-10-01 4:45:00	2022-10-01	4:45:00	38	57.6	Low
2022-10-01 5:00:00	2022-10-01	5:00:00	88	49.9	Low
2022-10-01 5:15:00	2022-10-01	5:15:00	62	58.9	Low
2022-10-01 5:30:00	2022-10-01	5:30:00	67	54.7	Low
2022-10-01 5:45:00	2022-10-01	5:45:00	44	60.8	Low
2022-10-01 6:00:00	2022-10-01	6:00:00	74	49.2	Low
2022-10-01 6:15:00	2022-10-01	6:15:00	84	59.4	Low
2022-10-01 6:30:00	2022-10-01	6:30:00	65	59.4	Low
2022-10-01 6:45:00	2022-10-01	6:45:00	88	50.2	Low
2022-10-01 7:00:00	2022-10-01	7:00:00	95	49.5	Low
2022-10-01 7:15:00	2022-10-01	7:15:00	100	58.4	Low
2022-10-01 7:30:00	2022-10-01	7:30:00	95	51.7	Low
2022-10-01 7:45:00	2022-10-01	7:45:00	132	47.1	Medium
2022-10-01 8:00:00	2022-10-01	8:00:00	127	43.4	Medium
2022-10-01 8:15:00	2022-10-01	8:15:00	111	51	Low
2022-10-01 8:30:00	2022-10-01	8:30:00	139	48.1	Medium
2022-10-01 8:45:00	2022-10-01	8:45:00	109	54.4	Low
2022-10-01 9:00:00	2022-10-01	9:00:00	147	43.7	Medium
2022-10-01 9:15:00	2022-10-01	9:15:00	114	47.1	Low
2022-10-01 9:30:00	2022-10-01	9:30:00	124	51.9	Medium
2022-10-01 9:45:00	2022-10-01	9:45:00	146	51	Medium
2022-10-01 10:00:00	2022-10-01	10:00:00	161	41.5	Medium
2022-10-01 10:15:00	2022-10-01	10:15:00	152	50.5	Medium
2022-10-01 10:30:00	2022-10-01	10:30:00	148	47.8	Medium
2022-10-01 10:45:00	2022-10-01	10:45:00	145	51.4	Medium
2022-10-01 11:00:00	2022-10-01	11:00:00	121	50.7	Medium
2022-10-01 11:15:00	2022-10-01	11:15:00	133	41.9	Medium
2022-10-01 11:30:00	2022-10-01	11:30:00	137	48.6	Medium
2022-10-01 11:45:00	2022-10-01	11:45:00	159	49.6	Medium
2022-10-01 12:00:00	2022-10-01	12:00:00	132	46.9	Medium
2022-10-01 12:15:00	2022-10-01	12:15:00	101	52.1	Low
2022-10-01 12:30:00	2022-10-01	12:30:00	132	49.1	Medium
2022-10-01 12:45:00	2022-10-01	12:45:00	121	42.2	Medium
2022-10-01 13:00:00	2022-10-01	13:00:00	94	59	Low
2022-10-01 13:15:00	2022-10-01	13:15:00	114	49	Low
2022-10-01 13:30:00	2022-10-01	13:30:00	120	52.5	Medium
2022-10-01 13:45:00	2022-10-01	13:45:00	118	51	Low
2022-10-01 14:00:00	2022-10-01	14:00:00	69	60.7	Low
2022-10-01 14:15:00	2022-10-01	14:15:00	77	57.2	Low
2022-10-01 14:30:00	2022-10-01	14:30:00	87	54.1	Low
2022-10-01 14:45:00	2022-10-01	14:45:00	97	51	Low
2022-10-01 15:00:00	2022-10-01	15:00:00	58	60.6	Low
2022-10-01 15:15:00	2022-10-01	15:15:00	63	52	Low
2022-10-01 15:30:00	2022-10-01	15:30:00	49	61.2	Low
2022-10-01 15:45:00	2022-10-01	15:45:00	48	56.1	Low
2022-10-01 16:00:00	2022-10-01	16:00:00	72	60.4	Low
2022-10-01 16:15:00	2022-10-01	16:15:00	80	56.2	Low
2022-10-01 16:30:00	2022-10-01	16:30:00	58	60.2	Low
2022-10-01 16:45:00	2022-10-01	16:45:00	75	56.5	Low
2022-10-01 17:00:00	2022-10-01	17:00:00	71	51.5	Low
2022-10-01 17:15:00	2022-10-01	17:15:00	56	55.9	Low
2022-10-01 17:30:00	2022-10-01	17:30:00	71	58.7	Low
2022-10-01 17:45:00	2022-10-01	17:45:00	89	55.1	Low
2022-10-01 18:00:00	2022-10-01	18:00:00	81	59.1	Low
2022-10-01 18:15:00	2022-10-01	18:15:00	105	54	Low
2022-10-01 18:30:00	2022-10-01	18:30:00	43	57.1	Low
2022-10-01 18:45:00	2022-10-01	18:45:00	94	51.6	Low
2022-10-01 19:00:00	2022-10-01	19:00:00	106	52.9	Low
2022-10-01 19:15:00	2022-10-01	19:15:00	100	46.4	Low
2022-10-01 19:30:00	2022-10-01	19:30:00	106	57.7	Low
2022-10-01 19:45:00	2022-10-01	19:45:00	75	57.6	Low
2022-10-01 20:00:00	2022-10-01	20:00:00	124	54.2	Medium
2022-10-01 20:15:00	2022-10-01	20:15:00	132	44.9	Medium
2022-10-01 20:30:00	2022-10-01	20:30:00	149	51.4	Medium
2022-10-01 20:45:00	2022-10-01	20:45:00	119	57.8	Low
2022-10-01 21:00:00	2022-10-01	21:00:00	131	45.8	Medium
2022-10-01 21:15:00	2022-10-01	21:15:00	136	51.4	Medium
2022-10-01 21:30:00	2022-10-01	21:30:00	157	46.7	Medium
2022-10-01 21:45:00	2022-10-01	21:45:00	148	43.1	Medium
2022-10-01 22:00:00	2022-10-01	22:00:00	142	49.9	Medium
2022-10-01 22:15:00	2022-10-01	22:15:00	157	49.2	Medium
2022-10-01 22:30:00	2022-10-01	22:30:00	151	45.6	Medium
2022-10-01 22:45:00	2022-10-01	22:45:00	164	49.4	Medium
2022-10-01 23:00:00	2022-10-01	23:00:00	133	44.5	Medium
2022-10-01 23:15:00	2022-10-01	23:15:00	139	44.3	Medium
2022-10-01 23:30:00	2022-10-01	23:30:00	138	49.3	Medium
2022-10-01 23:45:00	2022-10-01	23:45:00	122	50.8	Medium
2022-10-02 0:00:00	2022-10-02	0:00:00	131	47.6	Medium
2022-10-02 0:15:00	2022-10-02	0:15:00	131	52.1	Medium
2022-10-02 0:30:00	2022-10-02	0:30:00	127	51.8	Medium
2022-10-02 0:45:00	2022-10-02	0:45:00	123	53.2	Medium
2022-10-02 1:00:00	2022-10-02	1:00:00	83	54.9	Low
2022-10-02 1:15:00	2022-10-02	1:15:00	98	55.4	Low
2022-10-02 1:30:00	2022-10-02	1:30:00	99	52.1	Low
2022-10-02 1:45:00	2022-10-02	1:45:00	92	60.4	Low
2022-10-02 2:00:00	2022-10-02	2:00:00	80	53.2	Low
2022-10-02 2:15:00	2022-10-02	2:15:00	88	61	Low
2022-10-02 2:30:00	2022-10-02	2:30:00	110	52.3	Low
2022-10-02 2:45:00	2022-10-02	2:45:00	85	51	Low
2022-10-02 3:00:00	2022-10-02	3:00:00	69	61.1	Low
2022-10-02 3:15:00	2022-10-02	3:15:00	64	57.9	Low
2022-10-02 3:30:00	2022-10-02	3:30:00	37	63.2	Low
2022-10-02 3:45:00	2022-10-02	3:45:00	65	61.1	Low
2022-10-02 4:00:00	2022-10-02	4:00:00	60	59	Low
2022-10-02 4:15:00	2022-10-02	4:15:00	96	52	Low
2022-10-02 4:30:00	2022-10-02	4:30:00	57	61.3	Low
2022-10-02 4:45:00	2022-10-02	4:45:00	64	57.5	Low
2022-10-02 5:00:00	2022-10-02	5:00:00	65	59.5	Low
2022-10-02 5:15:00	2022-10-02	5:15:00	48	52.9	Low
2022-10-02 5:30:00	2022-10-02	5:30:00	83	56.7	Low
2022-10-02 5:45:00	2022-10-02	5:45:00	77	54.1	Low
2022-10-02 6:00:00	2022-10-02	6:00:00	94	59	Low
2022-10-02 6:15:00	2022-10-02	6:15:00	68	58.9	Low
2022-10-02 6:30:00	2022-10-02	6:30:00	103	53.7	Low
2022-10-02 6:45:00	2022-10-02	6:45:00	61	59.3	Low
2022-10-02 7:00:00	2022-10-02	7:00:00	113	48.8	Low
2022-10-02 7:15:00	2022-10-02	7:15:00	137	53.9	Medium
2022-10-02 7:30:00	2022-10-02	7:30:00	90	60.5	Low
2022-10-02 7:45:00	2022-10-02	7:45:00	96	55	Low
2022-10-02 8:00:00	2022-10-02	8:00:00	128	54.8	Medium
2022-10-02 8:15:00	2022-10-02	8:15:00	119	49.4	Low
2022-10-02 8:30:00	2022-10-02	8:30:00	104	50.5	Low
2022-10-02 8:45:00	2022-10-02	8:45:00	128	50.2	Medium
2022-10-02 9:00:00	2022-10-02	9:00:00	128	51.4	Medium
2022-10-02 9:15:00	2022-10-02	9:15:00	151	46.2	Medium
2022-10-02 9:30:00	2022-10-02	9:30:00	130	51.4	Medium
2022-10-02 9:45:00	2022-10-02	9:45:00	167	46.4	Medium
2022-10-02 10:00:00	2022-10-02	10:00:00	138	45.9	Medium
2022-10-02 10:15:00	2022-10-02	10:15:00	145	49.6	Medium
2022-10-02 10:30:00	2022-10-02	10:30:00	162	48.7	Medium
2022-10-02 10:45:00	2022-10-02	10:45:00	131	50.2	Medium
2022-10-02 11:00:00	2022-10-02	11:00:00	147	51.3	Medium
2022-10-02 11:15:00	2022-10-02	11:15:00	163	42.3	Medium
2022-10-02 11:30:00	2022-10-02	11:30:00	119	52.5	Low
2022-10-02 11:45:00	2022-10-02	11:45:00	146	44.5	Medium
2022-10-02 12:00:00	2022-10-02	12:00:00	131	46.4	Medium
2022-10-02 12:15:00	2022-10-02	12:15:00	139	46.9	Medium
2022-10-02 12:30:00	2022-10-02	12:30:00	108	49.6	Low
2022-10-02 12:45:00	2022-10-02	12:45:00	107	50.9	Low
2022-10-02 13:00:00	2022-10-02	13:00:00	112	51.3	Low
2022-10-02 13:15:00	2022-10-02	13:15:00	109	54.8	Low
2022-10-02 13:30:00	2022-10-02	13:30:00	108	51.4	Low
2022-10-02 13:45:00	2022-10-02	13:45:00	110	47.4	Low
2022-10-02 14:00:00	2022-10-02	14:00:00	72	60	Low
2022-10-02 14:15:00	2022-10-02	14:15:00	85	52.6	Low
2022-10-02 14:30:00	2022-10-02	14:30:00	86	54.8	Low
2022-10-02 14:45:00	2022-10-02	14:45:00	71	58.1	Low
2022-10-02 15:00:00	2022-10-02	15:00:00	94	54.6	Low
2022-10-02 15:15:00	2022-10-02	15:15:00	73	59.8	Low
2022-10-02 15:30:00	2022-10-02	15:30:00	48	60.8	Low
2022-10-02 15:45:00	2022-10-02	15:45:00	75	53.7	Low
2022-10-02 16:00:00	2022-10-02	16:00:00	45	66.3	Low
2022-10-02 16:15:00	2022-10-02	16:15:00	71	57.3	Low
2022-10-02 16:30:00	2022-10-02	16:30:00	77	55.6	Low
2022-10-02 16:45:00	2022-10-02	16:45:00	47	62.4	Low
2022-10-02 17:00:00	2022-10-02	17:00:00	80	56.4	Low
2022-10-02 17:15:00	2022-10-02	17:15:00	72	57.8	Low
2022-10-02 17:30:00	2022-10-02	17:30:00	78	63.4	Low
2022-10-02 17:45:00	2022-10-02	17:45:00	94	53.2	Low
2022-10-02 18:00:00	2022-10-02	18:00:00	78	54.9	Low
2022-10-02 18:15:00	2022-10-02	18:15:00	71	57.1	Low
2022-10-02 18:30:00	2022-10-02	18:30:00	69	60.2	Low
2022-10-02 18:45:00	2022-10-02	18:45:00	70	52.3	Low
2022-10-02 19:00:00	2022-10-02	19:00:00	103	47.1	Low
2022-10-02 19:15:00	2022-10-02	19:15:00	110	50.4	Low
2022-10-02 19:30:00	2022-10-02	19:30:00	109	47.4	Low
2022-10-02 19:45:00	2022-10-02	19:45:00	117	50.1	Low
2022-10-02 20:00:00	2022-10-02	20:00:00	127	51.7	Medium
2022-10-02 20:15:00	2022-10-02	20:15:00	149	44.9	Medium
2022-10-02 20:30:00	2022-10-02	20:30:00	123	46.4	Medium
2022-10-02 20:45:00	2022-10-02	20:45:00	168	45.6	Medium
2022-10-02 21:00:00	2022-10-02	21:00:00	153	49.7	Medium
2022-10-02 21:15:00	2022-10-02	21:15:00	131	44.6	Medium
2022-10-02 21:30:00	2022-10-02	21:30:00	127	52.6	Medium
2022-10-02 21:45:00	2022-10-02	21:45:00	151	49.8	Medium
2022-10-02 22:00:00	2022-10-02	22:00:00	146	50.8	Medium
2022-10-02 22:15:00	2022-10-02	22:15:00	160	50	Medium
2022-10-02 22:30:00	2022-10-02	22:30:00	157	53.3	Medium
2022-10-02 22:45:00	2022-10-02	22:45:00	148	46.7	Medium
2022-10-02 23:00:00	2022-10-02	23:00:00	131	50	Medium
2022-10-02 23:15:00	2022-10-02	23:15:00	121	49.6	Medium
2022-10-02 23:30:00	2022-10-02	23:30:00	137	49	Medium
2022-10-02 23:45:00	2022-10-02	23:45:00	156	51.4	Medium
2022-10-03 0:00:00	2022-10-03	0:00:00	215	35.9	Medium
2022-10-03 0:15:00	2022-10-03	0:15:00	193	39.9	Medium
2022-10-03 0:30:00	2022-10-03	0:30:00	215	44	Medium
2022-10-03 0:45:00	2022-10-03	0:45:00	218	42.6	Medium
2022-10-03 1:00:00	2022-10-03	1:00:00	161	45.1	Medium
2022-10-03 1:15:00	2022-10-03	1:15:00	177	46.9	Medium
2022-10-03 1:30:00	2022-10-03	1:30:00	175	45.6	Medium
2022-10-03 1:45:00	2022-10-03	1:45:00	157	51.2	Medium
2022-10-03 2:00:00	2022-10-03	2:00:00	142	48.7	Medium
2022-10-03 2:15:00	2022-10-03	2:15:00	145	51.2	Medium
2022-10-03 2:30:00	2022-10-03	2:30:00	153	55.1	Medium
2022-10-03 2:45:00	2022-10-03	2:45:00	153	48.9	Medium
2022-10-03 3:00:00	2022-10-03	3:00:00	89	54.8	Low
2022-10-03 3:15:00	2022-10-03	3:15:00	95	56.1	Low
2022-10-03 3:30:00	2022-10-03	3:30:00	117	50.3	Low
2022-10-03 3:45:00	2022-10-03	3:45:00	117	58.5	Low
2022-10-03 4:00:00	2022-10-03	4:00:00	107	53.1	Low
2022-10-03 4:15:00	2022-10-03	4:15:00	157	45.9	Medium
2022-10-03 4:30:00	2022-10-03	4:30:00	108	49.9	Low
2022-10-03 4:45:00	2022-10-03	4:45:00	117	54.6	Low
2022-10-03 5:00:00	2022-10-03	5:00:00	124	53.1	Medium
2022-10-03 5:15:00	2022-10-03	5:15:00	119	49.6	Low
2022-10-03 5:30:00	2022-10-03	5:30:00	105	54.5	Low
2022-10-03 5:45:00	2022-10-03	5:45:00	121	46.4	Medium
2022-10-03 6:00:00	2022-10-03	6:00:00	125	51	Medium
2022-10-03 6:15:00	2022-10-03	6:15:00	133	50.8	Medium
2022-10-03 6:30:00	2022-10-03	6:30:00	130	55	Medium
2022-10-03 6:45:00	2022-10-03	6:45:00	138	46.6	Medium
2022-10-03 7:00:00	2022-10-03	7:00:00	209	36.8	Medium
2022-10-03 7:15:00	2022-10-03	7:15:00	146	45.3	Medium
2022-10-03 7:30:00	2022-10-03	7:30:00	185	39.4	Medium
2022-10-03 7:45:00	2022-10-03	7:45:00	150	51.5	Medium
2022-10-03 8:00:00	2022-10-03	8:00:00	205	45.7	Medium
2022-10-03 8:15:00	2022-10-03	8:15:00	228	39.4	High
2022-10-03 8:30:00	2022-10-03	8:30:00	213	43.8	Medium
2022-10-03 8:45:00	2022-10-03	8:45:00	196	42.5	Medium
2022-10-03 9:00:00	2022-10-03	9:00:00	229	38	High
2022-10-03 9:15:00	2022-10-03	9:15:00	250	34.8	High
2022-10-03 9:30:00	2022-10-03	9:30:00	228	37.5	High
2022-10-03 9:45:00	2022-10-03	9:45:00	243	32	High
2022-10-03 10:00:00	2022-10-03	10:00:00	250	36.6	High
2022-10-03 10:15:00	2022-10-03	10:15:00	240	36.9	High
2022-10-03 10:30:00	2022-10-03	10:30:00	282	34.3	High
2022-10-03 10:45:00	2022-10-03	10:45:00	259	35.1	High
2022-10-03 11:00:00	2022-10-03	11:00:00	209	40.1	Medium
2022-10-03 11:15:00	2022-10-03	11:15:00	242	34.2	High
2022-10-03 11:30:00	2022-10-03	11:30:00	230	38.4	High
2022-10-03 11:45:00	2022-10-03	11:45:00	252	37.8	High
2022-10-03 12:00:00	2022-10-03	12:00:00	200	38.2	Medium
2022-10-03 12:15:00	2022-10-03	12:15:00	210	40.8	Medium
2022-10-03 12:30:00	2022-10-03	12:30:00	220	40	High
2022-10-03 12:45:00	2022-10-03	12:45:00	225	36.6	High
2022-10-03 13:00:00	2022-10-03	13:00:00	156	45	Medium
2022-10-03 13:15:00	2022-10-03	13:15:00	169	46	Medium
2022-10-03 13:30:00	2022-10-03	13:30:00	167	42.1	Medium
2022-10-03 13:45:00	2022-10-03	13:45:00	165	46.8	Medium
2022-10-03 14:00:00	2022-10-03	14:00:00	163	43.3	Medium
2022-10-03 14:15:00	2022-10-03	14:15:00	143	51.5	Medium
2022-10-03 14:30:00	2022-10-03	14:30:00	118	58.2	Low
2022-10-03 14:45:00	2022-10-03	14:45:00	151	44.8	Medium
2022-10-03 15:00:00	2022-10-03	15:00:00	141	50.2	Medium
2022-10-03 15:15:00	2022-10-03	15:15:00	125	48.2	Medium
2022-10-03 15:30:00	2022-10-03	15:30:00	87	58	Low
2022-10-03 15:45:00	2022-10-03	15:45:00	102	49.3	Low
2022-10-03 16:00:00	2022-10-03	16:00:00	119	52.6	Low
2022-10-03 16:15:00	2022-10-03	16:15:00	89	52	Low
2022-10-03 16:30:00	2022-10-03	16:30:00	106	52	Low
2022-10-03 16:45:00	2022-10-03	16:45:00	111	49	Low
2022-10-03 17:00:00	2022-10-03	17:00:00	96	56.3	Low
2022-10-03 17:15:00	2022-10-03	17:15:00	109	49.8	Low
2022-10-03 17:30:00	2022-10-03	17:30:00	61	59.5	Low
2022-10-03 17:45:00	2022-10-03	17:45:00	94	53	Low
2022-10-03 18:00:00	2022-10-03	18:00:00	133	49.1	Medium
2022-10-03 18:15:00	2022-10-03	18:15:00	118	51.7	Low
2022-10-03 18:30:00	2022-10-03	18:30:00	161	43.9	Medium
2022-10-03 18:45:00	2022-10-03	18:45:00	116	52.1	Low
2022-10-03 19:00:00	2022-10-03	19:00:00	168	50	Medium
2022-10-03 19:15:00	2022-10-03	19:15:00	176	42.1	Medium
2022-10-03 19:30:00	2022-10-03	19:30:00	196	45.6	Medium
2022-10-03 19:45:00	2022-10-03	19:45:00	153	51.6	Medium
2022-10-03 20:00:00	2022-10-03	20:00:00	229	35.8	High
2022-10-03 20:15:00	2022-10-03	20:15:00	212	35.9	Medium
2022-10-03 20:30:00	2022-10-03	20:30:00	197	42.9	Medium
2022-10-03 20:45:00	2022-10-03	20:45:00	219	37.8	Medium
2022-10-03 21:00:00	2022-10-03	21:00:00	242	42.4	High
2022-10-03 21:15:00	2022-10-03	21:15:00	230	38.3	High
2022-10-03 21:30:00	2022-10-03	21:30:00	240	34.6	High
2022-10-03 21:45:00	2022-10-03	21:45:00	234	34.3	High
2022-10-03 22:00:00	2022-10-03	22:00:00	251	39	High
2022-10-03 22:15:00	2022-10-03	22:15:00	259	33.1	High
2022-10-03 22:30:00	2022-10-03	22:30:00	273	33.3	High
2022-10-03 22:45:00	2022-10-03	22:45:00	231	40.9	High
2022-10-03 23:00:00	2022-10-03	23:00:00	271	31.9	High
2022-10-03 23:15:00	2022-10-03	23:15:00	210	40.4	Medium
2022-10-03 23:30:00	2022-10-03	23:30:00	237	37.3	High
2022-10-03 23:45:00	2022-10-03	23:45:00	248	38.1	High
2022-10-04 0:00:00	2022-10-04	0:00:00	216	41.6	Medium
2022-10-04 0:15:00	2022-10-04	0:15:00	203	40.7	Medium
2022-10-04 0:30:00	2022-10-04	0:30:00	209	40.8	Medium
2022-10-04 0:45:00	2022-10-04	0:45:00	205	40	Medium
2022-10-04 1:00:00	2022-10-04	1:00:00	166	41.2	Medium
2022-10-04 1:15:00	2022-10-04	1:15:00	187	44	Medium
2022-10-04 1:30:00	2022-10-04	1:30:00	180	49.7	Medium
2022-10-04 1:45:00	2022-10-04	1:45:00	164	43.2	Medium
2022-10-04 2:00:00	2022-10-04	2:00:00	150	45.2	Medium
2022-10-04 2:15:00	2022-10-04	2:15:00	142	45.8	Medium
2022-10-04 2:30:00	2022-10-04	2:30:00	149	49.8	Medium
2022-10-04 2:45:00	2022-10-04	2:45:00	146	49.3	Medium
2022-10-04 3:00:00	2022-10-04	3:00:00	97	53.2	Low
2022-10-04 3:15:00	2022-10-04	3:15:00	101	50.5	Low
2022-10-04 3:30:00	2022-10-04	3:30:00	121	51.2	Medium
2022-10-04 3:45:00	2022-10-04	3:45:00	119	46.4	Low
2022-10-04 4:00:00	2022-10-04	4:00:00	99	53.9	Low
2022-10-04 4:15:00	2022-10-04	4:15:00	101	55.8	Low
2022-10-04 4:30:00	2022-10-04	4:30:00	119	47.4	Low
2022-10-04 4:45:00	2022-10-04	4:45:00	91	49.8	Low
2022-10-04 5:00:00	2022-10-04	5:00:00	118	56	Low
2022-10-04 5:15:00	2022-10-04	5:15:00	107	50.7	Low
2022-10-04 5:30:00	2022-10-04	5:30:00	106	56	Low
2022-10-04 5:45:00	2022-10-04	5:45:00	126	49.8	Medium
2022-10-04 6:00:00	2022-10-04	6:00:00	149	47.1	Medium
2022-10-04 6:15:00	2022-10-04	6:15:00	149	48.9	Medium
2022-10-04 6:30:00	2022-10-04	6:30:00	157	44	Medium
2022-10-04 6:45:00	2022-10-04	6:45:00	137	49.4	Medium
2022-10-04 7:00:00	2022-10-04	7:00:00	185	42.3	Medium
2022-10-04 7:15:00	2022-10-04	7:15:00	170	41.2	Medium
2022-10-04 7:30:00	2022-10-04	7:30:00	179	45.1	Medium
2022-10-04 7:45:00	2022-10-04	7:45:00	173	44	Medium
2022-10-04 8:00:00	2022-10-04	8:00:00	213	39.7	Medium
2022-10-04 8:15:00	2022-10-04	8:15:00	221	35.6	High
2022-10-04 8:30:00	2022-10-04	8:30:00	200	46.4	Medium
2022-10-04 8:45:00	2022-10-04	8:45:00	243	39.3	High
2022-10-04 9:00:00	2022-10-04	9:00:00	224	41.8	High
2022-10-04 9:15:00	2022-10-04	9:15:00	221	38.3	High
2022-10-04 9:30:00	2022-10-04	9:30:00	257	29.8	High
2022-10-04 9:45:00	2022-10-04	9:45:00	251	41.6	High
2022-10-04 10:00:00	2022-10-04	10:00:00	259	34.6	High
2022-10-04 10:15:00	2022-10-04	10:15:00	259	32.5	High
2022-10-04 10:30:00	2022-10-04	10:30:00	249	37.2	High
2022-10-04 10:45:00	2022-10-04	10:45:00	236	41	High
2022-10-04 11:00:00	2022-10-04	11:00:00	241	36.8	High
2022-10-04 11:15:00	2022-10-04	11:15:00	229	42.1	High
2022-10-04 11:30:00	2022-10-04	11:30:00	254	38.6	High
2022-10-04 11:45:00	2022-10-04	11:45:00	237	34.1	High
2022-10-04 12:00:00	2022-10-04	12:00:00	200	39.6	Medium
2022-10-04 12:15:00	2022-10-04	12:15:00	207	43.7	Medium
2022-10-04 12:30:00	2022-10-04	12:30:00	218	31.4	Medium
2022-10-04 12:45:00	2022-10-04	12:45:00	204	40.8	Medium
2022-10-04 13:00:00	2022-10-04	13:00:00	162	41.8	Medium
2022-10-04 13:15:00	2022-10-04	13:15:00	178	42.8	Medium
2022-10-04 13:30:00	2022-10-04	13:30:00	178	43.3	Medium
2022-10-04 13:45:00	2022-10-04	13:45:00	167	44.4	Medium
2022-10-04 14:00:00	2022-10-04	14:00:00	130	48.2	Medium
2022-10-04 14:15:00	2022-10-04	14:15:00	140	45.4	Medium
2022-10-04 14:30:00	2022-10-04	14:30:00	115	58.5	Low
2022-10-04 14:45:00	2022-10-04	14:45:00	116	57.1	Low
2022-10-04 15:00:00	2022-10-04	15:00:00	99	50	Low
2022-10-04 15:15:00	2022-10-04	15:15:00	106	57.4	Low
2022-10-04 15:30:00	2022-10-04	15:30:00	114	50.5	Low
2022-10-04 15:45:00	2022-10-04	15:45:00	132	50	Medium
2022-10-04 16:00:00	2022-10-04	16:00:00	112	51.7	Low
2022-10-04 16:15:00	2022-10-04	16:15:00	97	51.7	Low
2022-10-04 16:30:00	2022-10-04	16:30:00	99	56.4	Low
2022-10-04 16:45:00	2022-10-04	16:45:00	84	55.6	Low
2022-10-04 17:00:00	2022-10-04	17:00:00	109	50.9	Low
2022-10-04 17:15:00	2022-10-04	17:15:00	105	48.8	Low
2022-10-04 17:30:00	2022-10-04	17:30:00	114	49	Low
2022-10-04 17:45:00	2022-10-04	17:45:00	97	48.8	Low
2022-10-04 18:00:00	2022-10-04	18:00:00	145	48.1	Medium
2022-10-04 18:15:00	2022-10-04	18:15:00	160	42.7	Medium
2022-10-04 18:30:00	2022-10-04	18:30:00	135	48.5	Medium
2022-10-04 18:45:00	2022-10-04	18:45:00	143	52.4	Medium
2022-10-04 19:00:00	2022-10-04	19:00:00	185	47	Medium
2022-10-04 19:15:00	2022-10-04	19:15:00	168	45.3	Medium
2022-10-04 19:30:00	2022-10-04	19:30:00	178	44	Medium
2022-10-04 19:45:00	2022-10-04	19:45:00	175	50.2	Medium
2022-10-04 20:00:00	2022-10-04	20:00:00	213	41.7	Medium
2022-10-04 20:15:00	2022-10-04	20:15:00	200	40.7	Medium
2022-10-04 20:30:00	2022-10-04	20:30:00	212	36	Medium
2022-10-04 20:45:00	2022-10-04	20:45:00	219	40.6	Medium
2022-10-04 21:00:00	2022-10-04	21:00:00	261	37	High
2022-10-04 21:15:00	2022-10-04	21:15:00	254	33.5	High
2022-10-04 21:30:00	2022-10-04	21:30:00	272	34.1	High
2022-10-04 21:45:00	2022-10-04	21:45:00	228	37.3	High
2022-10-04 22:00:00	2022-10-04	22:00:00	263	33.8	High
2022-10-04 22:15:00	2022-10-04	22:15:00	252	28.1	High
2022-10-04 22:30:00	2022-10-04	22:30:00	282	31.4	High
2022-10-04 22:45:00	2022-10-04	22:45:00	237	40.3	High
2022-10-04 23:00:00	2022-10-04	23:00:00	227	36.6	High
2022-10-04 23:15:00	2022-10-04	23:15:00	230	38.3	High
2022-10-04 23:30:00	2022-10-04	23:30:00	208	38.5	Medium
2022-10-04 23:45:00	2022-10-04	23:45:00	232	39	High
2022-10-05 0:00:00	2022-10-05	0:00:00	201	40.9	Medium
2022-10-05 0:15:00	2022-10-05	0:15:00	214	37.2	Medium
2022-10-05 0:30:00	2022-10-05	0:30:00	217	43.7	Medium
2022-10-05 0:45:00	2022-10-05	0:45:00	240	39.8	High
2022-10-05 1:00:00	2022-10-05	1:00:00	189	41.1	Medium
2022-10-05 1:15:00	2022-10-05	1:15:00	166	47.1	Medium
2022-10-05 1:30:00	2022-10-05	1:30:00	161	47.8	Medium
2022-10-05 1:45:00	2022-10-05	1:45:00	182	45.7	Medium
2022-10-05 2:00:00	2022-10-05	2:00:00	117	46.3	Low
2022-10-05 2:15:00	2022-10-05	2:15:00	164	48.9	Medium
2022-10-05 2:30:00	2022-10-05	2:30:00	155	45.2	Medium
2022-10-05 2:45:00	2022-10-05	2:45:00	130	48.8	Medium
2022-10-05 3:00:00	2022-10-05	3:00:00	84	63.1	Low
2022-10-05 3:15:00	2022-10-05	3:15:00	130	50.7	Medium
2022-10-05 3:30:00	2022-10-05	3:30:00	108	51.2	Low
2022-10-05 3:45:00	2022-10-05	3:45:00	128	43.5	Medium
2022-10-05 4:00:00	2022-10-05	4:00:00	76	60.3	Low
2022-10-05 4:15:00	2022-10-05	4:15:00	91	50.3	Low
2022-10-05 4:30:00	2022-10-05	4:30:00	100	50.3	Low
2022-10-05 4:45:00	2022-10-05	4:45:00	100	52.3	Low
2022-10-05 5:00:00	2022-10-05	5:00:00	103	57.2	Low
2022-10-05 5:15:00	2022-10-05	5:15:00	119	53.4	Low
2022-10-05 5:30:00	2022-10-05	5:30:00	94	53.6	Low
2022-10-05 5:45:00	2022-10-05	5:45:00	107	53.4	Low
2022-10-05 6:00:00	2022-10-05	6:00:00	139	47	Medium
2022-10-05 6:15:00	2022-10-05	6:15:00	145	48.5	Medium
2022-10-05 6:30:00	2022-10-05	6:30:00	148	48	Medium
2022-10-05 6:45:00	2022-10-05	6:45:00	120	53.9	Medium
2022-10-05 7:00:00	2022-10-05	7:00:00	151	50.3	Medium
2022-10-05 7:15:00	2022-10-05	7:15:00	194	43.8	Medium
2022-10-05 7:30:00	2022-10-05	7:30:00	179	43	Medium
2022-10-05 7:45:00	2022-10-05	7:45:00	163	48.2	Medium
2022-10-05 8:00:00	2022-10-05	8:00:00	235	37.3	High
2022-10-05 8:15:00	2022-10-05	8:15:00	214	36.8	Medium
2022-10-05 8:30:00	2022-10-05	8:30:00	230	37	High
2022-10-05 8:45:00	2022-10-05	8:45:00	213	40.4	Medium
2022-10-05 9:00:00	2022-10-05	9:00:00	270	36.2	High
2022-10-05 9:15:00	2022-10-05	9:15:00	266	33.4	High
2022-10-05 9:30:00	2022-10-05	9:30:00	236	33.8	High
2022-10-05 9:45:00	2022-10-05	9:45:00	254	35.5	High
2022-10-05 10:00:00	2022-10-05	10:00:00	259	35.1	High
2022-10-05 10:15:00	2022-10-05	10:15:00	270	34.1	High
2022-10-05 10:30:00	2022-10-05	10:30:00	235	40.3	High
2022-10-05 10:45:00	2022-10-05	10:45:00	260	37.7	High
2022-10-05 11:00:00	2022-10-05	11:00:00	255	33.5	High
2022-10-05 11:15:00	2022-10-05	11:15:00	213	38.3	Medium
2022-10-05 11:30:00	2022-10-05	11:30:00	222	36	High
2022-10-05 11:45:00	2022-10-05	11:45:00	209	42.7	Medium
2022-10-05 12:00:00	2022-10-05	12:00:00	208	45.1	Medium
2022-10-05 12:15:00	2022-10-05	12:15:00	223	38	High
2022-10-05 12:30:00	2022-10-05	12:30:00	235	36.9	High
2022-10-05 12:45:00	2022-10-05	12:45:00	213	44.6	Medium
2022-10-05 13:00:00	2022-10-05	13:00:00	199	43.3	Medium
2022-10-05 13:15:00	2022-10-05	13:15:00	154	48.3	Medium
2022-10-05 13:30:00	2022-10-05	13:30:00	149	44	Medium
2022-10-05 13:45:00	2022-10-05	13:45:00	174	46.7	Medium
2022-10-05 14:00:00	2022-10-05	14:00:00	143	45.5	Medium
2022-10-05 14:15:00	2022-10-05	14:15:00	137	45.6	Medium
2022-10-05 14:30:00	2022-10-05	14:30:00	106	51.6	Low
2022-10-05 14:45:00	2022-10-05	14:45:00	136	47.4	Medium
2022-10-05 15:00:00	2022-10-05	15:00:00	90	53.8	Low
2022-10-05 15:15:00	2022-10-05	15:15:00	120	46.7	Medium
2022-10-05 15:30:00	2022-10-05	15:30:00	115	54.5	Low
2022-10-05 15:45:00	2022-10-05	15:45:00	95	57.3	Low
2022-10-05 16:00:00	2022-10-05	16:00:00	92	48.4	Low
2022-10-05 16:15:00	2022-10-05	16:15:00	84	58.1	Low
2022-10-05 16:30:00	2022-10-05	16:30:00	99	51	Low
2022-10-05 16:45:00	2022-10-05	16:45:00	114	54.3	Low
2022-10-05 17:00:00	2022-10-05	17:00:00	95	53.7	Low
2022-10-05 17:15:00	2022-10-05	17:15:00	117	51.4	Low
2022-10-05 17:30:00	2022-10-05	17:30:00	102	52.5	Low
2022-10-05 17:45:00	2022-10-05	17:45:00	98	57.2	Low
2022-10-05 18:00:00	2022-10-05	18:00:00	135	45.5	Medium
2022-10-05 18:15:00	2022-10-05	18:15:00	121	52.7	Medium
2022-10-05 18:30:00	2022-10-05	18:30:00	129	53.3	Medium
2022-10-05 18:45:00	2022-10-05	18:45:00	119	53.3	Low
2022-10-05 19:00:00	2022-10-05	19:00:00	204	48.2	Medium
2022-10-05 19:15:00	2022-10-05	19:15:00	175	43	Medium
2022-10-05 19:30:00	2022-10-05	19:30:00	164	48.7	Medium
2022-10-05 19:45:00	2022-10-05	19:45:00	178	43.9	Medium
2022-10-05 20:00:00	2022-10-05	20:00:00	210	44.2	Medium
2022-10-05 20:15:00	2022-10-05	20:15:00	209	40.6	Medium
2022-10-05 20:30:00	2022-10-05	20:30:00	221	38.1	High
2022-10-05 20:45:00	2022-10-05	20:45:00	223	42.9	High
2022-10-05 21:00:00	2022-10-05	21:00:00	231	36.6	High
2022-10-05 21:15:00	2022-10-05	21:15:00	231	33.8	High
2022-10-05 21:30:00	2022-10-05	21:30:00	235	36	High
2022-10-05 21:45:00	2022-10-05	21:45:00	205	42.9	Medium
2022-10-05 22:00:00	2022-10-05	22:00:00	227	42.7	High
2022-10-05 22:15:00	2022-10-05	22:15:00	270	33.8	High
2022-10-05 22:30:00	2022-10-05	22:30:00	274	37	High
2022-10-05 22:45:00	2022-10-05	22:45:00	246	32.2	High
2022-10-05 23:00:00	2022-10-05	23:00:00	248	34.7	High
2022-10-05 23:15:00	2022-10-05	23:15:00	244	35.7	High
2022-10-05 23:30:00	2022-10-05	23:30:00	286	31.3	High
2022-10-05 23:45:00	2022-10-05	23:45:00	256	35.4	High
2022-10-06 0:00:00	2022-10-06	0:00:00	210	42.6	Medium
2022-10-06 0:15:00	2022-10-06	0:15:00	198	40.6	Medium
2022-10-06 0:30:00	2022-10-06	0:30:00	188	43.5	Medium
2022-10-06 0:45:00	2022-10-06	0:45:00	215	39.8	Medium
2022-10-06 1:00:00	2022-10-06	1:00:00	163	43.2	Medium
2022-10-06 1:15:00	2022-10-06	1:15:00	153	46.8	Medium
2022-10-06 1:30:00	2022-10-06	1:30:00	165	45.3	Medium
2022-10-06 1:45:00	2022-10-06	1:45:00	158	46.1	Medium
2022-10-06 2:00:00	2022-10-06	2:00:00	162	46.2	Medium
2022-10-06 2:15:00	2022-10-06	2:15:00	150	47.7	Medium
2022-10-06 2:30:00	2022-10-06	2:30:00	137	47.7	Medium
2022-10-06 2:45:00	2022-10-06	2:45:00	159	50.3	Medium
2022-10-06 3:00:00	2022-10-06	3:00:00	111	48.5	Low
2022-10-06 3:15:00	2022-10-06	3:15:00	97	51.5	Low
2022-10-06 3:30:00	2022-10-06	3:30:00	132	57.9	Medium
2022-10-06 3:45:00	2022-10-06	3:45:00	118	48.1	Low
2022-10-06 4:00:00	2022-10-06	4:00:00	84	51.1	Low
2022-10-06 4:15:00	2022-10-06	4:15:00	97	55.9	Low
2022-10-06 4:30:00	2022-10-06	4:30:00	86	48.7	Low
2022-10-06 4:45:00	2022-10-06	4:45:00	79	55.1	Low
2022-10-06 5:00:00	2022-10-06	5:00:00	123	57.1	Medium
2022-10-06 5:15:00	2022-10-06	5:15:00	138	44.3	Medium
2022-10-06 5:30:00	2022-10-06	5:30:00	89	48.7	Low
2022-10-06 5:45:00	2022-10-06	5:45:00	118	46.7	Low
2022-10-06 6:00:00	2022-10-06	6:00:00	127	52.9	Medium
2022-10-06 6:15:00	2022-10-06	6:15:00	130	53.2	Medium
2022-10-06 6:30:00	2022-10-06	6:30:00	128	48.5	Medium
2022-10-06 6:45:00	2022-10-06	6:45:00	124	52.6	Medium
2022-10-06 7:00:00	2022-10-06	7:00:00	175	48.8	Medium
2022-10-06 7:15:00	2022-10-06	7:15:00	162	51.5	Medium
2022-10-06 7:30:00	2022-10-06	7:30:00	179	43.4	Medium
2022-10-06 7:45:00	2022-10-06	7:45:00	174	37.8	Medium
2022-10-06 8:00:00	2022-10-06	8:00:00	208	38.3	Medium
2022-10-06 8:15:00	2022-10-06	8:15:00	198	40.6	Medium
2022-10-06 8:30:00	2022-10-06	8:30:00	203	40.5	Medium
2022-10-06 8:45:00	2022-10-06	8:45:00	223	38.4	High
2022-10-06 9:00:00	2022-10-06	9:00:00	247	39.5	High
2022-10-06 9:15:00	2022-10-06	9:15:00	225	42.6	High
2022-10-06 9:30:00	2022-10-06	9:30:00	241	36.4	High
2022-10-06 9:45:00	2022-10-06	9:45:00	251	39	High
2022-10-06 10:00:00	2022-10-06	10:00:00	224	39.9	High
2022-10-06 10:15:00	2022-10-06	10:15:00	258	35.1	High
2022-10-06 10:30:00	2022-10-06	10:30:00	240	39.7	High
2022-10-06 10:45:00	2022-10-06	10:45:00	258	35.1	High
2022-10-06 11:00:00	2022-10-06	11:00:00	228	44.6	High
2022-10-06 11:15:00	2022-10-06	11:15:00	212	36	Medium
2022-10-06 11:30:00	2022-10-06	11:30:00	215	38.4	Medium
2022-10-06 11:45:00	2022-10-06	11:45:00	240	36.6	High
2022-10-06 12:00:00	2022-10-06	12:00:00	216	41.1	Medium
2022-10-06 12:15:00	2022-10-06	12:15:00	198	45.7	Medium
2022-10-06 12:30:00	2022-10-06	12:30:00	222	39	High
2022-10-06 12:45:00	2022-10-06	12:45:00	187	38.9	Medium
2022-10-06 13:00:00	2022-10-06	13:00:00	174	47.2	Medium
2022-10-06 13:15:00	2022-10-06	13:15:00	156	49.1	Medium
2022-10-06 13:30:00	2022-10-06	13:30:00	165	39.9	Medium
2022-10-06 13:45:00	2022-10-06	13:45:00	175	44.6	Medium
2022-10-06 14:00:00	2022-10-06	14:00:00	124	45.8	Medium
2022-10-06 14:15:00	2022-10-06	14:15:00	131	47.7	Medium
2022-10-06 14:30:00	2022-10-06	14:30:00	152	44.6	Medium
2022-10-06 14:45:00	2022-10-06	14:45:00	128	52.5	Medium
2022-10-06 15:00:00	2022-10-06	15:00:00	122	51.1	Medium
2022-10-06 15:15:00	2022-10-06	15:15:00	93	50.3	Low
2022-10-06 15:30:00	2022-10-06	15:30:00	117	54	Low
2022-10-06 15:45:00	2022-10-06	15:45:00	131	45.4	Medium
2022-10-06 16:00:00	2022-10-06	16:00:00	62	58.8	Low
2022-10-06 16:15:00	2022-10-06	16:15:00	88	52.3	Low
2022-10-06 16:30:00	2022-10-06	16:30:00	108	51.3	Low
2022-10-06 16:45:00	2022-10-06	16:45:00	96	55.3	Low
2022-10-06 17:00:00	2022-10-06	17:00:00	115	53.1	Low
2022-10-06 17:15:00	2022-10-06	17:15:00	100	57.3	Low
2022-10-06 17:30:00	2022-10-06	17:30:00	111	51.8	Low
2022-10-06 17:45:00	2022-10-06	17:45:00	107	53.4	Low
2022-10-06 18:00:00	2022-10-06	18:00:00	155	45.6	Medium
2022-10-06 18:15:00	2022-10-06	18:15:00	141	49.1	Medium
2022-10-06 18:30:00	2022-10-06	18:30:00	142	49.8	Medium
2022-10-06 18:45:00	2022-10-06	18:45:00	131	49.4	Medium
2022-10-06 19:00:00	2022-10-06	19:00:00	167	40.1	Medium
2022-10-06 19:15:00	2022-10-06	19:15:00	168	46.4	Medium
2022-10-06 19:30:00	2022-10-06	19:30:00	180	45.1	Medium
2022-10-06 19:45:00	2022-10-06	19:45:00	168	43.4	Medium
2022-10-06 20:00:00	2022-10-06	20:00:00	216	35.9	Medium
2022-10-06 20:15:00	2022-10-06	20:15:00	243	41.1	High
2022-10-06 20:30:00	2022-10-06	20:30:00	225	40.2	High
2022-10-06 20:45:00	2022-10-06	20:45:00	207	40.2	Medium
2022-10-06 21:00:00	2022-10-06	21:00:00	257	31.6	High
2022-10-06 21:15:00	2022-10-06	21:15:00	233	35.4	High
2022-10-06 21:30:00	2022-10-06	21:30:00	209	44.5	Medium
2022-10-06 21:45:00	2022-10-06	21:45:00	224	39.3	High
2022-10-06 22:00:00	2022-10-06	22:00:00	221	37.6	High
2022-10-06 22:15:00	2022-10-06	22:15:00	244	38.1	High
2022-10-06 22:30:00	2022-10-06	22:30:00	250	33.4	High
2022-10-06 22:45:00	2022-10-06	22:45:00	275	37.4	High
2022-10-06 23:00:00	2022-10-06	23:00:00	244	40.6	High
2022-10-06 23:15:00	2022-10-06	23:15:00	236	36.1	High
2022-10-06 23:30:00	2022-10-06	23:30:00	252	33.7	High
2022-10-06 23:45:00	2022-10-06	23:45:00	206	33.1	Medium
2022-10-07 0:00:00	2022-10-07	0:00:00	216	35.4	Medium
2022-10-07 0:15:00	2022-10-07	0:15:00	224	34.8	High
2022-10-07 0:30:00	2022-10-07	0:30:00	190	43.2	Medium
2022-10-07 0:45:00	2022-10-07	0:45:00	229	37.3	High
2022-10-07 1:00:00	2022-10-07	1:00:00	180	40	Medium
2022-10-07 1:15:00	2022-10-07	1:15:00	168	44.6	Medium
2022-10-07 1:30:00	2022-10-07	1:30:00	184	45	Medium
2022-10-07 1:45:00	2022-10-07	1:45:00	209	42.2	Medium
2022-10-07 2:00:00	2022-10-07	2:00:00	140	43	Medium
2022-10-07 2:15:00	2022-10-07	2:15:00	141	48.2	Medium
2022-10-07 2:30:00	2022-10-07	2:30:00	130	45.7	Medium
2022-10-07 2:45:00	2022-10-07	2:45:00	124	53.2	Medium
2022-10-07 3:00:00	2022-10-07	3:00:00	122	53.1	Medium
2022-10-07 3:15:00	2022-10-07	3:15:00	97	51	Low
2022-10-07 3:30:00	2022-10-07	3:30:00	111	49.8	Low
2022-10-07 3:45:00	2022-10-07	3:45:00	102	51.7	Low
2022-10-07 4:00:00	2022-10-07	4:00:00	107	45.8	Low
2022-10-07 4:15:00	2022-10-07	4:15:00	105	53.8	Low
2022-10-07 4:30:00	2022-10-07	4:30:00	115	50.8	Low
2022-10-07 4:45:00	2022-10-07	4:45:00	92	57.2	Low
2022-10-07 5:00:00	2022-10-07	5:00:00	105	49.5	Low
2022-10-07 5:15:00	2022-10-07	5:15:00	95	52.1	Low
2022-10-07 5:30:00	2022-10-07	5:30:00	103	48.5	Low
2022-10-07 5:45:00	2022-10-07	5:45:00	115	48.6	Low
2022-10-07 6:00:00	2022-10-07	6:00:00	148	44.2	Medium
2022-10-07 6:15:00	2022-10-07	6:15:00	123	53.6	Medium
2022-10-07 6:30:00	2022-10-07	6:30:00	150	45.4	Medium
2022-10-07 6:45:00	2022-10-07	6:45:00	157	47.1	Medium
2022-10-07 7:00:00	2022-10-07	7:00:00	181	42.7	Medium
2022-10-07 7:15:00	2022-10-07	7:15:00	203	37.5	Medium
2022-10-07 7:30:00	2022-10-07	7:30:00	163	45.5	Medium
2022-10-07 7:45:00	2022-10-07	7:45:00	156	48.6	Medium
2022-10-07 8:00:00	2022-10-07	8:00:00	185	39.8	Medium
2022-10-07 8:15:00	2022-10-07	8:15:00	234	40.1	High
2022-10-07 8:30:00	2022-10-07	8:30:00	222	36.6	High
2022-10-07 8:45:00	2022-10-07	8:45:00	211	38.9	Medium
2022-10-07 9:00:00	2022-10-07	9:00:00	244	38.1	High
2022-10-07 9:15:00	2022-10-07	9:15:00	223	37	High
2022-10-07 9:30:00	2022-10-07	9:30:00	276	32.9	High
2022-10-07 9:45:00	2022-10-07	9:45:00	241	35.9	High
2022-10-07 10:00:00	2022-10-07	10:00:00	251	36.1	High
2022-10-07 10:15:00	2022-10-07	10:15:00	260	27.5	High
2022-10-07 10:30:00	2022-10-07	10:30:00	257	29.5	High
2022-10-07 10:45:00	2022-10-07	10:45:00	253	37.3	High
2022-10-07 11:00:00	2022-10-07	11:00:00	228	41.5	High
2022-10-07 11:15:00	2022-10-07	11:15:00	247	33.5	High
2022-10-07 11:30:00	2022-10-07	11:30:00	268	33	High
2022-10-07 11:45:00	2022-10-07	11:45:00	260	35.6	High
2022-10-07 12:00:00	2022-10-07	12:00:00	236	39.5	High
2022-10-07 12:15:00	2022-10-07	12:15:00	204	35.1	Medium
2022-10-07 12:30:00	2022-10-07	12:30:00	197	39.4	Medium
2022-10-07 12:45:00	2022-10-07	12:45:00	210	39.5	Medium
2022-10-07 13:00:00	2022-10-07	13:00:00	175	46.7	Medium
2022-10-07 13:15:00	2022-10-07	13:15:00	191	50.2	Medium
2022-10-07 13:30:00	2022-10-07	13:30:00	149	46.9	Medium
2022-10-07 13:45:00	2022-10-07	13:45:00	197	37.8	Medium
2022-10-07 14:00:00	2022-10-07	14:00:00	135	50.5	Medium
2022-10-07 14:15:00	2022-10-07	14:15:00	131	53.7	Medium
2022-10-07 14:30:00	2022-10-07	14:30:00	122	51.1	Medium
2022-10-07 14:45:00	2022-10-07	14:45:00	112	49.2	Low
2022-10-07 15:00:00	2022-10-07	15:00:00	122	53.6	Medium
2022-10-07 15:15:00	2022-10-07	15:15:00	111	54	Low
2022-10-07 15:30:00	2022-10-07	15:30:00	90	51.4	Low
2022-10-07 15:45:00	2022-10-07	15:45:00	90	55.6	Low
2022-10-07 16:00:00	2022-10-07	16:00:00	94	57	Low
2022-10-07 16:15:00	2022-10-07	16:15:00	125	54	Medium
2022-10-07 16:30:00	2022-10-07	16:30:00	96	53.6	Low
2022-10-07 16:45:00	2022-10-07	16:45:00	77	54.9	Low
2022-10-07 17:00:00	2022-10-07	17:00:00	106	56.3	Low
2022-10-07 17:15:00	2022-10-07	17:15:00	105	49.1	Low
2022-10-07 17:30:00	2022-10-07	17:30:00	69	58.3	Low
2022-10-07 17:45:00	2022-10-07	17:45:00	109	48.2	Low
2022-10-07 18:00:00	2022-10-07	18:00:00	134	52.6	Medium
2022-10-07 18:15:00	2022-10-07	18:15:00	147	47.1	Medium
2022-10-07 18:30:00	2022-10-07	18:30:00	165	49.6	Medium
2022-10-07 18:45:00	2022-10-07	18:45:00	154	48.5	Medium
2022-10-07 19:00:00	2022-10-07	19:00:00	170	41.5	Medium
2022-10-07 19:15:00	2022-10-07	19:15:00	158	50.8	Medium
2022-10-07 19:30:00	2022-10-07	19:30:00	213	44.8	Medium
2022-10-07 19:45:00	2022-10-07	19:45:00	175	47.2	Medium
2022-10-07 20:00:00	2022-10-07	20:00:00	212	38	Medium
2022-10-07 20:15:00	2022-10-07	20:15:00	212	39.3	Medium
2022-10-07 20:30:00	2022-10-07	20:30:00	215	40.4	Medium
2022-10-07 20:45:00	2022-10-07	20:45:00	210	38.4	Medium
2022-10-07 21:00:00	2022-10-07	21:00:00	231	43.1	High
2022-10-07 21:15:00	2022-10-07	21:15:00	231	38.5	High
2022-10-07 21:30:00	2022-10-07	21:30:00	239	29	High
2022-10-07 21:45:00	2022-10-07	21:45:00	231	39.1	High
2022-10-07 22:00:00	2022-10-07	22:00:00	239	36.1	High
2022-10-07 22:15:00	2022-10-07	22:15:00	251	35.5	High
2022-10-07 22:30:00	2022-10-07	22:30:00	246	35.2	High
2022-10-07 22:45:00	2022-10-07	22:45:00	272	35.7	High
2022-10-07 23:00:00	2022-10-07	23:00:00	200	45	Medium
2022-10-07 23:15:00	2022-10-07	23:15:00	256	36	High
2022-10-07 23:30:00	2022-10-07	23:30:00	258	33.9	High
2022-10-07 23:45:00	2022-10-07	23:45:00	208	40.6	Medium
2022-10-08 0:00:00	2022-10-08	0:00:00	122	50.8	Medium
2022-10-08 0:15:00	2022-10-08	0:15:00	121	48.5	Medium
2022-10-08 0:30:00	2022-10-08	0:30:00	106	54.4	Low
2022-10-08 0:45:00	2022-10-08	0:45:00	115	53	Low
2022-10-08 1:00:00	2022-10-08	1:00:00	88	59.4	Low
2022-10-08 1:15:00	2022-10-08	1:15:00	131	53.5	Medium
2022-10-08 1:30:00	2022-10-08	1:30:00	119	49.1	Low
2022-10-08 1:45:00	2022-10-08	1:45:00	124	53	Medium
2022-10-08 2:00:00	2022-10-08	2:00:00	93	51.3	Low
2022-10-08 2:15:00	2022-10-08	2:15:00	65	59.5	Low
2022-10-08 2:30:00	2022-10-08	2:30:00	74	54.8	Low
2022-10-08 2:45:00	2022-10-08	2:45:00	89	51.5	Low
2022-10-08 3:00:00	2022-10-08	3:00:00	47	60.4	Low
2022-10-08 3:15:00	2022-10-08	3:15:00	76	48.1	Low
2022-10-08 3:30:00	2022-10-08	3:30:00	62	52.5	Low
2022-10-08 3:45:00	2022-10-08	3:45:00	60	57.5	Low
2022-10-08 4:00:00	2022-10-08	4:00:00	70	57.1	Low
2022-10-08 4:15:00	2022-10-08	4:15:00	66	56.2	Low
2022-10-08 4:30:00	2022-10-08	4:30:00	54	54	Low
2022-10-08 4:45:00	2022-10-08	4:45:00	77	53.6	Low
2022-10-08 5:00:00	2022-10-08	5:00:00	49	60.5	Low
2022-10-08 5:15:00	2022-10-08	5:15:00	75	58	Low
2022-10-08 5:30:00	2022-10-08	5:30:00	74	56.3	Low
2022-10-08 5:45:00	2022-10-08	5:45:00	61	61.4	Low
2022-10-08 6:00:00	2022-10-08	6:00:00	87	56	Low
2022-10-08 6:15:00	2022-10-08	6:15:00	63	55.4	Low
2022-10-08 6:30:00	2022-10-08	6:30:00	96	53	Low
2022-10-08 6:45:00	2022-10-08	6:45:00	79	51.6	Low
2022-10-08 7:00:00	2022-10-08	7:00:00	97	53.4	Low
2022-10-08 7:15:00	2022-10-08	7:15:00	120	54.3	Medium
2022-10-08 7:30:00	2022-10-08	7:30:00	94	56.1	Low
2022-10-08 7:45:00	2022-10-08	7:45:00	83	59.5	Low
2022-10-08 8:00:00	2022-10-08	8:00:00	104	52	Low
2022-10-08 8:15:00	2022-10-08	8:15:00	136	53.2	Medium
2022-10-08 8:30:00	2022-10-08	8:30:00	108	51.8	Low
2022-10-08 8:45:00	2022-10-08	8:45:00	153	51.6	Medium
2022-10-08 9:00:00	2022-10-08	9:00:00	112	51.9	Low
2022-10-08 9:15:00	2022-10-08	9:15:00	169	47.4	Medium
2022-10-08 9:30:00	2022-10-08	9:30:00	147	52.3	Medium
2022-10-08 9:45:00	2022-10-08	9:45:00	142	47.9	Medium
2022-10-08 10:00:00	2022-10-08	10:00:00	141	49.2	Medium
2022-10-08 10:15:00	2022-10-08	10:15:00	155	50.8	Medium
2022-10-08 10:30:00	2022-10-08	10:30:00	149	47.2	Medium
2022-10-08 10:45:00	2022-10-08	10:45:00	166	41.7	Medium
2022-10-08 11:00:00	2022-10-08	11:00:00	145	54.5	Medium
2022-10-08 11:15:00	2022-10-08	11:15:00	146	46.6	Medium
2022-10-08 11:30:00	2022-10-08	11:30:00	138	49.4	Medium
2022-10-08 11:45:00	2022-10-08	11:45:00	143	51.8	Medium
2022-10-08 12:00:00	2022-10-08	12:00:00	132	47.8	Medium
2022-10-08 12:15:00	2022-10-08	12:15:00	101	50.2	Low
2022-10-08 12:30:00	2022-10-08	12:30:00	107	53.3	Low
2022-10-08 12:45:00	2022-10-08	12:45:00	138	43.5	Medium
2022-10-08 13:00:00	2022-10-08	13:00:00	107	51.7	Low
2022-10-08 13:15:00	2022-10-08	13:15:00	102	53.8	Low
2022-10-08 13:30:00	2022-10-08	13:30:00	105	51.9	Low
2022-10-08 13:45:00	2022-10-08	13:45:00	110	47.5	Low
2022-10-08 14:00:00	2022-10-08	14:00:00	74	61.1	Low
2022-10-08 14:15:00	2022-10-08	14:15:00	70	57.1	Low
2022-10-08 14:30:00	2022-10-08	14:30:00	85	59.4	Low
2022-10-08 14:45:00	2022-10-08	14:45:00	67	56.4	Low
2022-10-08 15:00:00	2022-10-08	15:00:00	72	54	Low
2022-10-08 15:15:00	2022-10-08	15:15:00	40	61.1	Low
2022-10-08 15:30:00	2022-10-08	15:30:00	81	54.9	Low
2022-10-08 15:45:00	2022-10-08	15:45:00	73	53	Low
2022-10-08 16:00:00	2022-10-08	16:00:00	63	62.1	Low
2022-10-08 16:15:00	2022-10-08	16:15:00	74	54.5	Low
2022-10-08 16:30:00	2022-10-08	16:30:00	84	49.7	Low
2022-10-08 16:45:00	2022-10-08	16:45:00	75	60.2	Low
2022-10-08 17:00:00	2022-10-08	17:00:00	38	59.1	Low
2022-10-08 17:15:00	2022-10-08	17:15:00	46	57.8	Low
2022-10-08 17:30:00	2022-10-08	17:30:00	56	53.2	Low
2022-10-08 17:45:00	2022-10-08	17:45:00	66	62.5	Low
2022-10-08 18:00:00	2022-10-08	18:00:00	90	50.6	Low
2022-10-08 18:15:00	2022-10-08	18:15:00	71	56.9	Low
2022-10-08 18:30:00	2022-10-08	18:30:00	85	57.8	Low
2022-10-08 18:45:00	2022-10-08	18:45:00	71	58	Low
2022-10-08 19:00:00	2022-10-08	19:00:00	95	53.7	Low
2022-10-08 19:15:00	2022-10-08	19:15:00	83	50.2	Low
2022-10-08 19:30:00	2022-10-08	19:30:00	91	52	Low
2022-10-08 19:45:00	2022-10-08	19:45:00	84	55.8	Low
2022-10-08 20:00:00	2022-10-08	20:00:00	112	49.6	Low
2022-10-08 20:15:00	2022-10-08	20:15:00	143	48.9	Medium
2022-10-08 20:30:00	2022-10-08	20:30:00	113	53.9	Low
2022-10-08 20:45:00	2022-10-08	20:45:00	166	48.5	Medium
2022-10-08 21:00:00	2022-10-08	21:00:00	151	43.7	Medium
2022-10-08 21:15:00	2022-10-08	21:15:00	146	54.6	Medium
2022-10-08 21:30:00	2022-10-08	21:30:00	131	52	Medium
2022-10-08 21:45:00	2022-10-08	21:45:00	154	47	Medium
2022-10-08 22:00:00	2022-10-08	22:00:00	141	51.8	Medium
2022-10-08 22:15:00	2022-10-08	22:15:00	151	54.5	Medium
2022-10-08 22:30:00	2022-10-08	22:30:00	188	38.8	Medium
2022-10-08 22:45:00	2022-10-08	22:45:00	148	47.1	Medium
2022-10-08 23:00:00	2022-10-08	23:00:00	161	39.1	Medium
2022-10-08 23:15:00	2022-10-08	23:15:00	133	50.1	Medium
2022-10-08 23:30:00	2022-10-08	23:30:00	143	49.4	Medium
2022-10-08 23:45:00	2022-10-08	23:45:00	170	45	Medium
2022-10-09 0:00:00	2022-10-09	0:00:00	118	49.3	Low
2022-10-09 0:15:00	2022-10-09	0:15:00	154	40.9	Medium
2022-10-09 0:30:00	2022-10-09	0:30:00	138	50	Medium
2022-10-09 0:45:00	2022-10-09	0:45:00	119	55.5	Low
2022-10-09 1:00:00	2022-10-09	1:00:00	114	49.9	Low
2022-10-09 1:15:00	2022-10-09	1:15:00	119	52.4	Low
2022-10-09 1:30:00	2022-10-09	1:30:00	114	47	Low
2022-10-09 1:45:00	2022-10-09	1:45:00	81	56.9	Low
2022-10-09 2:00:00	2022-10-09	2:00:00	71	55.5	Low
2022-10-09 2:15:00	2022-10-09	2:15:00	78	53.6	Low
2022-10-09 2:30:00	2022-10-09	2:30:00	81	53.3	Low
2022-10-09 2:45:00	2022-10-09	2:45:00	91	53.2	Low
2022-10-09 3:00:00	2022-10-09	3:00:00	68	58.2	Low
2022-10-09 3:15:00	2022-10-09	3:15:00	45	55.8	Low
2022-10-09 3:30:00	2022-10-09	3:30:00	71	55.5	Low
2022-10-09 3:45:00	2022-10-09	3:45:00	75	56.1	Low
2022-10-09 4:00:00	2022-10-09	4:00:00	68	53.8	Low
2022-10-09 4:15:00	2022-10-09	4:15:00	76	61.5	Low
2022-10-09 4:30:00	2022-10-09	4:30:00	72	54	Low
2022-10-09 4:45:00	2022-10-09	4:45:00	66	55.3	Low
2022-10-09 5:00:00	2022-10-09	5:00:00	64	54.6	Low
2022-10-09 5:15:00	2022-10-09	5:15:00	41	65.6	Low
2022-10-09 5:30:00	2022-10-09	5:30:00	72	58.3	Low
2022-10-09 5:45:00	2022-10-09	5:45:00	69	54.1	Low
2022-10-09 6:00:00	2022-10-09	6:00:00	86	58.3	Low
2022-10-09 6:15:00	2022-10-09	6:15:00	63	58.3	Low
2022-10-09 6:30:00	2022-10-09	6:30:00	66	58.1	Low
2022-10-09 6:45:00	2022-10-09	6:45:00	98	52.5	Low
2022-10-09 7:00:00	2022-10-09	7:00:00	104	50.6	Low
2022-10-09 7:15:00	2022-10-09	7:15:00	115	52.6	Low
2022-10-09 7:30:00	2022-10-09	7:30:00	105	51.1	Low
2022-10-09 7:45:00	2022-10-09	7:45:00	105	58.2	Low
2022-10-09 8:00:00	2022-10-09	8:00:00	141	44.7	Medium
2022-10-09 8:15:00	2022-10-09	8:15:00	119	55.7	Low
2022-10-09 8:30:00	2022-10-09	8:30:00	128	49.7	Medium
2022-10-09 8:45:00	2022-10-09	8:45:00	120	51.9	Medium
2022-10-09 9:00:00	2022-10-09	9:00:00	137	51.5	Medium
2022-10-09 9:15:00	2022-10-09	9:15:00	139	46.9	Medium
2022-10-09 9:30:00	2022-10-09	9:30:00	147	50.4	Medium
2022-10-09 9:45:00	2022-10-09	9:45:00	136	41	Medium
2022-10-09 10:00:00	2022-10-09	10:00:00	168	43.2	Medium
2022-10-09 10:15:00	2022-10-09	10:15:00	136	46.4	Medium
2022-10-09 10:30:00	2022-10-09	10:30:00	147	44.1	Medium
2022-10-09 10:45:00	2022-10-09	10:45:00	143	47.7	Medium
2022-10-09 11:00:00	2022-10-09	11:00:00	165	46.9	Medium
2022-10-09 11:15:00	2022-10-09	11:15:00	146	50.1	Medium
2022-10-09 11:30:00	2022-10-09	11:30:00	159	47.2	Medium
2022-10-09 11:45:00	2022-10-09	11:45:00	121	48.9	Medium
2022-10-09 12:00:00	2022-10-09	12:00:00	131	50.8	Medium
2022-10-09 12:15:00	2022-10-09	12:15:00	140	49	Medium
2022-10-09 12:30:00	2022-10-09	12:30:00	128	52.9	Medium
2022-10-09 12:45:00	2022-10-09	12:45:00	143	50.6	Medium
2022-10-09 13:00:00	2022-10-09	13:00:00	97	53.8	Low
2022-10-09 13:15:00	2022-10-09	13:15:00	126	47.6	Medium
2022-10-09 13:30:00	2022-10-09	13:30:00	139	46.8	Medium
2022-10-09 13:45:00	2022-10-09	13:45:00	99	51.8	Low
2022-10-09 14:00:00	2022-10-09	14:00:00	75	55.3	Low
2022-10-09 14:15:00	2022-10-09	14:15:00	104	53.7	Low
2022-10-09 14:30:00	2022-10-09	14:30:00	106	54.8	Low
2022-10-09 14:45:00	2022-10-09	14:45:00	74	56.2	Low
2022-10-09 15:00:00	2022-10-09	15:00:00	59	58.2	Low
2022-10-09 15:15:00	2022-10-09	15:15:00	61	58.3	Low
2022-10-09 15:30:00	2022-10-09	15:30:00	45	58.2	Low
2022-10-09 15:45:00	2022-10-09	15:45:00	52	56.2	Low
2022-10-09 16:00:00	2022-10-09	16:00:00	44	54.6	Low
2022-10-09 16:15:00	2022-10-09	16:15:00	48	57.3	Low
2022-10-09 16:30:00	2022-10-09	16:30:00	59	59.5	Low
2022-10-09 16:45:00	2022-10-09	16:45:00	63	55.5	Low
2022-10-09 17:00:00	2022-10-09	17:00:00	89	53.9	Low
2022-10-09 17:15:00	2022-10-09	17:15:00	51	60.4	Low
2022-10-09 17:30:00	2022-10-09	17:30:00	80	57.2	Low
2022-10-09 17:45:00	2022-10-09	17:45:00	62	54.5	Low
2022-10-09 18:00:00	2022-10-09	18:00:00	81	58.5	Low
2022-10-09 18:15:00	2022-10-09	18:15:00	92	57.6	Low
2022-10-09 18:30:00	2022-10-09	18:30:00	65	54	Low
2022-10-09 18:45:00	2022-10-09	18:45:00	88	52.3	Low
2022-10-09 19:00:00	2022-10-09	19:00:00	107	56.1	Low
2022-10-09 19:15:00	2022-10-09	19:15:00	112	51.5	Low
2022-10-09 19:30:00	2022-10-09	19:30:00	109	45.6	Low
2022-10-09 19:45:00	2022-10-09	19:45:00	141	44.4	Medium
2022-10-09 20:00:00	2022-10-09	20:00:00	117	50.6	Low
2022-10-09 20:15:00	2022-10-09	20:15:00	119	47.6	Low
2022-10-09 20:30:00	2022-10-09	20:30:00	118	50	Low
2022-10-09 20:45:00	2022-10-09	20:45:00	119	51.2	Low
2022-10-09 21:00:00	2022-10-09	21:00:00	134	53.8	Medium
2022-10-09 21:15:00	2022-10-09	21:15:00	161	45.3	Medium
2022-10-09 21:30:00	2022-10-09	21:30:00	165	49	Medium
2022-10-09 21:45:00	2022-10-09	21:45:00	135	53.5	Medium
2022-10-09 22:00:00	2022-10-09	22:00:00	137	53.3	Medium
2022-10-09 22:15:00	2022-10-09	22:15:00	157	47.5	Medium
2022-10-09 22:30:00	2022-10-09	22:30:00	141	42.7	Medium
2022-10-09 22:45:00	2022-10-09	22:45:00	159	47.8	Medium
2022-10-09 23:00:00	2022-10-09	23:00:00	147	51	Medium
2022-10-09 23:15:00	2022-10-09	23:15:00	121	50.6	Medium
2022-10-09 23:30:00	2022-10-09	23:30:00	167	50.8	Medium
2022-10-09 23:45:00	2022-10-09	23:45:00	170	47.7	Medium
2022-10-10 0:00:00	2022-10-10	0:00:00	203	43	Medium
2022-10-10 0:15:00	2022-10-10	0:15:00	206	44.2	Medium
2022-10-10 0:30:00	2022-10-10	0:30:00	216	40.8	Medium
2022-10-10 0:45:00	2022-10-10	0:45:00	217	32.2	Medium
2022-10-10 1:00:00	2022-10-10	1:00:00	184	42	Medium
2022-10-10 1:15:00	2022-10-10	1:15:00	205	44.7	Medium
2022-10-10 1:30:00	2022-10-10	1:30:00	172	42.5	Medium
2022-10-10 1:45:00	2022-10-10	1:45:00	163	45.3	Medium
2022-10-10 2:00:00	2022-10-10	2:00:00	116	48.3	Low
2022-10-10 2:15:00	2022-10-10	2:15:00	126	55.7	Medium
2022-10-10 2:30:00	2022-10-10	2:30:00	137	54.1	Medium
2022-10-10 2:45:00	2022-10-10	2:45:00	164	43.2	Medium
2022-10-10 3:00:00	2022-10-10	3:00:00	102	53.5	Low
2022-10-10 3:15:00	2022-10-10	3:15:00	113	49.8	Low
2022-10-10 3:30:00	2022-10-10	3:30:00	109	54.1	Low
2022-10-10 3:45:00	2022-10-10	3:45:00	127	51.7	Medium
2022-10-10 4:00:00	2022-10-10	4:00:00	137	51.5	Medium
2022-10-10 4:15:00	2022-10-10	4:15:00	92	55.3	Low
2022-10-10 4:30:00	2022-10-10	4:30:00	92	63.1	Low
2022-10-10 4:45:00	2022-10-10	4:45:00	115	48.5	Low
2022-10-10 5:00:00	2022-10-10	5:00:00	120	45.9	Medium
2022-10-10 5:15:00	2022-10-10	5:15:00	137	47.8	Medium
2022-10-10 5:30:00	2022-10-10	5:30:00	118	46.5	Low
2022-10-10 5:45:00	2022-10-10	5:45:00	104	48.4	Low
2022-10-10 6:00:00	2022-10-10	6:00:00	146	45	Medium
2022-10-10 6:15:00	2022-10-10	6:15:00	154	44.3	Medium
2022-10-10 6:30:00	2022-10-10	6:30:00	149	44.8	Medium
2022-10-10 6:45:00	2022-10-10	6:45:00	145	49.6	Medium
2022-10-10 7:00:00	2022-10-10	7:00:00	191	41.2	Medium
2022-10-10 7:15:00	2022-10-10	7:15:00	192	42.1	Medium
2022-10-10 7:30:00	2022-10-10	7:30:00	195	44.9	Medium
2022-10-10 7:45:00	2022-10-10	7:45:00	184	41.2	Medium
2022-10-10 8:00:00	2022-10-10	8:00:00	209	39.8	Medium
2022-10-10 8:15:00	2022-10-10	8:15:00	214	41.1	Medium
2022-10-10 8:30:00	2022-10-10	8:30:00	230	32.3	High
2022-10-10 8:45:00	2022-10-10	8:45:00	200	34.5	Medium
2022-10-10 9:00:00	2022-10-10	9:00:00	245	37.5	High
2022-10-10 9:15:00	2022-10-10	9:15:00	234	39.2	High
2022-10-10 9:30:00	2022-10-10	9:30:00	240	43.2	High
2022-10-10 9:45:00	2022-10-10	9:45:00	259	35.3	High
2022-10-10 10:00:00	2022-10-10	10:00:00	252	38.1	High
2022-10-10 10:15:00	2022-10-10	10:15:00	250	35.2	High
2022-10-10 10:30:00	2022-10-10	10:30:00	229	39.2	High
2022-10-10 10:45:00	2022-10-10	10:45:00	261	39.6	High
2022-10-10 11:00:00	2022-10-10	11:00:00	249	29.6	High
2022-10-10 11:15:00	2022-10-10	11:15:00	272	34.5	High
2022-10-10 11:30:00	2022-10-10	11:30:00	235	44	High
2022-10-10 11:45:00	2022-10-10	11:45:00	243	37.5	High
2022-10-10 12:00:00	2022-10-10	12:00:00	216	44.8	Medium
2022-10-10 12:15:00	2022-10-10	12:15:00	236	35.6	High
2022-10-10 12:30:00	2022-10-10	12:30:00	211	40.3	Medium
2022-10-10 12:45:00	2022-10-10	12:45:00	216	39.9	Medium
2022-10-10 13:00:00	2022-10-10	13:00:00	184	36.9	Medium
2022-10-10 13:15:00	2022-10-10	13:15:00	177	40.8	Medium
2022-10-10 13:30:00	2022-10-10	13:30:00	168	42.1	Medium
2022-10-10 13:45:00	2022-10-10	13:45:00	177	46.8	Medium
2022-10-10 14:00:00	2022-10-10	14:00:00	153	49.8	Medium
2022-10-10 14:15:00	2022-10-10	14:15:00	122	51.7	Medium
2022-10-10 14:30:00	2022-10-10	14:30:00	139	51.3	Medium
2022-10-10 14:45:00	2022-10-10	14:45:00	126	49.8	Medium
2022-10-10 15:00:00	2022-10-10	15:00:00	127	53.8	Medium
2022-10-10 15:15:00	2022-10-10	15:15:00	87	54.9	Low
2022-10-10 15:30:00	2022-10-10	15:30:00	101	53.4	Low
2022-10-10 15:45:00	2022-10-10	15:45:00	115	50.8	Low
2022-10-10 16:00:00	2022-10-10	16:00:00	123	52.7	Medium
2022-10-10 16:15:00	2022-10-10	16:15:00	99	52.2	Low
2022-10-10 16:30:00	2022-10-10	16:30:00	91	57.3	Low
2022-10-10 16:45:00	2022-10-10	16:45:00	128	46.7	Medium
2022-10-10 17:00:00	2022-10-10	17:00:00	88	51.4	Low
2022-10-10 17:15:00	2022-10-10	17:15:00	77	58.1	Low
2022-10-10 17:30:00	2022-10-10	17:30:00	116	51.2	Low
2022-10-10 17:45:00	2022-10-10	17:45:00	102	51.7	Low
2022-10-10 18:00:00	2022-10-10	18:00:00	122	53.4	Medium
2022-10-10 18:15:00	2022-10-10	18:15:00	148	45.9	Medium
2022-10-10 18:30:00	2022-10-10	18:30:00	141	47.9	Medium
2022-10-10 18:45:00	2022-10-10	18:45:00	129	54.1	Medium
2022-10-10 19:00:00	2022-10-10	19:00:00	155	51.5	Medium
2022-10-10 19:15:00	2022-10-10	19:15:00	188	47.8	Medium
2022-10-10 19:30:00	2022-10-10	19:30:00	184	42.7	Medium
2022-10-10 19:45:00	2022-10-10	19:45:00	173	48.5	Medium
2022-10-10 20:00:00	2022-10-10	20:00:00	240	34.2	High
2022-10-10 20:15:00	2022-10-10	20:15:00	196	39.4	Medium
2022-10-10 20:30:00	2022-10-10	20:30:00	189	35.9	Medium
2022-10-10 20:45:00	2022-10-10	20:45:00	202	46.5	Medium
2022-10-10 21:00:00	2022-10-10	21:00:00	239	34.5	High
2022-10-10 21:15:00	2022-10-10	21:15:00	243	36.3	High
2022-10-10 21:30:00	2022-10-10	21:30:00	236	34.7	High
2022-10-10 21:45:00	2022-10-10	21:45:00	245	38.5	High
2022-10-10 22:00:00	2022-10-10	22:00:00	231	36.9	High
2022-10-10 22:15:00	2022-10-10	22:15:00	271	29.5	High
2022-10-10 22:30:00	2022-10-10	22:30:00	248	37.4	High
2022-10-10 22:45:00	2022-10-10	22:45:00	266	29.7	High
2022-10-10 23:00:00	2022-10-10	23:00:00	245	33.9	High
2022-10-10 23:15:00	2022-10-10	23:15:00	246	30	High
2022-10-10 23:30:00	2022-10-10	23:30:00	248	31.8	High
2022-10-10 23:45:00	2022-10-10	23:45:00	246	36.8	High
2022-10-11 0:00:00	2022-10-11	0:00:00	222	33.2	High
2022-10-11 0:15:00	2022-10-11	0:15:00	232	33.5	High
2022-10-11 0:30:00	2022-10-11	0:30:00	215	39.9	Medium
2022-10-11 0:45:00	2022-10-11	0:45:00	223	37.4	High
2022-10-11 1:00:00	2022-10-11	1:00:00	173	50.8	Medium
2022-10-11 1:15:00	2022-10-11	1:15:00	196	47.6	Medium
2022-10-11 1:30:00	2022-10-11	1:30:00	164	43.3	Medium
2022-10-11 1:45:00	2022-10-11	1:45:00	202	43.1	Medium
2022-10-11 2:00:00	2022-10-11	2:00:00	136	51.4	Medium
2022-10-11 2:15:00	2022-10-11	2:15:00	116	49.7	Low
2022-10-11 2:30:00	2022-10-11	2:30:00	139	44.3	Medium
2022-10-11 2:45:00	2022-10-11	2:45:00	127	50.1	Medium
2022-10-11 3:00:00	2022-10-11	3:00:00	122	50.2	Medium
2022-10-11 3:15:00	2022-10-11	3:15:00	100	52	Low
2022-10-11 3:30:00	2022-10-11	3:30:00	103	54.3	Low
2022-10-11 3:45:00	2022-10-11	3:45:00	81	53.3	Low
2022-10-11 4:00:00	2022-10-11	4:00:00	93	50.7	Low
2022-10-11 4:15:00	2022-10-11	4:15:00	63	58	Low
2022-10-11 4:30:00	2022-10-11	4:30:00	76	57.3	Low
2022-10-11 4:45:00	2022-10-11	4:45:00	111	48.5	Low
2022-10-11 5:00:00	2022-10-11	5:00:00	121	53.7	Medium
2022-10-11 5:15:00	2022-10-11	5:15:00	116	46.2	Low
2022-10-11 5:30:00	2022-10-11	5:30:00	95	52.2	Low
2022-10-11 5:45:00	2022-10-11	5:45:00	109	51.5	Low
2022-10-11 6:00:00	2022-10-11	6:00:00	137	47.1	Medium
2022-10-11 6:15:00	2022-10-11	6:15:00	120	49.3	Medium
2022-10-11 6:30:00	2022-10-11	6:30:00	160	51.9	Medium
2022-10-11 6:45:00	2022-10-11	6:45:00	150	44.9	Medium
2022-10-11 7:00:00	2022-10-11	7:00:00	171	52.4	Medium
2022-10-11 7:15:00	2022-10-11	7:15:00	175	45.9	Medium
2022-10-11 7:30:00	2022-10-11	7:30:00	178	44.5	Medium
2022-10-11 7:45:00	2022-10-11	7:45:00	144	49.6	Medium
2022-10-11 8:00:00	2022-10-11	8:00:00	208	48.3	Medium
2022-10-11 8:15:00	2022-10-11	8:15:00	202	38.5	Medium
2022-10-11 8:30:00	2022-10-11	8:30:00	197	38.7	Medium
2022-10-11 8:45:00	2022-10-11	8:45:00	208	38.5	Medium
2022-10-11 9:00:00	2022-10-11	9:00:00	266	34.1	High
2022-10-11 9:15:00	2022-10-11	9:15:00	249	30.8	High
2022-10-11 9:30:00	2022-10-11	9:30:00	231	38.1	High
2022-10-11 9:45:00	2022-10-11	9:45:00	248	41.1	High
2022-10-11 10:00:00	2022-10-11	10:00:00	270	34	High
2022-10-11 10:15:00	2022-10-11	10:15:00	263	33.4	High
2022-10-11 10:30:00	2022-10-11	10:30:00	250	34	High
2022-10-11 10:45:00	2022-10-11	10:45:00	240	39.7	High
2022-10-11 11:00:00	2022-10-11	11:00:00	250	33.4	High
2022-10-11 11:15:00	2022-10-11	11:15:00	245	42	High
2022-10-11 11:30:00	2022-10-11	11:30:00	253	41.3	High
2022-10-11 11:45:00	2022-10-11	11:45:00	249	36.7	High
2022-10-11 12:00:00	2022-10-11	12:00:00	228	38.4	High
2022-10-11 12:15:00	2022-10-11	12:15:00	204	44.3	Medium
2022-10-11 12:30:00	2022-10-11	12:30:00	232	41.2	High
2022-10-11 12:45:00	2022-10-11	12:45:00	215	37.5	Medium
2022-10-11 13:00:00	2022-10-11	13:00:00	206	39.4	Medium
2022-10-11 13:15:00	2022-10-11	13:15:00	164	41.9	Medium
2022-10-11 13:30:00	2022-10-11	13:30:00	201	42.8	Medium
2022-10-11 13:45:00	2022-10-11	13:45:00	177	46.3	Medium
2022-10-11 14:00:00	2022-10-11	14:00:00	127	46.1	Medium
2022-10-11 14:15:00	2022-10-11	14:15:00	130	48.5	Medium
2022-10-11 14:30:00	2022-10-11	14:30:00	132	45.6	Medium
2022-10-11 14:45:00	2022-10-11	14:45:00	143	45.6	Medium
2022-10-11 15:00:00	2022-10-11	15:00:00	117	53	Low
2022-10-11 15:15:00	2022-10-11	15:15:00	101	51	Low
2022-10-11 15:30:00	2022-10-11	15:30:00	109	51.4	Low
2022-10-11 15:45:00	2022-10-11	15:45:00	142	43.6	Medium
2022-10-11 16:00:00	2022-10-11	16:00:00	125	51	Medium
2022-10-11 16:15:00	2022-10-11	16:15:00	106	52.5	Low
2022-10-11 16:30:00	2022-10-11	16:30:00	100	51.1	Low
2022-10-11 16:45:00	2022-10-11	16:45:00	101	52.6	Low
2022-10-11 17:00:00	2022-10-11	17:00:00	119	51.7	Low
2022-10-11 17:15:00	2022-10-11	17:15:00	94	51.6	Low
2022-10-11 17:30:00	2022-10-11	17:30:00	106	48.2	Low
2022-10-11 17:45:00	2022-10-11	17:45:00	85	60.5	Low
2022-10-11 18:00:00	2022-10-11	18:00:00	143	46.4	Medium
2022-10-11 18:15:00	2022-10-11	18:15:00	147	47.6	Medium
2022-10-11 18:30:00	2022-10-11	18:30:00	130	52.9	Medium
2022-10-11 18:45:00	2022-10-11	18:45:00	161	56.8	Medium
2022-10-11 19:00:00	2022-10-11	19:00:00	156	43.1	Medium
2022-10-11 19:15:00	2022-10-11	19:15:00	153	48.5	Medium
2022-10-11 19:30:00	2022-10-11	19:30:00	178	42.1	Medium
2022-10-11 19:45:00	2022-10-11	19:45:00	190	41.2	Medium
2022-10-11 20:00:00	2022-10-11	20:00:00	237	35.2	High
2022-10-11 20:15:00	2022-10-11	20:15:00	205	37.7	Medium
2022-10-11 20:30:00	2022-10-11	20:30:00	228	38.3	High
2022-10-11 20:45:00	2022-10-11	20:45:00	211	36	Medium
2022-10-11 21:00:00	2022-10-11	21:00:00	237	40.2	High
2022-10-11 21:15:00	2022-10-11	21:15:00	253	35.6	High
2022-10-11 21:30:00	2022-10-11	21:30:00	249	37.2	High
2022-10-11 21:45:00	2022-10-11	21:45:00	216	38.4	Medium
2022-10-11 22:00:00	2022-10-11	22:00:00	272	32.2	High
2022-10-11 22:15:00	2022-10-11	22:15:00	270	34.4	High
2022-10-11 22:30:00	2022-10-11	22:30:00	240	33.5	High
2022-10-11 22:45:00	2022-10-11	22:45:00	255	34.2	High
2022-10-11 23:00:00	2022-10-11	23:00:00	247	33.6	High
2022-10-11 23:15:00	2022-10-11	23:15:00	243	34	High
2022-10-11 23:30:00	2022-10-11	23:30:00	231	31.7	High
2022-10-11 23:45:00	2022-10-11	23:45:00	229	42.3	High
2022-10-12 0:00:00	2022-10-12	0:00:00	212	38.2	Medium
2022-10-12 0:15:00	2022-10-12	0:15:00	230	41.7	High
2022-10-12 0:30:00	2022-10-12	0:30:00	220	42.5	High
2022-10-12 0:45:00	2022-10-12	0:45:00	206	37.1	Medium
2022-10-12 1:00:00	2022-10-12	1:00:00	186	40	Medium
2022-10-12 1:15:00	2022-10-12	1:15:00	132	57.3	Medium
2022-10-12 1:30:00	2022-10-12	1:30:00	192	47.9	Medium
2022-10-12 1:45:00	2022-10-12	1:45:00	148	47.6	Medium
2022-10-12 2:00:00	2022-10-12	2:00:00	132	50.4	Medium
2022-10-12 2:15:00	2022-10-12	2:15:00	120	49.1	Medium
2022-10-12 2:30:00	2022-10-12	2:30:00	118	52.5	Low
2022-10-12 2:45:00	2022-10-12	2:45:00	154	44.9	Medium
2022-10-12 3:00:00	2022-10-12	3:00:00	103	46.9	Low
2022-10-12 3:15:00	2022-10-12	3:15:00	115	47.6	Low
2022-10-12 3:30:00	2022-10-12	3:30:00	109	52.3	Low
2022-10-12 3:45:00	2022-10-12	3:45:00	117	48	Low
2022-10-12 4:00:00	2022-10-12	4:00:00	101	53	Low
2022-10-12 4:15:00	2022-10-12	4:15:00	80	52.4	Low
2022-10-12 4:30:00	2022-10-12	4:30:00	114	49.4	Low
2022-10-12 4:45:00	2022-10-12	4:45:00	92	56.8	Low
2022-10-12 5:00:00	2022-10-12	5:00:00	86	55.7	Low
2022-10-12 5:15:00	2022-10-12	5:15:00	103	53	Low
2022-10-12 5:30:00	2022-10-12	5:30:00	132	52.2	Medium
2022-10-12 5:45:00	2022-10-12	5:45:00	122	52.2	Medium
2022-10-12 6:00:00	2022-10-12	6:00:00	132	53.9	Medium
2022-10-12 6:15:00	2022-10-12	6:15:00	132	48.2	Medium
2022-10-12 6:30:00	2022-10-12	6:30:00	132	48.3	Medium
2022-10-12 6:45:00	2022-10-12	6:45:00	168	41.5	Medium
2022-10-12 7:00:00	2022-10-12	7:00:00	180	42.7	Medium
2022-10-12 7:15:00	2022-10-12	7:15:00	181	46.8	Medium
2022-10-12 7:30:00	2022-10-12	7:30:00	190	46.7	Medium
2022-10-12 7:45:00	2022-10-12	7:45:00	178	47.1	Medium
2022-10-12 8:00:00	2022-10-12	8:00:00	208	35.4	Medium
2022-10-12 8:15:00	2022-10-12	8:15:00	209	43.9	Medium
2022-10-12 8:30:00	2022-10-12	8:30:00	211	34.9	Medium
2022-10-12 8:45:00	2022-10-12	8:45:00	211	43.1	Medium
2022-10-12 9:00:00	2022-10-12	9:00:00	250	34.7	High
2022-10-12 9:15:00	2022-10-12	9:15:00	240	39.1	High
2022-10-12 9:30:00	2022-10-12	9:30:00	250	31.8	High
2022-10-12 9:45:00	2022-10-12	9:45:00	238	40.7	High
2022-10-12 10:00:00	2022-10-12	10:00:00	251	31.3	High
2022-10-12 10:15:00	2022-10-12	10:15:00	220	37.3	High
2022-10-12 10:30:00	2022-10-12	10:30:00	263	31.3	High
2022-10-12 10:45:00	2022-10-12	10:45:00	255	30	High
2022-10-12 11:00:00	2022-10-12	11:00:00	254	35.7	High
2022-10-12 11:15:00	2022-10-12	11:15:00	196	47.6	Medium
2022-10-12 11:30:00	2022-10-12	11:30:00	271	41.4	High
2022-10-12 11:45:00	2022-10-12	11:45:00	237	37.6	High
2022-10-12 12:00:00	2022-10-12	12:00:00	229	41.6	High
2022-10-12 12:15:00	2022-10-12	12:15:00	196	42.8	Medium
2022-10-12 12:30:00	2022-10-12	12:30:00	221	40.7	High
2022-10-12 12:45:00	2022-10-12	12:45:00	196	41.1	Medium
2022-10-12 13:00:00	2022-10-12	13:00:00	165	46.3	Medium
2022-10-12 13:15:00	2022-10-12	13:15:00	203	42.9	Medium
2022-10-12 13:30:00	2022-10-12	13:30:00	172	43.2	Medium
2022-10-12 13:45:00	2022-10-12	13:45:00	178	44	Medium
2022-10-12 14:00:00	2022-10-12	14:00:00	150	47.3	Medium
2022-10-12 14:15:00	2022-10-12	14:15:00	144	50.7	Medium
2022-10-12 14:30:00	2022-10-12	14:30:00	139	45.6	Medium
2022-10-12 14:45:00	2022-10-12	14:45:00	142	48.3	Medium
2022-10-12 15:00:00	2022-10-12	15:00:00	146	53.7	Medium
2022-10-12 15:15:00	2022-10-12	15:15:00	109	55.8	Low
2022-10-12 15:30:00	2022-10-12	15:30:00	113	55.9	Low
2022-10-12 15:45:00	2022-10-12	15:45:00	125	50.5	Medium
2022-10-12 16:00:00	2022-10-12	16:00:00	116	52.4	Low
2022-10-12 16:15:00	2022-10-12	16:15:00	117	54.4	Low
2022-10-12 16:30:00	2022-10-12	16:30:00	109	57	Low
2022-10-12 16:45:00	2022-10-12	16:45:00	82	49.6	Low
2022-10-12 17:00:00	2022-10-12	17:00:00	134	45.4	Medium
2022-10-12 17:15:00	2022-10-12	17:15:00	92	58.2	Low
2022-10-12 17:30:00	2022-10-12	17:30:00	114	50.9	Low
2022-10-12 17:45:00	2022-10-12	17:45:00	98	51.6	Low
2022-10-12 18:00:00	2022-10-12	18:00:00	136	45.4	Medium
2022-10-12 18:15:00	2022-10-12	18:15:00	142	46.8	Medium
2022-10-12 18:30:00	2022-10-12	18:30:00	142	44.2	Medium
2022-10-12 18:45:00	2022-10-12	18:45:00	143	54.6	Medium
2022-10-12 19:00:00	2022-10-12	19:00:00	199	41.7	Medium
2022-10-12 19:15:00	2022-10-12	19:15:00	181	43.7	Medium
2022-10-12 19:30:00	2022-10-12	19:30:00	171	46.8	Medium
2022-10-12 19:45:00	2022-10-12	19:45:00	189	45.8	Medium
2022-10-12 20:00:00	2022-10-12	20:00:00	230	41	High
2022-10-12 20:15:00	2022-10-12	20:15:00	194	45.6	Medium
2022-10-12 20:30:00	2022-10-12	20:30:00	221	37.3	High
2022-10-12 20:45:00	2022-10-12	20:45:00	223	38.1	High
2022-10-12 21:00:00	2022-10-12	21:00:00	235	39.9	High
2022-10-12 21:15:00	2022-10-12	21:15:00	260	33.1	High
2022-10-12 21:30:00	2022-10-12	21:30:00	237	37.3	High
2022-10-12 21:45:00	2022-10-12	21:45:00	241	38.1	High
2022-10-12 22:00:00	2022-10-12	22:00:00	247	38.5	High
2022-10-12 22:15:00	2022-10-12	22:15:00	250	30.5	High
2022-10-12 22:30:00	2022-10-12	22:30:00	233	40	High
2022-10-12 22:45:00	2022-10-12	22:45:00	228	37.7	High
2022-10-12 23:00:00	2022-10-12	23:00:00	263	36.4	High
2022-10-12 23:15:00	2022-10-12	23:15:00	227	40.8	High
2022-10-12 23:30:00	2022-10-12	23:30:00	225	43.6	High
2022-10-12 23:45:00	2022-10-12	23:45:00	207	44.9	Medium
2022-10-13 0:00:00	2022-10-13	0:00:00	202	45.5	Medium
2022-10-13 0:15:00	2022-10-13	0:15:00	192	46.9	Medium
2022-10-13 0:30:00	2022-10-13	0:30:00	237	38.2	High
2022-10-13 0:45:00	2022-10-13	0:45:00	227	38.6	High
2022-10-13 1:00:00	2022-10-13	1:00:00	164	48.5	Medium
2022-10-13 1:15:00	2022-10-13	1:15:00	208	42.9	Medium
2022-10-13 1:30:00	2022-10-13	1:30:00	189	42	Medium
2022-10-13 1:45:00	2022-10-13	1:45:00	170	46.4	Medium
2022-10-13 2:00:00	2022-10-13	2:00:00	100	53.2	Low
2022-10-13 2:15:00	2022-10-13	2:15:00	171	42.5	Medium
2022-10-13 2:30:00	2022-10-13	2:30:00	116	55.3	Low
2022-10-13 2:45:00	2022-10-13	2:45:00	112	52.1	Low
2022-10-13 3:00:00	2022-10-13	3:00:00	125	56.6	Medium
2022-10-13 3:15:00	2022-10-13	3:15:00	146	43.1	Medium
2022-10-13 3:30:00	2022-10-13	3:30:00	130	48.2	Medium
2022-10-13 3:45:00	2022-10-13	3:45:00	118	51.3	Low
2022-10-13 4:00:00	2022-10-13	4:00:00	108	55.8	Low
2022-10-13 4:15:00	2022-10-13	4:15:00	112	53.1	Low
2022-10-13 4:30:00	2022-10-13	4:30:00	111	53	Low
2022-10-13 4:45:00	2022-10-13	4:45:00	104	49.5	Low
2022-10-13 5:00:00	2022-10-13	5:00:00	111	48.6	Low
2022-10-13 5:15:00	2022-10-13	5:15:00	109	53.3	Low
2022-10-13 5:30:00	2022-10-13	5:30:00	98	49.5	Low
2022-10-13 5:45:00	2022-10-13	5:45:00	105	51.2	Low
2022-10-13 6:00:00	2022-10-13	6:00:00	112	53.4	Low
2022-10-13 6:15:00	2022-10-13	6:15:00	136	46.2	Medium
2022-10-13 6:30:00	2022-10-13	6:30:00	122	55.6	Medium
2022-10-13 6:45:00	2022-10-13	6:45:00	120	54.7	Medium
2022-10-13 7:00:00	2022-10-13	7:00:00	177	39.6	Medium
2022-10-13 7:15:00	2022-10-13	7:15:00	195	39.5	Medium
2022-10-13 7:30:00	2022-10-13	7:30:00	188	36.2	Medium
2022-10-13 7:45:00	2022-10-13	7:45:00	151	45	Medium
2022-10-13 8:00:00	2022-10-13	8:00:00	197	44.3	Medium
2022-10-13 8:15:00	2022-10-13	8:15:00	226	37.4	High
2022-10-13 8:30:00	2022-10-13	8:30:00	197	43.4	Medium
2022-10-13 8:45:00	2022-10-13	8:45:00	209	36	Medium
2022-10-13 9:00:00	2022-10-13	9:00:00	248	38.5	High
2022-10-13 9:15:00	2022-10-13	9:15:00	225	37.1	High
2022-10-13 9:30:00	2022-10-13	9:30:00	241	36.9	High
2022-10-13 9:45:00	2022-10-13	9:45:00	219	39.2	Medium
2022-10-13 10:00:00	2022-10-13	10:00:00	240	33.2	High
2022-10-13 10:15:00	2022-10-13	10:15:00	254	31.9	High
2022-10-13 10:30:00	2022-10-13	10:30:00	226	41.5	High
2022-10-13 10:45:00	2022-10-13	10:45:00	256	36.3	High
2022-10-13 11:00:00	2022-10-13	11:00:00	239	40.3	High
2022-10-13 11:15:00	2022-10-13	11:15:00	248	37	High
2022-10-13 11:30:00	2022-10-13	11:30:00	243	37.1	High
2022-10-13 11:45:00	2022-10-13	11:45:00	260	29.5	High
2022-10-13 12:00:00	2022-10-13	12:00:00	214	39.2	Medium
2022-10-13 12:15:00	2022-10-13	12:15:00	206	40.9	Medium
2022-10-13 12:30:00	2022-10-13	12:30:00	214	45.9	Medium
2022-10-13 12:45:00	2022-10-13	12:45:00	220	41.4	High
2022-10-13 13:00:00	2022-10-13	13:00:00	175	49.2	Medium
2022-10-13 13:15:00	2022-10-13	13:15:00	175	46.4	Medium
2022-10-13 13:30:00	2022-10-13	13:30:00	164	43.7	Medium
2022-10-13 13:45:00	2022-10-13	13:45:00	165	46.1	Medium
2022-10-13 14:00:00	2022-10-13	14:00:00	116	52.2	Low
2022-10-13 14:15:00	2022-10-13	14:15:00	163	43.2	Medium
2022-10-13 14:30:00	2022-10-13	14:30:00	118	50.1	Low
2022-10-13 14:45:00	2022-10-13	14:45:00	127	49.6	Medium
2022-10-13 15:00:00	2022-10-13	15:00:00	99	58.3	Low
2022-10-13 15:15:00	2022-10-13	15:15:00	123	44.4	Medium
2022-10-13 15:30:00	2022-10-13	15:30:00	105	56.4	Low
2022-10-13 15:45:00	2022-10-13	15:45:00	128	47.3	Medium
2022-10-13 16:00:00	2022-10-13	16:00:00	89	50.5	Low
2022-10-13 16:15:00	2022-10-13	16:15:00	104	56.4	Low
2022-10-13 16:30:00	2022-10-13	16:30:00	87	57	Low
2022-10-13 16:45:00	2022-10-13	16:45:00	132	53.4	Medium
2022-10-13 17:00:00	2022-10-13	17:00:00	92	56.7	Low
2022-10-13 17:15:00	2022-10-13	17:15:00	114	57.9	Low
2022-10-13 17:30:00	2022-10-13	17:30:00	119	52.8	Low
2022-10-13 17:45:00	2022-10-13	17:45:00	116	51	Low
2022-10-13 18:00:00	2022-10-13	18:00:00	134	50.4	Medium
2022-10-13 18:15:00	2022-10-13	18:15:00	135	53	Medium
2022-10-13 18:30:00	2022-10-13	18:30:00	138	46.6	Medium
2022-10-13 18:45:00	2022-10-13	18:45:00	135	47.3	Medium
2022-10-13 19:00:00	2022-10-13	19:00:00	189	42	Medium
2022-10-13 19:15:00	2022-10-13	19:15:00	208	34.4	Medium
2022-10-13 19:30:00	2022-10-13	19:30:00	166	46	Medium
2022-10-13 19:45:00	2022-10-13	19:45:00	154	41.4	Medium
2022-10-13 20:00:00	2022-10-13	20:00:00	211	40.5	Medium
2022-10-13 20:15:00	2022-10-13	20:15:00	251	38.3	High
2022-10-13 20:30:00	2022-10-13	20:30:00	200	40.2	Medium
2022-10-13 20:45:00	2022-10-13	20:45:00	237	42.4	High
2022-10-13 21:00:00	2022-10-13	21:00:00	265	29.7	High
2022-10-13 21:15:00	2022-10-13	21:15:00	231	41.6	High
2022-10-13 21:30:00	2022-10-13	21:30:00	248	38.1	High
2022-10-13 21:45:00	2022-10-13	21:45:00	264	29.1	High
2022-10-13 22:00:00	2022-10-13	22:00:00	244	44.7	High
2022-10-13 22:15:00	2022-10-13	22:15:00	246	36.1	High
2022-10-13 22:30:00	2022-10-13	22:30:00	241	34.3	High
2022-10-13 22:45:00	2022-10-13	22:45:00	234	33.5	High
2022-10-13 23:00:00	2022-10-13	23:00:00	230	37.5	High
2022-10-13 23:15:00	2022-10-13	23:15:00	221	38.8	High
2022-10-13 23:30:00	2022-10-13	23:30:00	240	37.3	High
2022-10-13 23:45:00	2022-10-13	23:45:00	228	37.5	High
2022-10-14 0:00:00	2022-10-14	0:00:00	216	41.7	Medium
2022-10-14 0:15:00	2022-10-14	0:15:00	189	41.8	Medium
2022-10-14 0:30:00	2022-10-14	0:30:00	217	33.9	Medium
2022-10-14 0:45:00	2022-10-14	0:45:00	225	38.3	High
2022-10-14 1:00:00	2022-10-14	1:00:00	145	41	Medium
2022-10-14 1:15:00	2022-10-14	1:15:00	180	45.1	Medium
2022-10-14 1:30:00	2022-10-14	1:30:00	193	39.5	Medium
2022-10-14 1:45:00	2022-10-14	1:45:00	156	47.3	Medium
2022-10-14 2:00:00	2022-10-14	2:00:00	162	50	Medium
2022-10-14 2:15:00	2022-10-14	2:15:00	143	45.5	Medium
2022-10-14 2:30:00	2022-10-14	2:30:00	126	53.5	Medium
2022-10-14 2:45:00	2022-10-14	2:45:00	136	47.8	Medium
2022-10-14 3:00:00	2022-10-14	3:00:00	118	56.5	Low
2022-10-14 3:15:00	2022-10-14	3:15:00	111	51	Low
2022-10-14 3:30:00	2022-10-14	3:30:00	118	48.7	Low
2022-10-14 3:45:00	2022-10-14	3:45:00	96	55.9	Low
2022-10-14 4:00:00	2022-10-14	4:00:00	102	51.8	Low
2022-10-14 4:15:00	2022-10-14	4:15:00	78	53.4	Low
2022-10-14 4:30:00	2022-10-14	4:30:00	98	52.1	Low
2022-10-14 4:45:00	2022-10-14	4:45:00	86	54.8	Low
2022-10-14 5:00:00	2022-10-14	5:00:00	99	57.5	Low
2022-10-14 5:15:00	2022-10-14	5:15:00	128	44.3	Medium
2022-10-14 5:30:00	2022-10-14	5:30:00	126	50.4	Medium
2022-10-14 5:45:00	2022-10-14	5:45:00	119	53	Low
2022-10-14 6:00:00	2022-10-14	6:00:00	121	51.5	Medium
2022-10-14 6:15:00	2022-10-14	6:15:00	132	53.5	Medium
2022-10-14 6:30:00	2022-10-14	6:30:00	155	46.7	Medium
2022-10-14 6:45:00	2022-10-14	6:45:00	139	48.2	Medium
2022-10-14 7:00:00	2022-10-14	7:00:00	209	42.4	Medium
2022-10-14 7:15:00	2022-10-14	7:15:00	180	44.3	Medium
2022-10-14 7:30:00	2022-10-14	7:30:00	177	43.2	Medium
2022-10-14 7:45:00	2022-10-14	7:45:00	170	46.7	Medium
2022-10-14 8:00:00	2022-10-14	8:00:00	214	38.1	Medium
2022-10-14 8:15:00	2022-10-14	8:15:00	210	38.7	Medium
2022-10-14 8:30:00	2022-10-14	8:30:00	223	37.4	High
2022-10-14 8:45:00	2022-10-14	8:45:00	226	42.7	High
2022-10-14 9:00:00	2022-10-14	9:00:00	228	28.7	High
2022-10-14 9:15:00	2022-10-14	9:15:00	219	40.6	Medium
2022-10-14 9:30:00	2022-10-14	9:30:00	212	40.4	Medium
2022-10-14 9:45:00	2022-10-14	9:45:00	247	31.1	High
2022-10-14 10:00:00	2022-10-14	10:00:00	233	38.7	High
2022-10-14 10:15:00	2022-10-14	10:15:00	217	41.1	Medium
2022-10-14 10:30:00	2022-10-14	10:30:00	255	37	High
2022-10-14 10:45:00	2022-10-14	10:45:00	287	23.6	High
2022-10-14 11:00:00	2022-10-14	11:00:00	239	41.2	High
2022-10-14 11:15:00	2022-10-14	11:15:00	252	33.4	High
2022-10-14 11:30:00	2022-10-14	11:30:00	241	38.9	High
2022-10-14 11:45:00	2022-10-14	11:45:00	238	39.5	High
2022-10-14 12:00:00	2022-10-14	12:00:00	226	36	High
2022-10-14 12:15:00	2022-10-14	12:15:00	208	42.7	Medium
2022-10-14 12:30:00	2022-10-14	12:30:00	216	38.6	Medium
2022-10-14 12:45:00	2022-10-14	12:45:00	217	33.5	Medium
2022-10-14 13:00:00	2022-10-14	13:00:00	164	49.4	Medium
2022-10-14 13:15:00	2022-10-14	13:15:00	189	40.6	Medium
2022-10-14 13:30:00	2022-10-14	13:30:00	172	42.4	Medium
2022-10-14 13:45:00	2022-10-14	13:45:00	163	44.8	Medium
2022-10-14 14:00:00	2022-10-14	14:00:00	145	48.9	Medium
2022-10-14 14:15:00	2022-10-14	14:15:00	124	50.4	Medium
2022-10-14 14:30:00	2022-10-14	14:30:00	137	50.7	Medium
2022-10-14 14:45:00	2022-10-14	14:45:00	137	45	Medium
2022-10-14 15:00:00	2022-10-14	15:00:00	126	48.1	Medium
2022-10-14 15:15:00	2022-10-14	15:15:00	117	51	Low
2022-10-14 15:30:00	2022-10-14	15:30:00	109	58	Low
2022-10-14 15:45:00	2022-10-14	15:45:00	122	50.4	Medium
2022-10-14 16:00:00	2022-10-14	16:00:00	120	54.3	Medium
2022-10-14 16:15:00	2022-10-14	16:15:00	108	52.5	Low
2022-10-14 16:30:00	2022-10-14	16:30:00	100	51.9	Low
2022-10-14 16:45:00	2022-10-14	16:45:00	80	54.9	Low
2022-10-14 17:00:00	2022-10-14	17:00:00	94	53.5	Low
2022-10-14 17:15:00	2022-10-14	17:15:00	105	54.6	Low
2022-10-14 17:30:00	2022-10-14	17:30:00	100	57.5	Low
2022-10-14 17:45:00	2022-10-14	17:45:00	107	53.6	Low
2022-10-14 18:00:00	2022-10-14	18:00:00	138	52.5	Medium
2022-10-14 18:15:00	2022-10-14	18:15:00	145	45.2	Medium
2022-10-14 18:30:00	2022-10-14	18:30:00	136	47.9	Medium
2022-10-14 18:45:00	2022-10-14	18:45:00	144	46	Medium
2022-10-14 19:00:00	2022-10-14	19:00:00	175	45.5	Medium
2022-10-14 19:15:00	2022-10-14	19:15:00	145	47	Medium
2022-10-14 19:30:00	2022-10-14	19:30:00	160	48.5	Medium
2022-10-14 19:45:00	2022-10-14	19:45:00	172	42.1	Medium
2022-10-14 20:00:00	2022-10-14	20:00:00	194	42.5	Medium
2022-10-14 20:15:00	2022-10-14	20:15:00	221	41.3	High
2022-10-14 20:30:00	2022-10-14	20:30:00	235	31.4	High
2022-10-14 20:45:00	2022-10-14	20:45:00	230	44.5	High
2022-10-14 21:00:00	2022-10-14	21:00:00	236	36.6	High
2022-10-14 21:15:00	2022-10-14	21:15:00	262	28.4	High
2022-10-14 21:30:00	2022-10-14	21:30:00	242	37.2	High
2022-10-14 21:45:00	2022-10-14	21:45:00	234	37.8	High
2022-10-14 22:00:00	2022-10-14	22:00:00	240	36.8	High
2022-10-14 22:15:00	2022-10-14	22:15:00	245	39.4	High
2022-10-14 22:30:00	2022-10-14	22:30:00	244	38.8	High
2022-10-14 22:45:00	2022-10-14	22:45:00	252	36.5	High
2022-10-14 23:00:00	2022-10-14	23:00:00	242	38.1	High
2022-10-14 23:15:00	2022-10-14	23:15:00	239	36.8	High
2022-10-14 23:30:00	2022-10-14	23:30:00	246	41.6	High
2022-10-14 23:45:00	2022-10-14	23:45:00	257	30.6	High
2022-10-15 0:00:00	2022-10-15	0:00:00	141	49	Medium
2022-10-15 0:15:00	2022-10-15	0:15:00	105	52.9	Low
2022-10-15 0:30:00	2022-10-15	0:30:00	89	57.1	Low
2022-10-15 0:45:00	2022-10-15	0:45:00	141	46	Medium
2022-10-15 1:00:00	2022-10-15	1:00:00	84	50	Low
2022-10-15 1:15:00	2022-10-15	1:15:00	101	53.7	Low
2022-10-15 1:30:00	2022-10-15	1:30:00	87	55.7	Low
2022-10-15 1:45:00	2022-10-15	1:45:00	77	60.5	Low
2022-10-15 2:00:00	2022-10-15	2:00:00	90	50.7	Low
2022-10-15 2:15:00	2022-10-15	2:15:00	93	57.6	Low
2022-10-15 2:30:00	2022-10-15	2:30:00	73	63.6	Low
2022-10-15 2:45:00	2022-10-15	2:45:00	43	58.9	Low
2022-10-15 3:00:00	2022-10-15	3:00:00	57	54.5	Low
2022-10-15 3:15:00	2022-10-15	3:15:00	71	55.5	Low
2022-10-15 3:30:00	2022-10-15	3:30:00	43	60	Low
2022-10-15 3:45:00	2022-10-15	3:45:00	68	58.8	Low
2022-10-15 4:00:00	2022-10-15	4:00:00	59	56.3	Low
2022-10-15 4:15:00	2022-10-15	4:15:00	68	61.7	Low
2022-10-15 4:30:00	2022-10-15	4:30:00	61	54.5	Low
2022-10-15 4:45:00	2022-10-15	4:45:00	45	54.5	Low
2022-10-15 5:00:00	2022-10-15	5:00:00	83	58.6	Low
2022-10-15 5:15:00	2022-10-15	5:15:00	63	50.8	Low
2022-10-15 5:30:00	2022-10-15	5:30:00	65	56.8	Low
2022-10-15 5:45:00	2022-10-15	5:45:00	52	68.3	Low
2022-10-15 6:00:00	2022-10-15	6:00:00	75	56.2	Low
2022-10-15 6:15:00	2022-10-15	6:15:00	69	53.6	Low
2022-10-15 6:30:00	2022-10-15	6:30:00	79	55.6	Low
2022-10-15 6:45:00	2022-10-15	6:45:00	108	52.2	Low
2022-10-15 7:00:00	2022-10-15	7:00:00	84	55.7	Low
2022-10-15 7:15:00	2022-10-15	7:15:00	80	57.7	Low
2022-10-15 7:30:00	2022-10-15	7:30:00	127	47.1	Medium
2022-10-15 7:45:00	2022-10-15	7:45:00	101	58.3	Low
2022-10-15 8:00:00	2022-10-15	8:00:00	117	52.1	Low
2022-10-15 8:15:00	2022-10-15	8:15:00	143	50.5	Medium
2022-10-15 8:30:00	2022-10-15	8:30:00	118	49.3	Low
2022-10-15 8:45:00	2022-10-15	8:45:00	154	50.9	Medium
2022-10-15 9:00:00	2022-10-15	9:00:00	154	46.3	Medium
2022-10-15 9:15:00	2022-10-15	9:15:00	136	50	Medium
2022-10-15 9:30:00	2022-10-15	9:30:00	176	41.7	Medium
2022-10-15 9:45:00	2022-10-15	9:45:00	134	46.4	Medium
2022-10-15 10:00:00	2022-10-15	10:00:00	161	48.3	Medium
2022-10-15 10:15:00	2022-10-15	10:15:00	154	45.7	Medium
2022-10-15 10:30:00	2022-10-15	10:30:00	169	42.7	Medium
2022-10-15 10:45:00	2022-10-15	10:45:00	173	42.9	Medium
2022-10-15 11:00:00	2022-10-15	11:00:00	144	50.3	Medium
2022-10-15 11:15:00	2022-10-15	11:15:00	132	47.7	Medium
2022-10-15 11:30:00	2022-10-15	11:30:00	150	47.1	Medium
2022-10-15 11:45:00	2022-10-15	11:45:00	133	49.5	Medium
2022-10-15 12:00:00	2022-10-15	12:00:00	157	40.9	Medium
2022-10-15 12:15:00	2022-10-15	12:15:00	129	45.5	Medium
2022-10-15 12:30:00	2022-10-15	12:30:00	122	51.8	Medium
2022-10-15 12:45:00	2022-10-15	12:45:00	130	47.6	Medium
2022-10-15 13:00:00	2022-10-15	13:00:00	84	58.4	Low
2022-10-15 13:15:00	2022-10-15	13:15:00	90	57.4	Low
2022-10-15 13:30:00	2022-10-15	13:30:00	123	52.8	Medium
2022-10-15 13:45:00	2022-10-15	13:45:00	95	59.4	Low
2022-10-15 14:00:00	2022-10-15	14:00:00	66	57.1	Low
2022-10-15 14:15:00	2022-10-15	14:15:00	90	56.4	Low
2022-10-15 14:30:00	2022-10-15	14:30:00	100	51.6	Low
2022-10-15 14:45:00	2022-10-15	14:45:00	93	61.5	Low
2022-10-15 15:00:00	2022-10-15	15:00:00	80	61.6	Low
2022-10-15 15:15:00	2022-10-15	15:15:00	54	58.7	Low
2022-10-15 15:30:00	2022-10-15	15:30:00	44	61	Low
2022-10-15 15:45:00	2022-10-15	15:45:00	88	58.8	Low
2022-10-15 16:00:00	2022-10-15	16:00:00	55	58.1	Low
2022-10-15 16:15:00	2022-10-15	16:15:00	56	56.5	Low
2022-10-15 16:30:00	2022-10-15	16:30:00	79	58.4	Low
2022-10-15 16:45:00	2022-10-15	16:45:00	68	57.3	Low
2022-10-15 17:00:00	2022-10-15	17:00:00	72	57.1	Low
2022-10-15 17:15:00	2022-10-15	17:15:00	98	51.1	Low
2022-10-15 17:30:00	2022-10-15	17:30:00	56	53.3	Low
2022-10-15 17:45:00	2022-10-15	17:45:00	79	56.5	Low
2022-10-15 18:00:00	2022-10-15	18:00:00	83	58	Low
2022-10-15 18:15:00	2022-10-15	18:15:00	86	54.3	Low
2022-10-15 18:30:00	2022-10-15	18:30:00	105	57.1	Low
2022-10-15 18:45:00	2022-10-15	18:45:00	90	52.4	Low
2022-10-15 19:00:00	2022-10-15	19:00:00	113	48.7	Low
2022-10-15 19:15:00	2022-10-15	19:15:00	121	50.7	Medium
2022-10-15 19:30:00	2022-10-15	19:30:00	99	53.2	Low
2022-10-15 19:45:00	2022-10-15	19:45:00	92	56.6	Low
2022-10-15 20:00:00	2022-10-15	20:00:00	111	49.7	Low
2022-10-15 20:15:00	2022-10-15	20:15:00	98	57.7	Low
2022-10-15 20:30:00	2022-10-15	20:30:00	158	52.5	Medium
2022-10-15 20:45:00	2022-10-15	20:45:00	110	52	Low
2022-10-15 21:00:00	2022-10-15	21:00:00	140	52.4	Medium
2022-10-15 21:15:00	2022-10-15	21:15:00	139	45.6	Medium
2022-10-15 21:30:00	2022-10-15	21:30:00	148	51	Medium
2022-10-15 21:45:00	2022-10-15	21:45:00	156	49.9	Medium
2022-10-15 22:00:00	2022-10-15	22:00:00	162	48.7	Medium
2022-10-15 22:15:00	2022-10-15	22:15:00	141	48.5	Medium
2022-10-15 22:30:00	2022-10-15	22:30:00	147	39	Medium
2022-10-15 22:45:00	2022-10-15	22:45:00	154	45.1	Medium
2022-10-15 23:00:00	2022-10-15	23:00:00	140	46.8	Medium
2022-10-15 23:15:00	2022-10-15	23:15:00	168	42.5	Medium
2022-10-15 23:30:00	2022-10-15	23:30:00	151	47.8	Medium
2022-10-15 23:45:00	2022-10-15	23:45:00	154	45.8	Medium
2022-10-16 0:00:00	2022-10-16	0:00:00	137	46.5	Medium
2022-10-16 0:15:00	2022-10-16	0:15:00	145	44.9	Medium
2022-10-16 0:30:00	2022-10-16	0:30:00	130	47.7	Medium
2022-10-16 0:45:00	2022-10-16	0:45:00	108	55.8	Low
2022-10-16 1:00:00	2022-10-16	1:00:00	110	50.2	Low
2022-10-16 1:15:00	2022-10-16	1:15:00	95	52.4	Low
2022-10-16 1:30:00	2022-10-16	1:30:00	97	52.3	Low
2022-10-16 1:45:00	2022-10-16	1:45:00	113	52.8	Low
2022-10-16 2:00:00	2022-10-16	2:00:00	101	54.6	Low
2022-10-16 2:15:00	2022-10-16	2:15:00	82	46.3	Low
2022-10-16 2:30:00	2022-10-16	2:30:00	87	57.9	Low
2022-10-16 2:45:00	2022-10-16	2:45:00	108	56.7	Low
2022-10-16 3:00:00	2022-10-16	3:00:00	69	53.8	Low
2022-10-16 3:15:00	2022-10-16	3:15:00	105	49.8	Low
2022-10-16 3:30:00	2022-10-16	3:30:00	74	55	Low
2022-10-16 3:45:00	2022-10-16	3:45:00	39	58.2	Low
2022-10-16 4:00:00	2022-10-16	4:00:00	71	57.4	Low
2022-10-16 4:15:00	2022-10-16	4:15:00	65	51.6	Low
2022-10-16 4:30:00	2022-10-16	4:30:00	79	52.4	Low
2022-10-16 4:45:00	2022-10-16	4:45:00	70	61.5	Low
2022-10-16 5:00:00	2022-10-16	5:00:00	63	54.9	Low
2022-10-16 5:15:00	2022-10-16	5:15:00	47	63.2	Low
2022-10-16 5:30:00	2022-10-16	5:30:00	62	58.8	Low
2022-10-16 5:45:00	2022-10-16	5:45:00	53	53.4	Low
2022-10-16 6:00:00	2022-10-16	6:00:00	73	58.4	Low
2022-10-16 6:15:00	2022-10-16	6:15:00	91	54	Low
2022-10-16 6:30:00	2022-10-16	6:30:00	107	51.2	Low
2022-10-16 6:45:00	2022-10-16	6:45:00	88	55.5	Low
2022-10-16 7:00:00	2022-10-16	7:00:00	87	56.3	Low
2022-10-16 7:15:00	2022-10-16	7:15:00	111	54.2	Low
2022-10-16 7:30:00	2022-10-16	7:30:00	122	54.3	Medium
2022-10-16 7:45:00	2022-10-16	7:45:00	95	55.1	Low
2022-10-16 8:00:00	2022-10-16	8:00:00	125	46.3	Medium
2022-10-16 8:15:00	2022-10-16	8:15:00	127	48.8	Medium
2022-10-16 8:30:00	2022-10-16	8:30:00	115	60.4	Low
2022-10-16 8:45:00	2022-10-16	8:45:00	137	51.2	Medium
2022-10-16 9:00:00	2022-10-16	9:00:00	142	55.5	Medium
2022-10-16 9:15:00	2022-10-16	9:15:00	150	51.7	Medium
2022-10-16 9:30:00	2022-10-16	9:30:00	130	50.6	Medium
2022-10-16 9:45:00	2022-10-16	9:45:00	137	49.9	Medium
2022-10-16 10:00:00	2022-10-16	10:00:00	160	46.2	Medium
2022-10-16 10:15:00	2022-10-16	10:15:00	144	43	Medium
2022-10-16 10:30:00	2022-10-16	10:30:00	175	44.6	Medium
2022-10-16 10:45:00	2022-10-16	10:45:00	144	51.8	Medium
2022-10-16 11:00:00	2022-10-16	11:00:00	147	46.1	Medium
2022-10-16 11:15:00	2022-10-16	11:15:00	157	47.9	Medium
2022-10-16 11:30:00	2022-10-16	11:30:00	122	53.3	Medium
2022-10-16 11:45:00	2022-10-16	11:45:00	117	48.6	Low
2022-10-16 12:00:00	2022-10-16	12:00:00	104	51.5	Low
2022-10-16 12:15:00	2022-10-16	12:15:00	146	44.9	Medium
2022-10-16 12:30:00	2022-10-16	12:30:00	119	48.7	Low
2022-10-16 12:45:00	2022-10-16	12:45:00	165	41.9	Medium
2022-10-16 13:00:00	2022-10-16	13:00:00	96	51.1	Low
2022-10-16 13:15:00	2022-10-16	13:15:00	107	56.8	Low
2022-10-16 13:30:00	2022-10-16	13:30:00	128	47.3	Medium
2022-10-16 13:45:00	2022-10-16	13:45:00	135	49.6	Medium
2022-10-16 14:00:00	2022-10-16	14:00:00	113	50.3	Low
2022-10-16 14:15:00	2022-10-16	14:15:00	100	56.9	Low
2022-10-16 14:30:00	2022-10-16	14:30:00	97	57.6	Low
2022-10-16 14:45:00	2022-10-16	14:45:00	91	57	Low
2022-10-16 15:00:00	2022-10-16	15:00:00	77	56.9	Low
2022-10-16 15:15:00	2022-10-16	15:15:00	57	57.7	Low
2022-10-16 15:30:00	2022-10-16	15:30:00	53	55.2	Low
2022-10-16 15:45:00	2022-10-16	15:45:00	65	63.2	Low
2022-10-16 16:00:00	2022-10-16	16:00:00	57	56.1	Low
2022-10-16 16:15:00	2022-10-16	16:15:00	53	60.8	Low
2022-10-16 16:30:00	2022-10-16	16:30:00	70	60	Low
2022-10-16 16:45:00	2022-10-16	16:45:00	74	54.7	Low
2022-10-16 17:00:00	2022-10-16	17:00:00	67	60.3	Low
2022-10-16 17:15:00	2022-10-16	17:15:00	88	57	Low
2022-10-16 17:30:00	2022-10-16	17:30:00	48	64.6	Low
2022-10-16 17:45:00	2022-10-16	17:45:00	63	56.2	Low
2022-10-16 18:00:00	2022-10-16	18:00:00	71	52.9	Low
2022-10-16 18:15:00	2022-10-16	18:15:00	54	57.2	Low
2022-10-16 18:30:00	2022-10-16	18:30:00	81	56.2	Low
2022-10-16 18:45:00	2022-10-16	18:45:00	80	55.8	Low
2022-10-16 19:00:00	2022-10-16	19:00:00	127	49	Medium
2022-10-16 19:15:00	2022-10-16	19:15:00	114	46	Low
2022-10-16 19:30:00	2022-10-16	19:30:00	89	56	Low
2022-10-16 19:45:00	2022-10-16	19:45:00	132	55.5	Medium
2022-10-16 20:00:00	2022-10-16	20:00:00	145	49.5	Medium
2022-10-16 20:15:00	2022-10-16	20:15:00	136	51	Medium
2022-10-16 20:30:00	2022-10-16	20:30:00	124	52.3	Medium
2022-10-16 20:45:00	2022-10-16	20:45:00	113	53	Low
2022-10-16 21:00:00	2022-10-16	21:00:00	138	51.7	Medium
2022-10-16 21:15:00	2022-10-16	21:15:00	160	47.5	Medium
2022-10-16 21:30:00	2022-10-16	21:30:00	172	44	Medium
2022-10-16 21:45:00	2022-10-16	21:45:00	167	43.1	Medium
2022-10-16 22:00:00	2022-10-16	22:00:00	142	47.7	Medium
2022-10-16 22:15:00	2022-10-16	22:15:00	133	50.4	Medium
2022-10-16 22:30:00	2022-10-16	22:30:00	152	46.3	Medium
2022-10-16 22:45:00	2022-10-16	22:45:00	123	51.6	Medium
2022-10-16 23:00:00	2022-10-16	23:00:00	148	49.1	Medium
2022-10-16 23:15:00	2022-10-16	23:15:00	141	51	Medium
2022-10-16 23:30:00	2022-10-16	23:30:00	136	53	Medium
2022-10-16 23:45:00	2022-10-16	23:45:00	120	51.2	Medium
2022-10-17 0:00:00	2022-10-17	0:00:00	220	35.4	High
2022-10-17 0:15:00	2022-10-17	0:15:00	204	40.2	Medium
2022-10-17 0:30:00	2022-10-17	0:30:00	194	42.5	Medium
2022-10-17 0:45:00	2022-10-17	0:45:00	169	39.8	Medium
2022-10-17 1:00:00	2022-10-17	1:00:00	174	48.9	Medium
2022-10-17 1:15:00	2022-10-17	1:15:00	201	42	Medium
2022-10-17 1:30:00	2022-10-17	1:30:00	199	42.9	Medium
2022-10-17 1:45:00	2022-10-17	1:45:00	168	49.5	Medium
2022-10-17 2:00:00	2022-10-17	2:00:00	128	48.2	Medium
2022-10-17 2:15:00	2022-10-17	2:15:00	144	49.9	Medium
2022-10-17 2:30:00	2022-10-17	2:30:00	122	50.4	Medium
2022-10-17 2:45:00	2022-10-17	2:45:00	142	47.9	Medium
2022-10-17 3:00:00	2022-10-17	3:00:00	121	48.6	Medium
2022-10-17 3:15:00	2022-10-17	3:15:00	128	55.1	Medium
2022-10-17 3:30:00	2022-10-17	3:30:00	108	51.3	Low
2022-10-17 3:45:00	2022-10-17	3:45:00	106	54.7	Low
2022-10-17 4:00:00	2022-10-17	4:00:00	86	49.3	Low
2022-10-17 4:15:00	2022-10-17	4:15:00	87	58.4	Low
2022-10-17 4:30:00	2022-10-17	4:30:00	96	57	Low
2022-10-17 4:45:00	2022-10-17	4:45:00	105	53	Low
2022-10-17 5:00:00	2022-10-17	5:00:00	123	50	Medium
2022-10-17 5:15:00	2022-10-17	5:15:00	98	54.8	Low
2022-10-17 5:30:00	2022-10-17	5:30:00	132	56.5	Medium
2022-10-17 5:45:00	2022-10-17	5:45:00	105	47.5	Low
2022-10-17 6:00:00	2022-10-17	6:00:00	137	51.4	Medium
2022-10-17 6:15:00	2022-10-17	6:15:00	126	47.6	Medium
2022-10-17 6:30:00	2022-10-17	6:30:00	101	53.2	Low
2022-10-17 6:45:00	2022-10-17	6:45:00	150	46.8	Medium
2022-10-17 7:00:00	2022-10-17	7:00:00	186	42	Medium
2022-10-17 7:15:00	2022-10-17	7:15:00	170	45.1	Medium
2022-10-17 7:30:00	2022-10-17	7:30:00	176	41.1	Medium
2022-10-17 7:45:00	2022-10-17	7:45:00	182	46.9	Medium
2022-10-17 8:00:00	2022-10-17	8:00:00	189	37.6	Medium
2022-10-17 8:15:00	2022-10-17	8:15:00	204	42.8	Medium
2022-10-17 8:30:00	2022-10-17	8:30:00	224	37.9	High
2022-10-17 8:45:00	2022-10-17	8:45:00	193	39	Medium
2022-10-17 9:00:00	2022-10-17	9:00:00	244	37.1	High
2022-10-17 9:15:00	2022-10-17	9:15:00	219	34.8	Medium
2022-10-17 9:30:00	2022-10-17	9:30:00	246	36.4	High
2022-10-17 9:45:00	2022-10-17	9:45:00	239	32.8	High
2022-10-17 10:00:00	2022-10-17	10:00:00	225	40.1	High
2022-10-17 10:15:00	2022-10-17	10:15:00	267	31.1	High
2022-10-17 10:30:00	2022-10-17	10:30:00	238	35.9	High
2022-10-17 10:45:00	2022-10-17	10:45:00	237	38.2	High
2022-10-17 11:00:00	2022-10-17	11:00:00	242	34.4	High
2022-10-17 11:15:00	2022-10-17	11:15:00	257	34.8	High
2022-10-17 11:30:00	2022-10-17	11:30:00	224	34.3	High
2022-10-17 11:45:00	2022-10-17	11:45:00	240	38.9	High
2022-10-17 12:00:00	2022-10-17	12:00:00	218	44.9	Medium
2022-10-17 12:15:00	2022-10-17	12:15:00	222	47.5	High
2022-10-17 12:30:00	2022-10-17	12:30:00	215	40.2	Medium
2022-10-17 12:45:00	2022-10-17	12:45:00	206	43.3	Medium
2022-10-17 13:00:00	2022-10-17	13:00:00	162	40.8	Medium
2022-10-17 13:15:00	2022-10-17	13:15:00	176	49	Medium
2022-10-17 13:30:00	2022-10-17	13:30:00	158	48.9	Medium
2022-10-17 13:45:00	2022-10-17	13:45:00	131	48.3	Medium
2022-10-17 14:00:00	2022-10-17	14:00:00	144	51.9	Medium
2022-10-17 14:15:00	2022-10-17	14:15:00	151	46.6	Medium
2022-10-17 14:30:00	2022-10-17	14:30:00	102	51.7	Low
2022-10-17 14:45:00	2022-10-17	14:45:00	122	52.2	Medium
2022-10-17 15:00:00	2022-10-17	15:00:00	119	47.9	Low
2022-10-17 15:15:00	2022-10-17	15:15:00	140	51.7	Medium
2022-10-17 15:30:00	2022-10-17	15:30:00	110	49	Low
2022-10-17 15:45:00	2022-10-17	15:45:00	99	50.3	Low
2022-10-17 16:00:00	2022-10-17	16:00:00	97	51	Low
2022-10-17 16:15:00	2022-10-17	16:15:00	120	53.3	Medium
2022-10-17 16:30:00	2022-10-17	16:30:00	90	52.6	Low
2022-10-17 16:45:00	2022-10-17	16:45:00	88	50.7	Low
2022-10-17 17:00:00	2022-10-17	17:00:00	102	51.3	Low
2022-10-17 17:15:00	2022-10-17	17:15:00	95	53.8	Low
2022-10-17 17:30:00	2022-10-17	17:30:00	111	48.5	Low
2022-10-17 17:45:00	2022-10-17	17:45:00	134	45.9	Medium
2022-10-17 18:00:00	2022-10-17	18:00:00	142	54.8	Medium
2022-10-17 18:15:00	2022-10-17	18:15:00	133	46.9	Medium
2022-10-17 18:30:00	2022-10-17	18:30:00	133	48.5	Medium
2022-10-17 18:45:00	2022-10-17	18:45:00	114	50.6	Low
2022-10-17 19:00:00	2022-10-17	19:00:00	188	41.8	Medium
2022-10-17 19:15:00	2022-10-17	19:15:00	173	46.7	Medium
2022-10-17 19:30:00	2022-10-17	19:30:00	172	47.8	Medium
2022-10-17 19:45:00	2022-10-17	19:45:00	222	38.2	High
2022-10-17 20:00:00	2022-10-17	20:00:00	216	36.1	Medium
2022-10-17 20:15:00	2022-10-17	20:15:00	201	45.4	Medium
2022-10-17 20:30:00	2022-10-17	20:30:00	206	40.7	Medium
2022-10-17 20:45:00	2022-10-17	20:45:00	229	43.5	High
2022-10-17 21:00:00	2022-10-17	21:00:00	241	30.1	High
2022-10-17 21:15:00	2022-10-17	21:15:00	218	40.2	Medium
2022-10-17 21:30:00	2022-10-17	21:30:00	253	41.2	High
2022-10-17 21:45:00	2022-10-17	21:45:00	229	37.2	High
2022-10-17 22:00:00	2022-10-17	22:00:00	278	31.9	High
2022-10-17 22:15:00	2022-10-17	22:15:00	266	34.9	High
2022-10-17 22:30:00	2022-10-17	22:30:00	243	35	High
2022-10-17 22:45:00	2022-10-17	22:45:00	269	32.7	High
2022-10-17 23:00:00	2022-10-17	23:00:00	240	36	High
2022-10-17 23:15:00	2022-10-17	23:15:00	252	33.7	High
2022-10-17 23:30:00	2022-10-17	23:30:00	247	39.9	High
2022-10-17 23:45:00	2022-10-17	23:45:00	227	39.9	High
2022-10-18 0:00:00	2022-10-18	0:00:00	202	42.2	Medium
2022-10-18 0:15:00	2022-10-18	0:15:00	227	40.9	High
2022-10-18 0:30:00	2022-10-18	0:30:00	207	40.1	Medium
2022-10-18 0:45:00	2022-10-18	0:45:00	206	38.6	Medium
2022-10-18 1:00:00	2022-10-18	1:00:00	160	44.5	Medium
2022-10-18 1:15:00	2022-10-18	1:15:00	181	43.9	Medium
2022-10-18 1:30:00	2022-10-18	1:30:00	205	37.9	Medium
2022-10-18 1:45:00	2022-10-18	1:45:00	158	45.1	Medium
2022-10-18 2:00:00	2022-10-18	2:00:00	137	47.5	Medium
2022-10-18 2:15:00	2022-10-18	2:15:00	158	52.9	Medium
2022-10-18 2:30:00	2022-10-18	2:30:00	136	40.8	Medium
2022-10-18 2:45:00	2022-10-18	2:45:00	144	47.7	Medium
2022-10-18 3:00:00	2022-10-18	3:00:00	94	59.2	Low
2022-10-18 3:15:00	2022-10-18	3:15:00	116	51.8	Low
2022-10-18 3:30:00	2022-10-18	3:30:00	107	54.8	Low
2022-10-18 3:45:00	2022-10-18	3:45:00	124	50.8	Medium
2022-10-18 4:00:00	2022-10-18	4:00:00	117	49.3	Low
2022-10-18 4:15:00	2022-10-18	4:15:00	138	42.2	Medium
2022-10-18 4:30:00	2022-10-18	4:30:00	108	53	Low
2022-10-18 4:45:00	2022-10-18	4:45:00	104	50.5	Low
2022-10-18 5:00:00	2022-10-18	5:00:00	112	49.5	Low
2022-10-18 5:15:00	2022-10-18	5:15:00	104	51.4	Low
2022-10-18 5:30:00	2022-10-18	5:30:00	115	56.8	Low
2022-10-18 5:45:00	2022-10-18	5:45:00	105	60	Low
2022-10-18 6:00:00	2022-10-18	6:00:00	140	49.3	Medium
2022-10-18 6:15:00	2022-10-18	6:15:00	157	45.3	Medium
2022-10-18 6:30:00	2022-10-18	6:30:00	122	47.2	Medium
2022-10-18 6:45:00	2022-10-18	6:45:00	154	48.4	Medium
2022-10-18 7:00:00	2022-10-18	7:00:00	194	47.7	Medium
2022-10-18 7:15:00	2022-10-18	7:15:00	173	44.1	Medium
2022-10-18 7:30:00	2022-10-18	7:30:00	143	41.2	Medium
2022-10-18 7:45:00	2022-10-18	7:45:00	165	47.8	Medium
2022-10-18 8:00:00	2022-10-18	8:00:00	231	41	High
2022-10-18 8:15:00	2022-10-18	8:15:00	212	35.5	Medium
2022-10-18 8:30:00	2022-10-18	8:30:00	197	42.5	Medium
2022-10-18 8:45:00	2022-10-18	8:45:00	204	42.6	Medium
2022-10-18 9:00:00	2022-10-18	9:00:00	252	35.4	High
2022-10-18 9:15:00	2022-10-18	9:15:00	248	33.7	High
2022-10-18 9:30:00	2022-10-18	9:30:00	236	40.5	High
2022-10-18 9:45:00	2022-10-18	9:45:00	234	36.5	High
2022-10-18 10:00:00	2022-10-18	10:00:00	244	32.1	High
2022-10-18 10:15:00	2022-10-18	10:15:00	236	31.3	High
2022-10-18 10:30:00	2022-10-18	10:30:00	274	36.8	High
2022-10-18 10:45:00	2022-10-18	10:45:00	245	38.3	High
2022-10-18 11:00:00	2022-10-18	11:00:00	258	35.2	High
2022-10-18 11:15:00	2022-10-18	11:15:00	262	33.1	High
2022-10-18 11:30:00	2022-10-18	11:30:00	254	33.8	High
2022-10-18 11:45:00	2022-10-18	11:45:00	233	34.6	High
2022-10-18 12:00:00	2022-10-18	12:00:00	218	38.3	Medium
2022-10-18 12:15:00	2022-10-18	12:15:00	212	33.9	Medium
2022-10-18 12:30:00	2022-10-18	12:30:00	198	39.7	Medium
2022-10-18 12:45:00	2022-10-18	12:45:00	217	38.8	Medium
2022-10-18 13:00:00	2022-10-18	13:00:00	157	48.5	Medium
2022-10-18 13:15:00	2022-10-18	13:15:00	192	42.5	Medium
2022-10-18 13:30:00	2022-10-18	13:30:00	168	47.8	Medium
2022-10-18 13:45:00	2022-10-18	13:45:00	178	48.3	Medium
2022-10-18 14:00:00	2022-10-18	14:00:00	141	51.7	Medium
2022-10-18 14:15:00	2022-10-18	14:15:00	133	50.9	Medium
2022-10-18 14:30:00	2022-10-18	14:30:00	146	48	Medium
2022-10-18 14:45:00	2022-10-18	14:45:00	130	46.9	Medium
2022-10-18 15:00:00	2022-10-18	15:00:00	123	52.9	Medium
2022-10-18 15:15:00	2022-10-18	15:15:00	89	59.7	Low
2022-10-18 15:30:00	2022-10-18	15:30:00	111	53.1	Low
2022-10-18 15:45:00	2022-10-18	15:45:00	139	54.5	Medium
2022-10-18 16:00:00	2022-10-18	16:00:00	84	50.6	Low
2022-10-18 16:15:00	2022-10-18	16:15:00	89	51.2	Low
2022-10-18 16:30:00	2022-10-18	16:30:00	107	55.1	Low
2022-10-18 16:45:00	2022-10-18	16:45:00	102	53.9	Low
2022-10-18 17:00:00	2022-10-18	17:00:00	115	55.5	Low
2022-10-18 17:15:00	2022-10-18	17:15:00	117	51.3	Low
2022-10-18 17:30:00	2022-10-18	17:30:00	119	48.5	Low
2022-10-18 17:45:00	2022-10-18	17:45:00	126	49.7	Medium
2022-10-18 18:00:00	2022-10-18	18:00:00	143	43.7	Medium
2022-10-18 18:15:00	2022-10-18	18:15:00	133	46.1	Medium
2022-10-18 18:30:00	2022-10-18	18:30:00	147	50.8	Medium
2022-10-18 18:45:00	2022-10-18	18:45:00	165	48.4	Medium
2022-10-18 19:00:00	2022-10-18	19:00:00	173	45.9	Medium
2022-10-18 19:15:00	2022-10-18	19:15:00	160	41.2	Medium
2022-10-18 19:30:00	2022-10-18	19:30:00	191	41.6	Medium
2022-10-18 19:45:00	2022-10-18	19:45:00	173	41.1	Medium
2022-10-18 20:00:00	2022-10-18	20:00:00	179	47.6	Medium
2022-10-18 20:15:00	2022-10-18	20:15:00	225	37	High
2022-10-18 20:30:00	2022-10-18	20:30:00	204	37.9	Medium
2022-10-18 20:45:00	2022-10-18	20:45:00	211	40.5	Medium
2022-10-18 21:00:00	2022-10-18	21:00:00	244	34.6	High
2022-10-18 21:15:00	2022-10-18	21:15:00	242	41.2	High
2022-10-18 21:30:00	2022-10-18	21:30:00	250	33.6	High
2022-10-18 21:45:00	2022-10-18	21:45:00	233	33.6	High
2022-10-18 22:00:00	2022-10-18	22:00:00	257	28.6	High
2022-10-18 22:15:00	2022-10-18	22:15:00	246	36.2	High
2022-10-18 22:30:00	2022-10-18	22:30:00	261	32.9	High
2022-10-18 22:45:00	2022-10-18	22:45:00	259	30.5	High
2022-10-18 23:00:00	2022-10-18	23:00:00	225	42.3	High
2022-10-18 23:15:00	2022-10-18	23:15:00	256	37.1	High
2022-10-18 23:30:00	2022-10-18	23:30:00	231	38	High
2022-10-18 23:45:00	2022-10-18	23:45:00	252	39.7	High
2022-10-19 0:00:00	2022-10-19	0:00:00	218	41.6	Medium
2022-10-19 0:15:00	2022-10-19	0:15:00	240	34.5	High
2022-10-19 0:30:00	2022-10-19	0:30:00	209	37.5	Medium
2022-10-19 0:45:00	2022-10-19	0:45:00	207	43.3	Medium
2022-10-19 1:00:00	2022-10-19	1:00:00	174	45.9	Medium
2022-10-19 1:15:00	2022-10-19	1:15:00	170	45.7	Medium
2022-10-19 1:30:00	2022-10-19	1:30:00	186	40.8	Medium
2022-10-19 1:45:00	2022-10-19	1:45:00	150	49.3	Medium
2022-10-19 2:00:00	2022-10-19	2:00:00	121	48.6	Medium
2022-10-19 2:15:00	2022-10-19	2:15:00	121	50.6	Medium
2022-10-19 2:30:00	2022-10-19	2:30:00	151	51.7	Medium
2022-10-19 2:45:00	2022-10-19	2:45:00	163	44	Medium
2022-10-19 3:00:00	2022-10-19	3:00:00	108	47.7	Low
2022-10-19 3:15:00	2022-10-19	3:15:00	107	49.4	Low
2022-10-19 3:30:00	2022-10-19	3:30:00	111	55	Low
2022-10-19 3:45:00	2022-10-19	3:45:00	127	50.9	Medium
2022-10-19 4:00:00	2022-10-19	4:00:00	86	54.6	Low
2022-10-19 4:15:00	2022-10-19	4:15:00	103	51.5	Low
2022-10-19 4:30:00	2022-10-19	4:30:00	114	53.2	Low
2022-10-19 4:45:00	2022-10-19	4:45:00	107	50	Low
2022-10-19 5:00:00	2022-10-19	5:00:00	112	52.9	Low
2022-10-19 5:15:00	2022-10-19	5:15:00	125	48.2	Medium
2022-10-19 5:30:00	2022-10-19	5:30:00	69	54.3	Low
2022-10-19 5:45:00	2022-10-19	5:45:00	120	49.1	Medium
2022-10-19 6:00:00	2022-10-19	6:00:00	127	49.1	Medium
2022-10-19 6:15:00	2022-10-19	6:15:00	110	52	Low
2022-10-19 6:30:00	2022-10-19	6:30:00	145	48.8	Medium
2022-10-19 6:45:00	2022-10-19	6:45:00	158	35.5	Medium
2022-10-19 7:00:00	2022-10-19	7:00:00	172	42.5	Medium
2022-10-19 7:15:00	2022-10-19	7:15:00	189	41.8	Medium
2022-10-19 7:30:00	2022-10-19	7:30:00	199	46.3	Medium
2022-10-19 7:45:00	2022-10-19	7:45:00	194	39.1	Medium
2022-10-19 8:00:00	2022-10-19	8:00:00	237	37.8	High
2022-10-19 8:15:00	2022-10-19	8:15:00	223	43.5	High
2022-10-19 8:30:00	2022-10-19	8:30:00	213	36.2	Medium
2022-10-19 8:45:00	2022-10-19	8:45:00	188	44.2	Medium
2022-10-19 9:00:00	2022-10-19	9:00:00	236	35.1	High
2022-10-19 9:15:00	2022-10-19	9:15:00	227	37	High
2022-10-19 9:30:00	2022-10-19	9:30:00	272	30.9	High
2022-10-19 9:45:00	2022-10-19	9:45:00	237	35.2	High
2022-10-19 10:00:00	2022-10-19	10:00:00	251	43.9	High
2022-10-19 10:15:00	2022-10-19	10:15:00	258	37.4	High
2022-10-19 10:30:00	2022-10-19	10:30:00	250	39.1	High
2022-10-19 10:45:00	2022-10-19	10:45:00	275	34.4	High
2022-10-19 11:00:00	2022-10-19	11:00:00	230	33.3	High
2022-10-19 11:15:00	2022-10-19	11:15:00	242	38	High
2022-10-19 11:30:00	2022-10-19	11:30:00	228	41.6	High
2022-10-19 11:45:00	2022-10-19	11:45:00	220	36.8	High
2022-10-19 12:00:00	2022-10-19	12:00:00	203	44.2	Medium
2022-10-19 12:15:00	2022-10-19	12:15:00	211	42.5	Medium
2022-10-19 12:30:00	2022-10-19	12:30:00	206	46.5	Medium
2022-10-19 12:45:00	2022-10-19	12:45:00	202	40.2	Medium
2022-10-19 13:00:00	2022-10-19	13:00:00	153	43.9	Medium
2022-10-19 13:15:00	2022-10-19	13:15:00	173	43.7	Medium
2022-10-19 13:30:00	2022-10-19	13:30:00	152	51.6	Medium
2022-10-19 13:45:00	2022-10-19	13:45:00	186	37.8	Medium
2022-10-19 14:00:00	2022-10-19	14:00:00	138	42.7	Medium
2022-10-19 14:15:00	2022-10-19	14:15:00	115	51.9	Low
2022-10-19 14:30:00	2022-10-19	14:30:00	132	48.3	Medium
2022-10-19 14:45:00	2022-10-19	14:45:00	126	50.3	Medium
2022-10-19 15:00:00	2022-10-19	15:00:00	114	54.5	Low
2022-10-19 15:15:00	2022-10-19	15:15:00	130	48.2	Medium
2022-10-19 15:30:00	2022-10-19	15:30:00	81	49.9	Low
2022-10-19 15:45:00	2022-10-19	15:45:00	111	58.2	Low
2022-10-19 16:00:00	2022-10-19	16:00:00	97	50.7	Low
2022-10-19 16:15:00	2022-10-19	16:15:00	110	49	Low
2022-10-19 16:30:00	2022-10-19	16:30:00	103	56.3	Low
2022-10-19 16:45:00	2022-10-19	16:45:00	88	53.6	Low
2022-10-19 17:00:00	2022-10-19	17:00:00	105	52.6	Low
2022-10-19 17:15:00	2022-10-19	17:15:00	98	55	Low
2022-10-19 17:30:00	2022-10-19	17:30:00	126	53.6	Medium
2022-10-19 17:45:00	2022-10-19	17:45:00	110	51.2	Low
2022-10-19 18:00:00	2022-10-19	18:00:00	166	50.2	Medium
2022-10-19 18:15:00	2022-10-19	18:15:00	136	42.7	Medium
2022-10-19 18:30:00	2022-10-19	18:30:00	126	52.6	Medium
2022-10-19 18:45:00	2022-10-19	18:45:00	114	49.2	Low
2022-10-19 19:00:00	2022-10-19	19:00:00	147	52	Medium
2022-10-19 19:15:00	2022-10-19	19:15:00	151	47.8	Medium
2022-10-19 19:30:00	2022-10-19	19:30:00	179	42.1	Medium
2022-10-19 19:45:00	2022-10-19	19:45:00	182	45.8	Medium
2022-10-19 20:00:00	2022-10-19	20:00:00	188	45.7	Medium
2022-10-19 20:15:00	2022-10-19	20:15:00	225	40.7	High
2022-10-19 20:30:00	2022-10-19	20:30:00	205	38	Medium
2022-10-19 20:45:00	2022-10-19	20:45:00	214	38.6	Medium
2022-10-19 21:00:00	2022-10-19	21:00:00	264	34.2	High
2022-10-19 21:15:00	2022-10-19	21:15:00	253	35.4	High
2022-10-19 21:30:00	2022-10-19	21:30:00	235	39.8	High
2022-10-19 21:45:00	2022-10-19	21:45:00	226	32.6	High
2022-10-19 22:00:00	2022-10-19	22:00:00	217	40.7	Medium
2022-10-19 22:15:00	2022-10-19	22:15:00	239	36.2	High
2022-10-19 22:30:00	2022-10-19	22:30:00	246	33.8	High
2022-10-19 22:45:00	2022-10-19	22:45:00	235	35.4	High
2022-10-19 23:00:00	2022-10-19	23:00:00	237	36.7	High
2022-10-19 23:15:00	2022-10-19	23:15:00	241	26.1	High
2022-10-19 23:30:00	2022-10-19	23:30:00	236	35.4	High
2022-10-19 23:45:00	2022-10-19	23:45:00	230	35.5	High
2022-10-20 0:00:00	2022-10-20	0:00:00	215	41.5	Medium
2022-10-20 0:15:00	2022-10-20	0:15:00	219	37	Medium
2022-10-20 0:30:00	2022-10-20	0:30:00	196	41.5	Medium
2022-10-20 0:45:00	2022-10-20	0:45:00	233	42.4	High
2022-10-20 1:00:00	2022-10-20	1:00:00	173	47.8	Medium
2022-10-20 1:15:00	2022-10-20	1:15:00	175	47.3	Medium
2022-10-20 1:30:00	2022-10-20	1:30:00	185	41.9	Medium
2022-10-20 1:45:00	2022-10-20	1:45:00	178	45.9	Medium
2022-10-20 2:00:00	2022-10-20	2:00:00	151	46.7	Medium
2022-10-20 2:15:00	2022-10-20	2:15:00	141	48	Medium
2022-10-20 2:30:00	2022-10-20	2:30:00	128	51.3	Medium
2022-10-20 2:45:00	2022-10-20	2:45:00	142	46.6	Medium
2022-10-20 3:00:00	2022-10-20	3:00:00	92	58.7	Low
2022-10-20 3:15:00	2022-10-20	3:15:00	111	51.6	Low
2022-10-20 3:30:00	2022-10-20	3:30:00	109	54.1	Low
2022-10-20 3:45:00	2022-10-20	3:45:00	106	57	Low
2022-10-20 4:00:00	2022-10-20	4:00:00	98	56.7	Low
2022-10-20 4:15:00	2022-10-20	4:15:00	71	52.5	Low
2022-10-20 4:30:00	2022-10-20	4:30:00	91	55.7	Low
2022-10-20 4:45:00	2022-10-20	4:45:00	101	55.8	Low
2022-10-20 5:00:00	2022-10-20	5:00:00	112	54.6	Low
2022-10-20 5:15:00	2022-10-20	5:15:00	94	50.7	Low
2022-10-20 5:30:00	2022-10-20	5:30:00	129	48	Medium
2022-10-20 5:45:00	2022-10-20	5:45:00	97	56.7	Low
2022-10-20 6:00:00	2022-10-20	6:00:00	152	45	Medium
2022-10-20 6:15:00	2022-10-20	6:15:00	143	47.4	Medium
2022-10-20 6:30:00	2022-10-20	6:30:00	127	54.9	Medium
2022-10-20 6:45:00	2022-10-20	6:45:00	164	45.7	Medium
2022-10-20 7:00:00	2022-10-20	7:00:00	157	44.5	Medium
2022-10-20 7:15:00	2022-10-20	7:15:00	188	40.4	Medium
2022-10-20 7:30:00	2022-10-20	7:30:00	190	43.8	Medium
2022-10-20 7:45:00	2022-10-20	7:45:00	164	41.9	Medium
2022-10-20 8:00:00	2022-10-20	8:00:00	233	37.1	High
2022-10-20 8:15:00	2022-10-20	8:15:00	208	41.7	Medium
2022-10-20 8:30:00	2022-10-20	8:30:00	216	43.7	Medium
2022-10-20 8:45:00	2022-10-20	8:45:00	216	41.8	Medium
2022-10-20 9:00:00	2022-10-20	9:00:00	237	35.2	High
2022-10-20 9:15:00	2022-10-20	9:15:00	252	39.1	High
2022-10-20 9:30:00	2022-10-20	9:30:00	251	34.8	High
2022-10-20 9:45:00	2022-10-20	9:45:00	213	36.4	Medium
2022-10-20 10:00:00	2022-10-20	10:00:00	269	33.1	High
2022-10-20 10:15:00	2022-10-20	10:15:00	225	43.1	High
2022-10-20 10:30:00	2022-10-20	10:30:00	265	34.6	High
2022-10-20 10:45:00	2022-10-20	10:45:00	266	34	High
2022-10-20 11:00:00	2022-10-20	11:00:00	223	43.9	High
2022-10-20 11:15:00	2022-10-20	11:15:00	233	33.5	High
2022-10-20 11:30:00	2022-10-20	11:30:00	223	35.1	High
2022-10-20 11:45:00	2022-10-20	11:45:00	236	32.6	High
2022-10-20 12:00:00	2022-10-20	12:00:00	207	42	Medium
2022-10-20 12:15:00	2022-10-20	12:15:00	224	39.4	High
2022-10-20 12:30:00	2022-10-20	12:30:00	232	42.6	High
2022-10-20 12:45:00	2022-10-20	12:45:00	233	38.5	High
2022-10-20 13:00:00	2022-10-20	13:00:00	166	44.4	Medium
2022-10-20 13:15:00	2022-10-20	13:15:00	171	45.1	Medium
2022-10-20 13:30:00	2022-10-20	13:30:00	149	48	Medium
2022-10-20 13:45:00	2022-10-20	13:45:00	162	41.1	Medium
2022-10-20 14:00:00	2022-10-20	14:00:00	151	55.5	Medium
2022-10-20 14:15:00	2022-10-20	14:15:00	161	47.8	Medium
2022-10-20 14:30:00	2022-10-20	14:30:00	118	51.9	Low
2022-10-20 14:45:00	2022-10-20	14:45:00	128	51.9	Medium
2022-10-20 15:00:00	2022-10-20	15:00:00	109	54.4	Low
2022-10-20 15:15:00	2022-10-20	15:15:00	114	51.3	Low
2022-10-20 15:30:00	2022-10-20	15:30:00	97	51.8	Low
2022-10-20 15:45:00	2022-10-20	15:45:00	116	53.3	Low
2022-10-20 16:00:00	2022-10-20	16:00:00	92	55.4	Low
2022-10-20 16:15:00	2022-10-20	16:15:00	99	51	Low
2022-10-20 16:30:00	2022-10-20	16:30:00	108	56.7	Low
2022-10-20 16:45:00	2022-10-20	16:45:00	100	54.2	Low
2022-10-20 17:00:00	2022-10-20	17:00:00	103	55.2	Low
2022-10-20 17:15:00	2022-10-20	17:15:00	108	56.6	Low
2022-10-20 17:30:00	2022-10-20	17:30:00	108	52.5	Low
2022-10-20 17:45:00	2022-10-20	17:45:00	104	53.8	Low
2022-10-20 18:00:00	2022-10-20	18:00:00	133	51.9	Medium
2022-10-20 18:15:00	2022-10-20	18:15:00	161	44	Medium
2022-10-20 18:30:00	2022-10-20	18:30:00	145	48.2	Medium
2022-10-20 18:45:00	2022-10-20	18:45:00	133	49.9	Medium
2022-10-20 19:00:00	2022-10-20	19:00:00	185	40.5	Medium
2022-10-20 19:15:00	2022-10-20	19:15:00	169	52.2	Medium
2022-10-20 19:30:00	2022-10-20	19:30:00	192	38.4	Medium
2022-10-20 19:45:00	2022-10-20	19:45:00	180	40.1	Medium
2022-10-20 20:00:00	2022-10-20	20:00:00	210	44.4	Medium
2022-10-20 20:15:00	2022-10-20	20:15:00	219	41.6	Medium
2022-10-20 20:30:00	2022-10-20	20:30:00	188	40	Medium
2022-10-20 20:45:00	2022-10-20	20:45:00	195	44.1	Medium
2022-10-20 21:00:00	2022-10-20	21:00:00	222	43.5	High
2022-10-20 21:15:00	2022-10-20	21:15:00	242	36.7	High
2022-10-20 21:30:00	2022-10-20	21:30:00	265	41.9	High
2022-10-20 21:45:00	2022-10-20	21:45:00	273	28	High
2022-10-20 22:00:00	2022-10-20	22:00:00	259	36.9	High
2022-10-20 22:15:00	2022-10-20	22:15:00	257	38.5	High
2022-10-20 22:30:00	2022-10-20	22:30:00	222	41.8	High
2022-10-20 22:45:00	2022-10-20	22:45:00	241	36.3	High
2022-10-20 23:00:00	2022-10-20	23:00:00	228	37.5	High
2022-10-20 23:15:00	2022-10-20	23:15:00	230	39.5	High
2022-10-20 23:30:00	2022-10-20	23:30:00	237	39.8	High
2022-10-20 23:45:00	2022-10-20	23:45:00	232	39.7	High
2022-10-21 0:00:00	2022-10-21	0:00:00	182	46.9	Medium
2022-10-21 0:15:00	2022-10-21	0:15:00	223	35.9	High
2022-10-21 0:30:00	2022-10-21	0:30:00	196	41.5	Medium
2022-10-21 0:45:00	2022-10-21	0:45:00	216	37	Medium
2022-10-21 1:00:00	2022-10-21	1:00:00	206	39.8	Medium
2022-10-21 1:15:00	2022-10-21	1:15:00	161	49.3	Medium
2022-10-21 1:30:00	2022-10-21	1:30:00	137	49.3	Medium
2022-10-21 1:45:00	2022-10-21	1:45:00	170	53	Medium
2022-10-21 2:00:00	2022-10-21	2:00:00	154	47.6	Medium
2022-10-21 2:15:00	2022-10-21	2:15:00	166	45.8	Medium
2022-10-21 2:30:00	2022-10-21	2:30:00	119	51.4	Low
2022-10-21 2:45:00	2022-10-21	2:45:00	144	46.3	Medium
2022-10-21 3:00:00	2022-10-21	3:00:00	103	52.8	Low
2022-10-21 3:15:00	2022-10-21	3:15:00	108	55.8	Low
2022-10-21 3:30:00	2022-10-21	3:30:00	149	48	Medium
2022-10-21 3:45:00	2022-10-21	3:45:00	87	52.5	Low
2022-10-21 4:00:00	2022-10-21	4:00:00	103	50.2	Low
2022-10-21 4:15:00	2022-10-21	4:15:00	107	51.2	Low
2022-10-21 4:30:00	2022-10-21	4:30:00	116	51.7	Low
2022-10-21 4:45:00	2022-10-21	4:45:00	101	56.8	Low
2022-10-21 5:00:00	2022-10-21	5:00:00	114	47.7	Low
2022-10-21 5:15:00	2022-10-21	5:15:00	104	51.9	Low
2022-10-21 5:30:00	2022-10-21	5:30:00	114	52.1	Low
2022-10-21 5:45:00	2022-10-21	5:45:00	104	47.4	Low
2022-10-21 6:00:00	2022-10-21	6:00:00	146	45.5	Medium
2022-10-21 6:15:00	2022-10-21	6:15:00	131	47.7	Medium
2022-10-21 6:30:00	2022-10-21	6:30:00	143	45.9	Medium
2022-10-21 6:45:00	2022-10-21	6:45:00	137	49.6	Medium
2022-10-21 7:00:00	2022-10-21	7:00:00	191	42.2	Medium
2022-10-21 7:15:00	2022-10-21	7:15:00	174	43	Medium
2022-10-21 7:30:00	2022-10-21	7:30:00	148	49	Medium
2022-10-21 7:45:00	2022-10-21	7:45:00	193	47.7	Medium
2022-10-21 8:00:00	2022-10-21	8:00:00	198	46.8	Medium
2022-10-21 8:15:00	2022-10-21	8:15:00	202	35.7	Medium
2022-10-21 8:30:00	2022-10-21	8:30:00	203	43	Medium
2022-10-21 8:45:00	2022-10-21	8:45:00	233	37.3	High
2022-10-21 9:00:00	2022-10-21	9:00:00	207	41.3	Medium
2022-10-21 9:15:00	2022-10-21	9:15:00	287	30.3	High
2022-10-21 9:30:00	2022-10-21	9:30:00	255	35.6	High
2022-10-21 9:45:00	2022-10-21	9:45:00	243	37.1	High
2022-10-21 10:00:00	2022-10-21	10:00:00	249	34.2	High
2022-10-21 10:15:00	2022-10-21	10:15:00	254	32.7	High
2022-10-21 10:30:00	2022-10-21	10:30:00	257	33.7	High
2022-10-21 10:45:00	2022-10-21	10:45:00	259	35.5	High
2022-10-21 11:00:00	2022-10-21	11:00:00	248	37.9	High
2022-10-21 11:15:00	2022-10-21	11:15:00	241	39.4	High
2022-10-21 11:30:00	2022-10-21	11:30:00	236	36	High
2022-10-21 11:45:00	2022-10-21	11:45:00	237	38.2	High
2022-10-21 12:00:00	2022-10-21	12:00:00	209	43.5	Medium
2022-10-21 12:15:00	2022-10-21	12:15:00	229	41.8	High
2022-10-21 12:30:00	2022-10-21	12:30:00	221	39	High
2022-10-21 12:45:00	2022-10-21	12:45:00	168	44.7	Medium
2022-10-21 13:00:00	2022-10-21	13:00:00	184	44.1	Medium
2022-10-21 13:15:00	2022-10-21	13:15:00	177	40.9	Medium
2022-10-21 13:30:00	2022-10-21	13:30:00	174	44.1	Medium
2022-10-21 13:45:00	2022-10-21	13:45:00	169	47.5	Medium
2022-10-21 14:00:00	2022-10-21	14:00:00	154	49	Medium
2022-10-21 14:15:00	2022-10-21	14:15:00	151	46.6	Medium
2022-10-21 14:30:00	2022-10-21	14:30:00	125	51.1	Medium
2022-10-21 14:45:00	2022-10-21	14:45:00	143	45.8	Medium
2022-10-21 15:00:00	2022-10-21	15:00:00	95	56	Low
2022-10-21 15:15:00	2022-10-21	15:15:00	89	54.4	Low
2022-10-21 15:30:00	2022-10-21	15:30:00	100	52.5	Low
2022-10-21 15:45:00	2022-10-21	15:45:00	122	49.7	Medium
2022-10-21 16:00:00	2022-10-21	16:00:00	114	51.5	Low
2022-10-21 16:15:00	2022-10-21	16:15:00	107	51.2	Low
2022-10-21 16:30:00	2022-10-21	16:30:00	110	54.1	Low
2022-10-21 16:45:00	2022-10-21	16:45:00	107	51.3	Low
2022-10-21 17:00:00	2022-10-21	17:00:00	100	58.1	Low
2022-10-21 17:15:00	2022-10-21	17:15:00	116	55.9	Low
2022-10-21 17:30:00	2022-10-21	17:30:00	122	48.1	Medium
2022-10-21 17:45:00	2022-10-21	17:45:00	121	51.1	Medium
2022-10-21 18:00:00	2022-10-21	18:00:00	155	45	Medium
2022-10-21 18:15:00	2022-10-21	18:15:00	148	46.8	Medium
2022-10-21 18:30:00	2022-10-21	18:30:00	142	54.4	Medium
2022-10-21 18:45:00	2022-10-21	18:45:00	153	46.2	Medium
2022-10-21 19:00:00	2022-10-21	19:00:00	174	45.8	Medium
2022-10-21 19:15:00	2022-10-21	19:15:00	161	47.8	Medium
2022-10-21 19:30:00	2022-10-21	19:30:00	172	41.9	Medium
2022-10-21 19:45:00	2022-10-21	19:45:00	163	43.4	Medium
2022-10-21 20:00:00	2022-10-21	20:00:00	202	37.8	Medium
2022-10-21 20:15:00	2022-10-21	20:15:00	210	37.8	Medium
2022-10-21 20:30:00	2022-10-21	20:30:00	200	33.1	Medium
2022-10-21 20:45:00	2022-10-21	20:45:00	207	42.5	Medium
2022-10-21 21:00:00	2022-10-21	21:00:00	211	46.5	Medium
2022-10-21 21:15:00	2022-10-21	21:15:00	243	37.1	High
2022-10-21 21:30:00	2022-10-21	21:30:00	239	32.9	High
2022-10-21 21:45:00	2022-10-21	21:45:00	227	36.6	High
2022-10-21 22:00:00	2022-10-21	22:00:00	259	33.4	High
2022-10-21 22:15:00	2022-10-21	22:15:00	264	31.1	High
2022-10-21 22:30:00	2022-10-21	22:30:00	225	41.3	High
2022-10-21 22:45:00	2022-10-21	22:45:00	238	39.7	High
2022-10-21 23:00:00	2022-10-21	23:00:00	228	34.9	High
2022-10-21 23:15:00	2022-10-21	23:15:00	225	40.9	High
2022-10-21 23:30:00	2022-10-21	23:30:00	252	40.2	High
2022-10-21 23:45:00	2022-10-21	23:45:00	237	43.1	High
2022-10-22 0:00:00	2022-10-22	0:00:00	123	59.2	Medium
2022-10-22 0:15:00	2022-10-22	0:15:00	97	51	Low
2022-10-22 0:30:00	2022-10-22	0:30:00	137	57.5	Medium
2022-10-22 0:45:00	2022-10-22	0:45:00	108	51.3	Low
2022-10-22 1:00:00	2022-10-22	1:00:00	105	51	Low
2022-10-22 1:15:00	2022-10-22	1:15:00	109	53.3	Low
2022-10-22 1:30:00	2022-10-22	1:30:00	125	48.7	Medium
2022-10-22 1:45:00	2022-10-22	1:45:00	85	56.3	Low
2022-10-22 2:00:00	2022-10-22	2:00:00	37	56.7	Low
2022-10-22 2:15:00	2022-10-22	2:15:00	85	54.4	Low
2022-10-22 2:30:00	2022-10-22	2:30:00	109	56.1	Low
2022-10-22 2:45:00	2022-10-22	2:45:00	101	53	Low
2022-10-22 3:00:00	2022-10-22	3:00:00	69	57.4	Low
2022-10-22 3:15:00	2022-10-22	3:15:00	58	59.7	Low
2022-10-22 3:30:00	2022-10-22	3:30:00	78	59.4	Low
2022-10-22 3:45:00	2022-10-22	3:45:00	51	54.1	Low
2022-10-22 4:00:00	2022-10-22	4:00:00	67	58.9	Low
2022-10-22 4:15:00	2022-10-22	4:15:00	67	56.4	Low
2022-10-22 4:30:00	2022-10-22	4:30:00	75	56.7	Low
2022-10-22 4:45:00	2022-10-22	4:45:00	101	56.4	Low
2022-10-22 5:00:00	2022-10-22	5:00:00	71	53.1	Low
2022-10-22 5:15:00	2022-10-22	5:15:00	58	55.2	Low
2022-10-22 5:30:00	2022-10-22	5:30:00	65	51.6	Low
2022-10-22 5:45:00	2022-10-22	5:45:00	39	58.8	Low
2022-10-22 6:00:00	2022-10-22	6:00:00	72	60.6	Low
2022-10-22 6:15:00	2022-10-22	6:15:00	76	55.8	Low
2022-10-22 6:30:00	2022-10-22	6:30:00	74	52.3	Low
2022-10-22 6:45:00	2022-10-22	6:45:00	84	53.7	Low
2022-10-22 7:00:00	2022-10-22	7:00:00	92	49.8	Low
2022-10-22 7:15:00	2022-10-22	7:15:00	121	47.5	Medium
2022-10-22 7:30:00	2022-10-22	7:30:00	105	53.9	Low
2022-10-22 7:45:00	2022-10-22	7:45:00	104	49.3	Low
2022-10-22 8:00:00	2022-10-22	8:00:00	122	54.1	Medium
2022-10-22 8:15:00	2022-10-22	8:15:00	129	49.7	Medium
2022-10-22 8:30:00	2022-10-22	8:30:00	139	49	Medium
2022-10-22 8:45:00	2022-10-22	8:45:00	114	50.9	Low
2022-10-22 9:00:00	2022-10-22	9:00:00	134	51.7	Medium
2022-10-22 9:15:00	2022-10-22	9:15:00	139	51.1	Medium
2022-10-22 9:30:00	2022-10-22	9:30:00	123	51.7	Medium
2022-10-22 9:45:00	2022-10-22	9:45:00	131	51.4	Medium
2022-10-22 10:00:00	2022-10-22	10:00:00	142	47.8	Medium
2022-10-22 10:15:00	2022-10-22	10:15:00	163	47.6	Medium
2022-10-22 10:30:00	2022-10-22	10:30:00	153	46.1	Medium
2022-10-22 10:45:00	2022-10-22	10:45:00	152	47.3	Medium
2022-10-22 11:00:00	2022-10-22	11:00:00	156	46	Medium
2022-10-22 11:15:00	2022-10-22	11:15:00	141	47.2	Medium
2022-10-22 11:30:00	2022-10-22	11:30:00	149	45.5	Medium
2022-10-22 11:45:00	2022-10-22	11:45:00	142	49.8	Medium
2022-10-22 12:00:00	2022-10-22	12:00:00	131	53.6	Medium
2022-10-22 12:15:00	2022-10-22	12:15:00	118	54.7	Low
2022-10-22 12:30:00	2022-10-22	12:30:00	90	50.7	Low
2022-10-22 12:45:00	2022-10-22	12:45:00	125	54.3	Medium
2022-10-22 13:00:00	2022-10-22	13:00:00	126	49.3	Medium
2022-10-22 13:15:00	2022-10-22	13:15:00	118	53	Low
2022-10-22 13:30:00	2022-10-22	13:30:00	119	48.4	Low
2022-10-22 13:45:00	2022-10-22	13:45:00	123	51.1	Medium
2022-10-22 14:00:00	2022-10-22	14:00:00	83	56.3	Low
2022-10-22 14:15:00	2022-10-22	14:15:00	85	50.6	Low
2022-10-22 14:30:00	2022-10-22	14:30:00	73	58.3	Low
2022-10-22 14:45:00	2022-10-22	14:45:00	77	60.1	Low
2022-10-22 15:00:00	2022-10-22	15:00:00	75	55.7	Low
2022-10-22 15:15:00	2022-10-22	15:15:00	84	59.3	Low
2022-10-22 15:30:00	2022-10-22	15:30:00	63	57.1	Low
2022-10-22 15:45:00	2022-10-22	15:45:00	59	60.7	Low
2022-10-22 16:00:00	2022-10-22	16:00:00	60	51.3	Low
2022-10-22 16:15:00	2022-10-22	16:15:00	69	64.2	Low
2022-10-22 16:30:00	2022-10-22	16:30:00	38	65.1	Low
2022-10-22 16:45:00	2022-10-22	16:45:00	25	61.2	Low
2022-10-22 17:00:00	2022-10-22	17:00:00	57	52.4	Low
2022-10-22 17:15:00	2022-10-22	17:15:00	47	60.4	Low
2022-10-22 17:30:00	2022-10-22	17:30:00	58	53.9	Low
2022-10-22 17:45:00	2022-10-22	17:45:00	63	59	Low
2022-10-22 18:00:00	2022-10-22	18:00:00	75	57.5	Low
2022-10-22 18:15:00	2022-10-22	18:15:00	104	50	Low
2022-10-22 18:30:00	2022-10-22	18:30:00	87	58.2	Low
2022-10-22 18:45:00	2022-10-22	18:45:00	87	57.3	Low
2022-10-22 19:00:00	2022-10-22	19:00:00	114	54.6	Low
2022-10-22 19:15:00	2022-10-22	19:15:00	87	54.9	Low
2022-10-22 19:30:00	2022-10-22	19:30:00	120	46.8	Medium
2022-10-22 19:45:00	2022-10-22	19:45:00	103	55.9	Low
2022-10-22 20:00:00	2022-10-22	20:00:00	137	48.2	Medium
2022-10-22 20:15:00	2022-10-22	20:15:00	111	47.9	Low
2022-10-22 20:30:00	2022-10-22	20:30:00	104	56.9	Low
2022-10-22 20:45:00	2022-10-22	20:45:00	139	55.1	Medium
2022-10-22 21:00:00	2022-10-22	21:00:00	149	47.5	Medium
2022-10-22 21:15:00	2022-10-22	21:15:00	130	56.3	Medium
2022-10-22 21:30:00	2022-10-22	21:30:00	130	50.1	Medium
2022-10-22 21:45:00	2022-10-22	21:45:00	160	45.2	Medium
2022-10-22 22:00:00	2022-10-22	22:00:00	132	47.7	Medium
2022-10-22 22:15:00	2022-10-22	22:15:00	174	49.6	Medium
2022-10-22 22:30:00	2022-10-22	22:30:00	136	46.8	Medium
2022-10-22 22:45:00	2022-10-22	22:45:00	159	48.7	Medium
2022-10-22 23:00:00	2022-10-22	23:00:00	139	47.1	Medium
2022-10-22 23:15:00	2022-10-22	23:15:00	153	45.8	Medium
2022-10-22 23:30:00	2022-10-22	23:30:00	135	52.3	Medium
2022-10-22 23:45:00	2022-10-22	23:45:00	141	47.4	Medium
2022-10-23 0:00:00	2022-10-23	0:00:00	128	48.9	Medium
2022-10-23 0:15:00	2022-10-23	0:15:00	112	55.3	Low
2022-10-23 0:30:00	2022-10-23	0:30:00	138	53.7	Medium
2022-10-23 0:45:00	2022-10-23	0:45:00	119	53.1	Low
2022-10-23 1:00:00	2022-10-23	1:00:00	101	51.3	Low
2022-10-23 1:15:00	2022-10-23	1:15:00	90	53	Low
2022-10-23 1:30:00	2022-10-23	1:30:00	66	57.5	Low
2022-10-23 1:45:00	2022-10-23	1:45:00	102	54.1	Low
2022-10-23 2:00:00	2022-10-23	2:00:00	118	48.3	Low
2022-10-23 2:15:00	2022-10-23	2:15:00	94	56.2	Low
2022-10-23 2:30:00	2022-10-23	2:30:00	82	55.7	Low
2022-10-23 2:45:00	2022-10-23	2:45:00	78	50.8	Low
2022-10-23 3:00:00	2022-10-23	3:00:00	66	54.5	Low
2022-10-23 3:15:00	2022-10-23	3:15:00	74	54.9	Low
2022-10-23 3:30:00	2022-10-23	3:30:00	48	59.2	Low
2022-10-23 3:45:00	2022-10-23	3:45:00	82	61.1	Low
2022-10-23 4:00:00	2022-10-23	4:00:00	70	57.5	Low
2022-10-23 4:15:00	2022-10-23	4:15:00	70	54.3	Low
2022-10-23 4:30:00	2022-10-23	4:30:00	66	58	Low
2022-10-23 4:45:00	2022-10-23	4:45:00	60	56.9	Low
2022-10-23 5:00:00	2022-10-23	5:00:00	76	57.1	Low
2022-10-23 5:15:00	2022-10-23	5:15:00	74	58.1	Low
2022-10-23 5:30:00	2022-10-23	5:30:00	60	61.6	Low
2022-10-23 5:45:00	2022-10-23	5:45:00	57	58.3	Low
2022-10-23 6:00:00	2022-10-23	6:00:00	84	60.1	Low
2022-10-23 6:15:00	2022-10-23	6:15:00	105	55.5	Low
2022-10-23 6:30:00	2022-10-23	6:30:00	63	55.5	Low
2022-10-23 6:45:00	2022-10-23	6:45:00	60	64.6	Low
2022-10-23 7:00:00	2022-10-23	7:00:00	107	53.5	Low
2022-10-23 7:15:00	2022-10-23	7:15:00	105	50.2	Low
2022-10-23 7:30:00	2022-10-23	7:30:00	107	57.5	Low
2022-10-23 7:45:00	2022-10-23	7:45:00	108	58.6	Low
2022-10-23 8:00:00	2022-10-23	8:00:00	124	50.4	Medium
2022-10-23 8:15:00	2022-10-23	8:15:00	149	46.1	Medium
2022-10-23 8:30:00	2022-10-23	8:30:00	103	52.5	Low
2022-10-23 8:45:00	2022-10-23	8:45:00	115	53.7	Low
2022-10-23 9:00:00	2022-10-23	9:00:00	142	52.3	Medium
2022-10-23 9:15:00	2022-10-23	9:15:00	119	52.8	Low
2022-10-23 9:30:00	2022-10-23	9:30:00	141	48.9	Medium
2022-10-23 9:45:00	2022-10-23	9:45:00	168	49.9	Medium
2022-10-23 10:00:00	2022-10-23	10:00:00	150	46.6	Medium
2022-10-23 10:15:00	2022-10-23	10:15:00	153	50.2	Medium
2022-10-23 10:30:00	2022-10-23	10:30:00	131	48.9	Medium
2022-10-23 10:45:00	2022-10-23	10:45:00	140	50	Medium
2022-10-23 11:00:00	2022-10-23	11:00:00	138	48.6	Medium
2022-10-23 11:15:00	2022-10-23	11:15:00	139	48.6	Medium
2022-10-23 11:30:00	2022-10-23	11:30:00	163	44.9	Medium
2022-10-23 11:45:00	2022-10-23	11:45:00	152	51.3	Medium
2022-10-23 12:00:00	2022-10-23	12:00:00	110	50	Low
2022-10-23 12:15:00	2022-10-23	12:15:00	131	47.5	Medium
2022-10-23 12:30:00	2022-10-23	12:30:00	134	55.7	Medium
2022-10-23 12:45:00	2022-10-23	12:45:00	144	51.1	Medium
2022-10-23 13:00:00	2022-10-23	13:00:00	128	42.9	Medium
2022-10-23 13:15:00	2022-10-23	13:15:00	89	52.9	Low
2022-10-23 13:30:00	2022-10-23	13:30:00	92	48.8	Low
2022-10-23 13:45:00	2022-10-23	13:45:00	86	52.1	Low
2022-10-23 14:00:00	2022-10-23	14:00:00	78	46.5	Low
2022-10-23 14:15:00	2022-10-23	14:15:00	89	54.2	Low
2022-10-23 14:30:00	2022-10-23	14:30:00	97	50.3	Low
2022-10-23 14:45:00	2022-10-23	14:45:00	81	55.7	Low
2022-10-23 15:00:00	2022-10-23	15:00:00	61	53	Low
2022-10-23 15:15:00	2022-10-23	15:15:00	68	57.3	Low
2022-10-23 15:30:00	2022-10-23	15:30:00	53	57.6	Low
2022-10-23 15:45:00	2022-10-23	15:45:00	97	58.2	Low
2022-10-23 16:00:00	2022-10-23	16:00:00	35	65.2	Low
2022-10-23 16:15:00	2022-10-23	16:15:00	62	60.1	Low
2022-10-23 16:30:00	2022-10-23	16:30:00	90	53.5	Low
2022-10-23 16:45:00	2022-10-23	16:45:00	60	64	Low
2022-10-23 17:00:00	2022-10-23	17:00:00	63	53	Low
2022-10-23 17:15:00	2022-10-23	17:15:00	60	53.8	Low
2022-10-23 17:30:00	2022-10-23	17:30:00	63	57.4	Low
2022-10-23 17:45:00	2022-10-23	17:45:00	86	61.7	Low
2022-10-23 18:00:00	2022-10-23	18:00:00	49	58.7	Low
2022-10-23 18:15:00	2022-10-23	18:15:00	105	52.2	Low
2022-10-23 18:30:00	2022-10-23	18:30:00	61	53.6	Low
2022-10-23 18:45:00	2022-10-23	18:45:00	78	58.7	Low
2022-10-23 19:00:00	2022-10-23	19:00:00	98	56.4	Low
2022-10-23 19:15:00	2022-10-23	19:15:00	113	54.2	Low
2022-10-23 19:30:00	2022-10-23	19:30:00	81	53.7	Low
2022-10-23 19:45:00	2022-10-23	19:45:00	111	49.9	Low
2022-10-23 20:00:00	2022-10-23	20:00:00	157	42.8	Medium
2022-10-23 20:15:00	2022-10-23	20:15:00	107	52.8	Low
2022-10-23 20:30:00	2022-10-23	20:30:00	130	46.6	Medium
2022-10-23 20:45:00	2022-10-23	20:45:00	117	47.8	Low
2022-10-23 21:00:00	2022-10-23	21:00:00	150	46.2	Medium
2022-10-23 21:15:00	2022-10-23	21:15:00	144	46.7	Medium
2022-10-23 21:30:00	2022-10-23	21:30:00	134	47.8	Medium
2022-10-23 21:45:00	2022-10-23	21:45:00	151	48.8	Medium
2022-10-23 22:00:00	2022-10-23	22:00:00	177	44.6	Medium
2022-10-23 22:15:00	2022-10-23	22:15:00	147	47	Medium
2022-10-23 22:30:00	2022-10-23	22:30:00	160	46.9	Medium
2022-10-23 22:45:00	2022-10-23	22:45:00	130	46.9	Medium
2022-10-23 23:00:00	2022-10-23	23:00:00	129	50.3	Medium
2022-10-23 23:15:00	2022-10-23	23:15:00	151	47.8	Medium
2022-10-23 23:30:00	2022-10-23	23:30:00	166	41.1	Medium
2022-10-23 23:45:00	2022-10-23	23:45:00	149	50.6	Medium
2022-10-24 0:00:00	2022-10-24	0:00:00	207	38.2	Medium
2022-10-24 0:15:00	2022-10-24	0:15:00	212	40.5	Medium
2022-10-24 0:30:00	2022-10-24	0:30:00	193	46	Medium
2022-10-24 0:45:00	2022-10-24	0:45:00	221	42	High
2022-10-24 1:00:00	2022-10-24	1:00:00	188	43.2	Medium
2022-10-24 1:15:00	2022-10-24	1:15:00	168	44.3	Medium
2022-10-24 1:30:00	2022-10-24	1:30:00	167	48.4	Medium
2022-10-24 1:45:00	2022-10-24	1:45:00	178	46.3	Medium
2022-10-24 2:00:00	2022-10-24	2:00:00	130	48	Medium
2022-10-24 2:15:00	2022-10-24	2:15:00	136	46.7	Medium
2022-10-24 2:30:00	2022-10-24	2:30:00	168	39.2	Medium
2022-10-24 2:45:00	2022-10-24	2:45:00	133	49.9	Medium
2022-10-24 3:00:00	2022-10-24	3:00:00	104	52.6	Low
2022-10-24 3:15:00	2022-10-24	3:15:00	100	56.7	Low
2022-10-24 3:30:00	2022-10-24	3:30:00	121	52	Medium
2022-10-24 3:45:00	2022-10-24	3:45:00	107	56.5	Low
2022-10-24 4:00:00	2022-10-24	4:00:00	90	52.4	Low
2022-10-24 4:15:00	2022-10-24	4:15:00	119	54.5	Low
2022-10-24 4:30:00	2022-10-24	4:30:00	121	49.3	Medium
2022-10-24 4:45:00	2022-10-24	4:45:00	90	56.8	Low
2022-10-24 5:00:00	2022-10-24	5:00:00	82	51.1	Low
2022-10-24 5:15:00	2022-10-24	5:15:00	125	51.1	Medium
2022-10-24 5:30:00	2022-10-24	5:30:00	99	47.5	Low
2022-10-24 5:45:00	2022-10-24	5:45:00	121	50.1	Medium
2022-10-24 6:00:00	2022-10-24	6:00:00	107	53.8	Low
2022-10-24 6:15:00	2022-10-24	6:15:00	150	45.9	Medium
2022-10-24 6:30:00	2022-10-24	6:30:00	119	48	Low
2022-10-24 6:45:00	2022-10-24	6:45:00	148	50.3	Medium
2022-10-24 7:00:00	2022-10-24	7:00:00	175	44.3	Medium
2022-10-24 7:15:00	2022-10-24	7:15:00	160	44.9	Medium
2022-10-24 7:30:00	2022-10-24	7:30:00	168	45.5	Medium
2022-10-24 7:45:00	2022-10-24	7:45:00	185	51.3	Medium
2022-10-24 8:00:00	2022-10-24	8:00:00	214	43.5	Medium
2022-10-24 8:15:00	2022-10-24	8:15:00	221	42.7	High
2022-10-24 8:30:00	2022-10-24	8:30:00	242	38.1	High
2022-10-24 8:45:00	2022-10-24	8:45:00	189	43.4	Medium
2022-10-24 9:00:00	2022-10-24	9:00:00	264	27	High
2022-10-24 9:15:00	2022-10-24	9:15:00	241	34.8	High
2022-10-24 9:30:00	2022-10-24	9:30:00	226	37.2	High
2022-10-24 9:45:00	2022-10-24	9:45:00	219	33.8	Medium
2022-10-24 10:00:00	2022-10-24	10:00:00	247	32.7	High
2022-10-24 10:15:00	2022-10-24	10:15:00	263	28.4	High
2022-10-24 10:30:00	2022-10-24	10:30:00	248	36	High
2022-10-24 10:45:00	2022-10-24	10:45:00	272	35.7	High
2022-10-24 11:00:00	2022-10-24	11:00:00	218	42.9	Medium
2022-10-24 11:15:00	2022-10-24	11:15:00	239	38.4	High
2022-10-24 11:30:00	2022-10-24	11:30:00	221	36.3	High
2022-10-24 11:45:00	2022-10-24	11:45:00	245	30.6	High
2022-10-24 12:00:00	2022-10-24	12:00:00	225	33.5	High
2022-10-24 12:15:00	2022-10-24	12:15:00	206	37.2	Medium
2022-10-24 12:30:00	2022-10-24	12:30:00	173	42.2	Medium
2022-10-24 12:45:00	2022-10-24	12:45:00	215	39.4	Medium
2022-10-24 13:00:00	2022-10-24	13:00:00	181	40.8	Medium
2022-10-24 13:15:00	2022-10-24	13:15:00	181	44.9	Medium
2022-10-24 13:30:00	2022-10-24	13:30:00	193	41.8	Medium
2022-10-24 13:45:00	2022-10-24	13:45:00	158	46.6	Medium
2022-10-24 14:00:00	2022-10-24	14:00:00	147	51.3	Medium
2022-10-24 14:15:00	2022-10-24	14:15:00	155	43.4	Medium
2022-10-24 14:30:00	2022-10-24	14:30:00	110	53.4	Low
2022-10-24 14:45:00	2022-10-24	14:45:00	142	48.4	Medium
2022-10-24 15:00:00	2022-10-24	15:00:00	102	52.1	Low
2022-10-24 15:15:00	2022-10-24	15:15:00	108	55.1	Low
2022-10-24 15:30:00	2022-10-24	15:30:00	115	54.2	Low
2022-10-24 15:45:00	2022-10-24	15:45:00	102	50.3	Low
2022-10-24 16:00:00	2022-10-24	16:00:00	89	54.1	Low
2022-10-24 16:15:00	2022-10-24	16:15:00	100	54.2	Low
2022-10-24 16:30:00	2022-10-24	16:30:00	83	54.5	Low
2022-10-24 16:45:00	2022-10-24	16:45:00	83	57.1	Low
2022-10-24 17:00:00	2022-10-24	17:00:00	120	51.8	Medium
2022-10-24 17:15:00	2022-10-24	17:15:00	92	59.8	Low
2022-10-24 17:30:00	2022-10-24	17:30:00	120	46.4	Medium
2022-10-24 17:45:00	2022-10-24	17:45:00	116	51.1	Low
2022-10-24 18:00:00	2022-10-24	18:00:00	111	49.3	Low
2022-10-24 18:15:00	2022-10-24	18:15:00	127	52	Medium
2022-10-24 18:30:00	2022-10-24	18:30:00	155	42.1	Medium
2022-10-24 18:45:00	2022-10-24	18:45:00	122	51.8	Medium
2022-10-24 19:00:00	2022-10-24	19:00:00	168	43.5	Medium
2022-10-24 19:15:00	2022-10-24	19:15:00	181	41.7	Medium
2022-10-24 19:30:00	2022-10-24	19:30:00	186	39	Medium
2022-10-24 19:45:00	2022-10-24	19:45:00	171	43.7	Medium
2022-10-24 20:00:00	2022-10-24	20:00:00	203	44.6	Medium
2022-10-24 20:15:00	2022-10-24	20:15:00	233	37.7	High
2022-10-24 20:30:00	2022-10-24	20:30:00	238	39.1	High
2022-10-24 20:45:00	2022-10-24	20:45:00	227	43.5	High
2022-10-24 21:00:00	2022-10-24	21:00:00	241	37.7	High
2022-10-24 21:15:00	2022-10-24	21:15:00	227	36.8	High
2022-10-24 21:30:00	2022-10-24	21:30:00	227	39.9	High
2022-10-24 21:45:00	2022-10-24	21:45:00	247	34.6	High
2022-10-24 22:00:00	2022-10-24	22:00:00	256	33.6	High
2022-10-24 22:15:00	2022-10-24	22:15:00	271	28.8	High
2022-10-24 22:30:00	2022-10-24	22:30:00	259	37.6	High
2022-10-24 22:45:00	2022-10-24	22:45:00	227	37.4	High
2022-10-24 23:00:00	2022-10-24	23:00:00	255	35.8	High
2022-10-24 23:15:00	2022-10-24	23:15:00	224	35.8	High
2022-10-24 23:30:00	2022-10-24	23:30:00	234	39	High
2022-10-24 23:45:00	2022-10-24	23:45:00	243	34.4	High
2022-10-25 0:00:00	2022-10-25	0:00:00	242	36.3	High
2022-10-25 0:15:00	2022-10-25	0:15:00	259	37.4	High
2022-10-25 0:30:00	2022-10-25	0:30:00	221	41.6	High
2022-10-25 0:45:00	2022-10-25	0:45:00	209	40.6	Medium
2022-10-25 1:00:00	2022-10-25	1:00:00	183	38.3	Medium
2022-10-25 1:15:00	2022-10-25	1:15:00	188	52	Medium
2022-10-25 1:30:00	2022-10-25	1:30:00	170	50.4	Medium
2022-10-25 1:45:00	2022-10-25	1:45:00	201	43.7	Medium
2022-10-25 2:00:00	2022-10-25	2:00:00	140	46.4	Medium
2022-10-25 2:15:00	2022-10-25	2:15:00	144	47.9	Medium
2022-10-25 2:30:00	2022-10-25	2:30:00	147	46.2	Medium
2022-10-25 2:45:00	2022-10-25	2:45:00	143	52.1	Medium
2022-10-25 3:00:00	2022-10-25	3:00:00	122	51.6	Medium
2022-10-25 3:15:00	2022-10-25	3:15:00	100	51	Low
2022-10-25 3:30:00	2022-10-25	3:30:00	101	51.8	Low
2022-10-25 3:45:00	2022-10-25	3:45:00	93	57.5	Low
2022-10-25 4:00:00	2022-10-25	4:00:00	106	57.4	Low
2022-10-25 4:15:00	2022-10-25	4:15:00	111	56.6	Low
2022-10-25 4:30:00	2022-10-25	4:30:00	106	54.9	Low
2022-10-25 4:45:00	2022-10-25	4:45:00	125	49.7	Medium
2022-10-25 5:00:00	2022-10-25	5:00:00	109	42.6	Low
2022-10-25 5:15:00	2022-10-25	5:15:00	120	51.9	Medium
2022-10-25 5:30:00	2022-10-25	5:30:00	93	54.1	Low
2022-10-25 5:45:00	2022-10-25	5:45:00	104	53.3	Low
2022-10-25 6:00:00	2022-10-25	6:00:00	147	48	Medium
2022-10-25 6:15:00	2022-10-25	6:15:00	150	43.5	Medium
2022-10-25 6:30:00	2022-10-25	6:30:00	133	51.2	Medium
2022-10-25 6:45:00	2022-10-25	6:45:00	136	51	Medium
2022-10-25 7:00:00	2022-10-25	7:00:00	152	49.3	Medium
2022-10-25 7:15:00	2022-10-25	7:15:00	169	48.1	Medium
2022-10-25 7:30:00	2022-10-25	7:30:00	188	44.9	Medium
2022-10-25 7:45:00	2022-10-25	7:45:00	183	42.4	Medium
2022-10-25 8:00:00	2022-10-25	8:00:00	220	39.1	High
2022-10-25 8:15:00	2022-10-25	8:15:00	213	40.4	Medium
2022-10-25 8:30:00	2022-10-25	8:30:00	212	40.6	Medium
2022-10-25 8:45:00	2022-10-25	8:45:00	202	44.4	Medium
2022-10-25 9:00:00	2022-10-25	9:00:00	250	37.8	High
2022-10-25 9:15:00	2022-10-25	9:15:00	246	42.5	High
2022-10-25 9:30:00	2022-10-25	9:30:00	247	42.8	High
2022-10-25 9:45:00	2022-10-25	9:45:00	232	38.2	High
2022-10-25 10:00:00	2022-10-25	10:00:00	217	28.2	Medium
2022-10-25 10:15:00	2022-10-25	10:15:00	266	37.7	High
2022-10-25 10:30:00	2022-10-25	10:30:00	242	35.1	High
2022-10-25 10:45:00	2022-10-25	10:45:00	237	34.9	High
2022-10-25 11:00:00	2022-10-25	11:00:00	250	34.6	High
2022-10-25 11:15:00	2022-10-25	11:15:00	234	36.4	High
2022-10-25 11:30:00	2022-10-25	11:30:00	255	37.1	High
2022-10-25 11:45:00	2022-10-25	11:45:00	249	31.3	High
2022-10-25 12:00:00	2022-10-25	12:00:00	222	35.9	High
2022-10-25 12:15:00	2022-10-25	12:15:00	192	43.6	Medium
2022-10-25 12:30:00	2022-10-25	12:30:00	230	40	High
2022-10-25 12:45:00	2022-10-25	12:45:00	216	41.7	Medium
2022-10-25 13:00:00	2022-10-25	13:00:00	169	42.9	Medium
2022-10-25 13:15:00	2022-10-25	13:15:00	177	41.4	Medium
2022-10-25 13:30:00	2022-10-25	13:30:00	148	46.2	Medium
2022-10-25 13:45:00	2022-10-25	13:45:00	181	44.6	Medium
2022-10-25 14:00:00	2022-10-25	14:00:00	122	55.2	Medium
2022-10-25 14:15:00	2022-10-25	14:15:00	117	45.2	Low
2022-10-25 14:30:00	2022-10-25	14:30:00	114	51	Low
2022-10-25 14:45:00	2022-10-25	14:45:00	154	43	Medium
2022-10-25 15:00:00	2022-10-25	15:00:00	100	48.4	Low
2022-10-25 15:15:00	2022-10-25	15:15:00	133	52.4	Medium
2022-10-25 15:30:00	2022-10-25	15:30:00	102	54.7	Low
2022-10-25 15:45:00	2022-10-25	15:45:00	84	56.5	Low
2022-10-25 16:00:00	2022-10-25	16:00:00	83	58.1	Low
2022-10-25 16:15:00	2022-10-25	16:15:00	118	49.8	Low
2022-10-25 16:30:00	2022-10-25	16:30:00	97	52.4	Low
2022-10-25 16:45:00	2022-10-25	16:45:00	91	60.9	Low
2022-10-25 17:00:00	2022-10-25	17:00:00	112	51.2	Low
2022-10-25 17:15:00	2022-10-25	17:15:00	117	53.6	Low
2022-10-25 17:30:00	2022-10-25	17:30:00	126	50.3	Medium
2022-10-25 17:45:00	2022-10-25	17:45:00	131	44.2	Medium
2022-10-25 18:00:00	2022-10-25	18:00:00	132	43.5	Medium
2022-10-25 18:15:00	2022-10-25	18:15:00	117	49.6	Low
2022-10-25 18:30:00	2022-10-25	18:30:00	131	52.9	Medium
2022-10-25 18:45:00	2022-10-25	18:45:00	141	50.9	Medium
2022-10-25 19:00:00	2022-10-25	19:00:00	160	49.1	Medium
2022-10-25 19:15:00	2022-10-25	19:15:00	160	43.4	Medium
2022-10-25 19:30:00	2022-10-25	19:30:00	180	48.8	Medium
2022-10-25 19:45:00	2022-10-25	19:45:00	174	41.8	Medium
2022-10-25 20:00:00	2022-10-25	20:00:00	212	40.9	Medium
2022-10-25 20:15:00	2022-10-25	20:15:00	201	41.5	Medium
2022-10-25 20:30:00	2022-10-25	20:30:00	209	40.1	Medium
2022-10-25 20:45:00	2022-10-25	20:45:00	198	45.9	Medium
2022-10-25 21:00:00	2022-10-25	21:00:00	253	33.4	High
2022-10-25 21:15:00	2022-10-25	21:15:00	255	31.2	High
2022-10-25 21:30:00	2022-10-25	21:30:00	212	40.3	Medium
2022-10-25 21:45:00	2022-10-25	21:45:00	226	37.4	High
2022-10-25 22:00:00	2022-10-25	22:00:00	227	48.6	High
2022-10-25 22:15:00	2022-10-25	22:15:00	240	39	High
2022-10-25 22:30:00	2022-10-25	22:30:00	248	34.8	High
2022-10-25 22:45:00	2022-10-25	22:45:00	228	35.2	High
2022-10-25 23:00:00	2022-10-25	23:00:00	226	33	High
2022-10-25 23:15:00	2022-10-25	23:15:00	224	35.8	High
2022-10-25 23:30:00	2022-10-25	23:30:00	243	37	High
2022-10-25 23:45:00	2022-10-25	23:45:00	240	41.3	High
2022-10-26 0:00:00	2022-10-26	0:00:00	201	44.9	Medium
2022-10-26 0:15:00	2022-10-26	0:15:00	215	40.6	Medium
2022-10-26 0:30:00	2022-10-26	0:30:00	204	40.2	Medium
2022-10-26 0:45:00	2022-10-26	0:45:00	208	41.5	Medium
2022-10-26 1:00:00	2022-10-26	1:00:00	200	40.1	Medium
2022-10-26 1:15:00	2022-10-26	1:15:00	195	47.4	Medium
2022-10-26 1:30:00	2022-10-26	1:30:00	155	46.3	Medium
2022-10-26 1:45:00	2022-10-26	1:45:00	187	42.9	Medium
2022-10-26 2:00:00	2022-10-26	2:00:00	149	41	Medium
2022-10-26 2:15:00	2022-10-26	2:15:00	120	50.4	Medium
2022-10-26 2:30:00	2022-10-26	2:30:00	149	50.1	Medium
2022-10-26 2:45:00	2022-10-26	2:45:00	160	43.1	Medium
2022-10-26 3:00:00	2022-10-26	3:00:00	93	51.9	Low
2022-10-26 3:15:00	2022-10-26	3:15:00	96	56.2	Low
2022-10-26 3:30:00	2022-10-26	3:30:00	125	46	Medium
2022-10-26 3:45:00	2022-10-26	3:45:00	114	54.9	Low
2022-10-26 4:00:00	2022-10-26	4:00:00	108	50.8	Low
2022-10-26 4:15:00	2022-10-26	4:15:00	105	51.6	Low
2022-10-26 4:30:00	2022-10-26	4:30:00	105	49.4	Low
2022-10-26 4:45:00	2022-10-26	4:45:00	80	56.8	Low
2022-10-26 5:00:00	2022-10-26	5:00:00	125	57.8	Medium
2022-10-26 5:15:00	2022-10-26	5:15:00	127	52.5	Medium
2022-10-26 5:30:00	2022-10-26	5:30:00	106	50	Low
2022-10-26 5:45:00	2022-10-26	5:45:00	109	55.7	Low
2022-10-26 6:00:00	2022-10-26	6:00:00	114	50.7	Low
2022-10-26 6:15:00	2022-10-26	6:15:00	145	52.2	Medium
2022-10-26 6:30:00	2022-10-26	6:30:00	146	50.4	Medium
2022-10-26 6:45:00	2022-10-26	6:45:00	136	40.3	Medium
2022-10-26 7:00:00	2022-10-26	7:00:00	191	39.7	Medium
2022-10-26 7:15:00	2022-10-26	7:15:00	169	48.1	Medium
2022-10-26 7:30:00	2022-10-26	7:30:00	183	44.1	Medium
2022-10-26 7:45:00	2022-10-26	7:45:00	159	43.4	Medium
2022-10-26 8:00:00	2022-10-26	8:00:00	212	38.4	Medium
2022-10-26 8:15:00	2022-10-26	8:15:00	209	34.9	Medium
2022-10-26 8:30:00	2022-10-26	8:30:00	215	39.7	Medium
2022-10-26 8:45:00	2022-10-26	8:45:00	206	47.6	Medium
2022-10-26 9:00:00	2022-10-26	9:00:00	237	39.8	High
2022-10-26 9:15:00	2022-10-26	9:15:00	252	42.2	High
2022-10-26 9:30:00	2022-10-26	9:30:00	233	40.5	High
2022-10-26 9:45:00	2022-10-26	9:45:00	215	43	Medium
2022-10-26 10:00:00	2022-10-26	10:00:00	276	38.7	High
2022-10-26 10:15:00	2022-10-26	10:15:00	270	34.6	High
2022-10-26 10:30:00	2022-10-26	10:30:00	230	37.6	High
2022-10-26 10:45:00	2022-10-26	10:45:00	260	37.8	High
2022-10-26 11:00:00	2022-10-26	11:00:00	232	42.3	High
2022-10-26 11:15:00	2022-10-26	11:15:00	243	35.2	High
2022-10-26 11:30:00	2022-10-26	11:30:00	244	34.4	High
2022-10-26 11:45:00	2022-10-26	11:45:00	236	37.9	High
2022-10-26 12:00:00	2022-10-26	12:00:00	200	44.2	Medium
2022-10-26 12:15:00	2022-10-26	12:15:00	202	43.8	Medium
2022-10-26 12:30:00	2022-10-26	12:30:00	198	37.6	Medium
2022-10-26 12:45:00	2022-10-26	12:45:00	200	47.4	Medium
2022-10-26 13:00:00	2022-10-26	13:00:00	173	42.9	Medium
2022-10-26 13:15:00	2022-10-26	13:15:00	164	45.1	Medium
2022-10-26 13:30:00	2022-10-26	13:30:00	185	40.7	Medium
2022-10-26 13:45:00	2022-10-26	13:45:00	197	50.1	Medium
2022-10-26 14:00:00	2022-10-26	14:00:00	128	50.8	Medium
2022-10-26 14:15:00	2022-10-26	14:15:00	141	46	Medium
2022-10-26 14:30:00	2022-10-26	14:30:00	144	50.8	Medium
2022-10-26 14:45:00	2022-10-26	14:45:00	144	50.5	Medium
2022-10-26 15:00:00	2022-10-26	15:00:00	111	51.5	Low
2022-10-26 15:15:00	2022-10-26	15:15:00	121	53.4	Medium
2022-10-26 15:30:00	2022-10-26	15:30:00	117	48.9	Low
2022-10-26 15:45:00	2022-10-26	15:45:00	91	52.9	Low
2022-10-26 16:00:00	2022-10-26	16:00:00	113	45.8	Low
2022-10-26 16:15:00	2022-10-26	16:15:00	113	47.8	Low
2022-10-26 16:30:00	2022-10-26	16:30:00	88	60.2	Low
2022-10-26 16:45:00	2022-10-26	16:45:00	100	58.3	Low
2022-10-26 17:00:00	2022-10-26	17:00:00	120	51.2	Medium
2022-10-26 17:15:00	2022-10-26	17:15:00	106	57.6	Low
2022-10-26 17:30:00	2022-10-26	17:30:00	126	49.8	Medium
2022-10-26 17:45:00	2022-10-26	17:45:00	145	47.4	Medium
2022-10-26 18:00:00	2022-10-26	18:00:00	125	50.6	Medium
2022-10-26 18:15:00	2022-10-26	18:15:00	116	51.1	Low
2022-10-26 18:30:00	2022-10-26	18:30:00	142	47.8	Medium
2022-10-26 18:45:00	2022-10-26	18:45:00	148	51.2	Medium
2022-10-26 19:00:00	2022-10-26	19:00:00	171	45.5	Medium
2022-10-26 19:15:00	2022-10-26	19:15:00	196	44.3	Medium
2022-10-26 19:30:00	2022-10-26	19:30:00	154	50.1	Medium
2022-10-26 19:45:00	2022-10-26	19:45:00	185	44.6	Medium
2022-10-26 20:00:00	2022-10-26	20:00:00	203	38.4	Medium
2022-10-26 20:15:00	2022-10-26	20:15:00	238	33.2	High
2022-10-26 20:30:00	2022-10-26	20:30:00	242	37.2	High
2022-10-26 20:45:00	2022-10-26	20:45:00	201	41	Medium
2022-10-26 21:00:00	2022-10-26	21:00:00	231	38.3	High
2022-10-26 21:15:00	2022-10-26	21:15:00	252	35.6	High
2022-10-26 21:30:00	2022-10-26	21:30:00	234	45.5	High
2022-10-26 21:45:00	2022-10-26	21:45:00	239	33.1	High
2022-10-26 22:00:00	2022-10-26	22:00:00	250	29.9	High
2022-10-26 22:15:00	2022-10-26	22:15:00	221	40.2	High
2022-10-26 22:30:00	2022-10-26	22:30:00	249	34.8	High
2022-10-26 22:45:00	2022-10-26	22:45:00	239	38.1	High
2022-10-26 23:00:00	2022-10-26	23:00:00	232	39.7	High
2022-10-26 23:15:00	2022-10-26	23:15:00	261	38.4	High
2022-10-26 23:30:00	2022-10-26	23:30:00	221	34.7	High
2022-10-26 23:45:00	2022-10-26	23:45:00	252	33.9	High
2022-10-27 0:00:00	2022-10-27	0:00:00	208	42	Medium
2022-10-27 0:15:00	2022-10-27	0:15:00	208	43	Medium
2022-10-27 0:30:00	2022-10-27	0:30:00	224	45.4	High
2022-10-27 0:45:00	2022-10-27	0:45:00	217	42.6	Medium
2022-10-27 1:00:00	2022-10-27	1:00:00	183	43.5	Medium
2022-10-27 1:15:00	2022-10-27	1:15:00	189	40.3	Medium
2022-10-27 1:30:00	2022-10-27	1:30:00	170	43.5	Medium
2022-10-27 1:45:00	2022-10-27	1:45:00	165	44	Medium
2022-10-27 2:00:00	2022-10-27	2:00:00	121	52.8	Medium
2022-10-27 2:15:00	2022-10-27	2:15:00	125	51.2	Medium
2022-10-27 2:30:00	2022-10-27	2:30:00	181	39.9	Medium
2022-10-27 2:45:00	2022-10-27	2:45:00	156	45.5	Medium
2022-10-27 3:00:00	2022-10-27	3:00:00	89	57.2	Low
2022-10-27 3:15:00	2022-10-27	3:15:00	90	55.6	Low
2022-10-27 3:30:00	2022-10-27	3:30:00	117	53.1	Low
2022-10-27 3:45:00	2022-10-27	3:45:00	118	52.4	Low
2022-10-27 4:00:00	2022-10-27	4:00:00	108	57.3	Low
2022-10-27 4:15:00	2022-10-27	4:15:00	96	54.5	Low
2022-10-27 4:30:00	2022-10-27	4:30:00	98	52.4	Low
2022-10-27 4:45:00	2022-10-27	4:45:00	104	50.1	Low
2022-10-27 5:00:00	2022-10-27	5:00:00	111	52.8	Low
2022-10-27 5:15:00	2022-10-27	5:15:00	76	48.8	Low
2022-10-27 5:30:00	2022-10-27	5:30:00	106	52.1	Low
2022-10-27 5:45:00	2022-10-27	5:45:00	97	53.1	Low
2022-10-27 6:00:00	2022-10-27	6:00:00	140	44.6	Medium
2022-10-27 6:15:00	2022-10-27	6:15:00	182	41	Medium
2022-10-27 6:30:00	2022-10-27	6:30:00	143	50.7	Medium
2022-10-27 6:45:00	2022-10-27	6:45:00	132	50.3	Medium
2022-10-27 7:00:00	2022-10-27	7:00:00	188	43.4	Medium
2022-10-27 7:15:00	2022-10-27	7:15:00	182	44.7	Medium
2022-10-27 7:30:00	2022-10-27	7:30:00	181	44.2	Medium
2022-10-27 7:45:00	2022-10-27	7:45:00	184	47.3	Medium
2022-10-27 8:00:00	2022-10-27	8:00:00	243	37	High
2022-10-27 8:15:00	2022-10-27	8:15:00	195	37.9	Medium
2022-10-27 8:30:00	2022-10-27	8:30:00	219	44.3	Medium
2022-10-27 8:45:00	2022-10-27	8:45:00	198	43	Medium
2022-10-27 9:00:00	2022-10-27	9:00:00	248	34.3	High
2022-10-27 9:15:00	2022-10-27	9:15:00	226	34.9	High
2022-10-27 9:30:00	2022-10-27	9:30:00	233	39	High
2022-10-27 9:45:00	2022-10-27	9:45:00	235	37.2	High
2022-10-27 10:00:00	2022-10-27	10:00:00	264	38.9	High
2022-10-27 10:15:00	2022-10-27	10:15:00	263	33.3	High
2022-10-27 10:30:00	2022-10-27	10:30:00	231	35.5	High
2022-10-27 10:45:00	2022-10-27	10:45:00	250	38.5	High
2022-10-27 11:00:00	2022-10-27	11:00:00	229	41.1	High
2022-10-27 11:15:00	2022-10-27	11:15:00	221	39.7	High
2022-10-27 11:30:00	2022-10-27	11:30:00	236	39.5	High
2022-10-27 11:45:00	2022-10-27	11:45:00	235	37.5	High
2022-10-27 12:00:00	2022-10-27	12:00:00	248	36.8	High
2022-10-27 12:15:00	2022-10-27	12:15:00	218	43.1	Medium
2022-10-27 12:30:00	2022-10-27	12:30:00	191	44.6	Medium
2022-10-27 12:45:00	2022-10-27	12:45:00	204	40.7	Medium
2022-10-27 13:00:00	2022-10-27	13:00:00	190	46.9	Medium
2022-10-27 13:15:00	2022-10-27	13:15:00	206	33.9	Medium
2022-10-27 13:30:00	2022-10-27	13:30:00	151	53.5	Medium
2022-10-27 13:45:00	2022-10-27	13:45:00	146	42.8	Medium
2022-10-27 14:00:00	2022-10-27	14:00:00	165	43.9	Medium
2022-10-27 14:15:00	2022-10-27	14:15:00	143	48.2	Medium
2022-10-27 14:30:00	2022-10-27	14:30:00	124	50.1	Medium
2022-10-27 14:45:00	2022-10-27	14:45:00	145	51.1	Medium
2022-10-27 15:00:00	2022-10-27	15:00:00	70	53.7	Low
2022-10-27 15:15:00	2022-10-27	15:15:00	110	52.9	Low
2022-10-27 15:30:00	2022-10-27	15:30:00	114	50	Low
2022-10-27 15:45:00	2022-10-27	15:45:00	123	51.5	Medium
2022-10-27 16:00:00	2022-10-27	16:00:00	84	55	Low
2022-10-27 16:15:00	2022-10-27	16:15:00	101	53.5	Low
2022-10-27 16:30:00	2022-10-27	16:30:00	86	53.3	Low
2022-10-27 16:45:00	2022-10-27	16:45:00	103	51.5	Low
2022-10-27 17:00:00	2022-10-27	17:00:00	96	54.7	Low
2022-10-27 17:15:00	2022-10-27	17:15:00	103	55.8	Low
2022-10-27 17:30:00	2022-10-27	17:30:00	95	52.1	Low
2022-10-27 17:45:00	2022-10-27	17:45:00	119	48.5	Low
2022-10-27 18:00:00	2022-10-27	18:00:00	150	49.3	Medium
2022-10-27 18:15:00	2022-10-27	18:15:00	133	49.4	Medium
2022-10-27 18:30:00	2022-10-27	18:30:00	138	51.4	Medium
2022-10-27 18:45:00	2022-10-27	18:45:00	115	48.9	Low
2022-10-27 19:00:00	2022-10-27	19:00:00	170	39.8	Medium
2022-10-27 19:15:00	2022-10-27	19:15:00	174	43.1	Medium
2022-10-27 19:30:00	2022-10-27	19:30:00	214	37.7	Medium
2022-10-27 19:45:00	2022-10-27	19:45:00	158	46.3	Medium
2022-10-27 20:00:00	2022-10-27	20:00:00	234	35.8	High
2022-10-27 20:15:00	2022-10-27	20:15:00	227	40.7	High
2022-10-27 20:30:00	2022-10-27	20:30:00	216	38.9	Medium
2022-10-27 20:45:00	2022-10-27	20:45:00	238	37.7	High
2022-10-27 21:00:00	2022-10-27	21:00:00	245	36.9	High
2022-10-27 21:15:00	2022-10-27	21:15:00	245	37	High
2022-10-27 21:30:00	2022-10-27	21:30:00	239	37	High
2022-10-27 21:45:00	2022-10-27	21:45:00	258	36.4	High
2022-10-27 22:00:00	2022-10-27	22:00:00	266	31.6	High
2022-10-27 22:15:00	2022-10-27	22:15:00	240	41.2	High
2022-10-27 22:30:00	2022-10-27	22:30:00	230	37.5	High
2022-10-27 22:45:00	2022-10-27	22:45:00	246	32.4	High
2022-10-27 23:00:00	2022-10-27	23:00:00	227	39.1	High
2022-10-27 23:15:00	2022-10-27	23:15:00	238	34.7	High
2022-10-27 23:30:00	2022-10-27	23:30:00	258	36.9	High
2022-10-27 23:45:00	2022-10-27	23:45:00	233	44.4	High
2022-10-28 0:00:00	2022-10-28	0:00:00	211	38	Medium
2022-10-28 0:15:00	2022-10-28	0:15:00	213	41.1	Medium
2022-10-28 0:30:00	2022-10-28	0:30:00	225	33.5	High
2022-10-28 0:45:00	2022-10-28	0:45:00	178	45.6	Medium
2022-10-28 1:00:00	2022-10-28	1:00:00	165	43.1	Medium
2022-10-28 1:15:00	2022-10-28	1:15:00	178	42.4	Medium
2022-10-28 1:30:00	2022-10-28	1:30:00	193	39.2	Medium
2022-10-28 1:45:00	2022-10-28	1:45:00	167	47.7	Medium
2022-10-28 2:00:00	2022-10-28	2:00:00	109	55.3	Low
2022-10-28 2:15:00	2022-10-28	2:15:00	146	48	Medium
2022-10-28 2:30:00	2022-10-28	2:30:00	127	47.6	Medium
2022-10-28 2:45:00	2022-10-28	2:45:00	119	55.9	Low
2022-10-28 3:00:00	2022-10-28	3:00:00	100	51.1	Low
2022-10-28 3:15:00	2022-10-28	3:15:00	107	46	Low
2022-10-28 3:30:00	2022-10-28	3:30:00	100	54.7	Low
2022-10-28 3:45:00	2022-10-28	3:45:00	76	52.8	Low
2022-10-28 4:00:00	2022-10-28	4:00:00	113	54.8	Low
2022-10-28 4:15:00	2022-10-28	4:15:00	119	50	Low
2022-10-28 4:30:00	2022-10-28	4:30:00	109	54.1	Low
2022-10-28 4:45:00	2022-10-28	4:45:00	82	59.6	Low
2022-10-28 5:00:00	2022-10-28	5:00:00	107	48.9	Low
2022-10-28 5:15:00	2022-10-28	5:15:00	109	50.6	Low
2022-10-28 5:30:00	2022-10-28	5:30:00	119	50.9	Low
2022-10-28 5:45:00	2022-10-28	5:45:00	120	55.6	Medium
2022-10-28 6:00:00	2022-10-28	6:00:00	126	48.3	Medium
2022-10-28 6:15:00	2022-10-28	6:15:00	138	47.1	Medium
2022-10-28 6:30:00	2022-10-28	6:30:00	144	49.6	Medium
2022-10-28 6:45:00	2022-10-28	6:45:00	159	44.7	Medium
2022-10-28 7:00:00	2022-10-28	7:00:00	185	43.9	Medium
2022-10-28 7:15:00	2022-10-28	7:15:00	186	38.6	Medium
2022-10-28 7:30:00	2022-10-28	7:30:00	176	51.1	Medium
2022-10-28 7:45:00	2022-10-28	7:45:00	196	38.1	Medium
2022-10-28 8:00:00	2022-10-28	8:00:00	218	38.6	Medium
2022-10-28 8:15:00	2022-10-28	8:15:00	199	41.7	Medium
2022-10-28 8:30:00	2022-10-28	8:30:00	233	43.6	High
2022-10-28 8:45:00	2022-10-28	8:45:00	222	35.1	High
2022-10-28 9:00:00	2022-10-28	9:00:00	233	43.8	High
2022-10-28 9:15:00	2022-10-28	9:15:00	232	40.2	High
2022-10-28 9:30:00	2022-10-28	9:30:00	244	37.8	High
2022-10-28 9:45:00	2022-10-28	9:45:00	246	33.3	High
2022-10-28 10:00:00	2022-10-28	10:00:00	252	37.3	High
2022-10-28 10:15:00	2022-10-28	10:15:00	254	33.2	High
2022-10-28 10:30:00	2022-10-28	10:30:00	275	36.7	High
2022-10-28 10:45:00	2022-10-28	10:45:00	266	31.1	High
2022-10-28 11:00:00	2022-10-28	11:00:00	242	36.4	High
2022-10-28 11:15:00	2022-10-28	11:15:00	254	33.7	High
2022-10-28 11:30:00	2022-10-28	11:30:00	224	35.9	High
2022-10-28 11:45:00	2022-10-28	11:45:00	245	38.6	High
2022-10-28 12:00:00	2022-10-28	12:00:00	239	38.7	High
2022-10-28 12:15:00	2022-10-28	12:15:00	209	44.2	Medium
2022-10-28 12:30:00	2022-10-28	12:30:00	199	36.4	Medium
2022-10-28 12:45:00	2022-10-28	12:45:00	202	44.6	Medium
2022-10-28 13:00:00	2022-10-28	13:00:00	158	54.1	Medium
2022-10-28 13:15:00	2022-10-28	13:15:00	163	44.6	Medium
2022-10-28 13:30:00	2022-10-28	13:30:00	169	51	Medium
2022-10-28 13:45:00	2022-10-28	13:45:00	153	46.4	Medium
2022-10-28 14:00:00	2022-10-28	14:00:00	137	44.9	Medium
2022-10-28 14:15:00	2022-10-28	14:15:00	151	46.5	Medium
2022-10-28 14:30:00	2022-10-28	14:30:00	123	53.8	Medium
2022-10-28 14:45:00	2022-10-28	14:45:00	160	43.8	Medium
2022-10-28 15:00:00	2022-10-28	15:00:00	117	49.5	Low
2022-10-28 15:15:00	2022-10-28	15:15:00	125	52.2	Medium
2022-10-28 15:30:00	2022-10-28	15:30:00	100	53.3	Low
2022-10-28 15:45:00	2022-10-28	15:45:00	122	52.5	Medium
2022-10-28 16:00:00	2022-10-28	16:00:00	83	56	Low
2022-10-28 16:15:00	2022-10-28	16:15:00	113	53.3	Low
2022-10-28 16:30:00	2022-10-28	16:30:00	102	51.8	Low
2022-10-28 16:45:00	2022-10-28	16:45:00	108	53.1	Low
2022-10-28 17:00:00	2022-10-28	17:00:00	92	51.5	Low
2022-10-28 17:15:00	2022-10-28	17:15:00	96	57.7	Low
2022-10-28 17:30:00	2022-10-28	17:30:00	119	49.2	Low
2022-10-28 17:45:00	2022-10-28	17:45:00	95	57.3	Low
2022-10-28 18:00:00	2022-10-28	18:00:00	144	47.5	Medium
2022-10-28 18:15:00	2022-10-28	18:15:00	116	52.1	Low
2022-10-28 18:30:00	2022-10-28	18:30:00	150	46	Medium
2022-10-28 18:45:00	2022-10-28	18:45:00	119	48.1	Low
2022-10-28 19:00:00	2022-10-28	19:00:00	183	38.4	Medium
2022-10-28 19:15:00	2022-10-28	19:15:00	184	40.4	Medium
2022-10-28 19:30:00	2022-10-28	19:30:00	164	44.9	Medium
2022-10-28 19:45:00	2022-10-28	19:45:00	183	44.3	Medium
2022-10-28 20:00:00	2022-10-28	20:00:00	216	42.8	Medium
2022-10-28 20:15:00	2022-10-28	20:15:00	204	39.9	Medium
2022-10-28 20:30:00	2022-10-28	20:30:00	197	39.4	Medium
2022-10-28 20:45:00	2022-10-28	20:45:00	183	39.3	Medium
2022-10-28 21:00:00	2022-10-28	21:00:00	245	37.9	High
2022-10-28 21:15:00	2022-10-28	21:15:00	216	43.9	Medium
2022-10-28 21:30:00	2022-10-28	21:30:00	241	40.7	High
2022-10-28 21:45:00	2022-10-28	21:45:00	236	39.6	High
2022-10-28 22:00:00	2022-10-28	22:00:00	260	36.6	High
2022-10-28 22:15:00	2022-10-28	22:15:00	245	41.5	High
2022-10-28 22:30:00	2022-10-28	22:30:00	245	37.4	High
2022-10-28 22:45:00	2022-10-28	22:45:00	260	36.6	High
2022-10-28 23:00:00	2022-10-28	23:00:00	244	35.6	High
2022-10-28 23:15:00	2022-10-28	23:15:00	244	32.4	High
2022-10-28 23:30:00	2022-10-28	23:30:00	246	34.2	High
2022-10-28 23:45:00	2022-10-28	23:45:00	216	39.8	Medium
2022-10-29 0:00:00	2022-10-29	0:00:00	138	49.1	Medium
2022-10-29 0:15:00	2022-10-29	0:15:00	136	54.9	Medium
2022-10-29 0:30:00	2022-10-29	0:30:00	112	52.2	Low
2022-10-29 0:45:00	2022-10-29	0:45:00	123	54.2	Medium
2022-10-29 1:00:00	2022-10-29	1:00:00	104	51.6	Low
2022-10-29 1:15:00	2022-10-29	1:15:00	102	52.2	Low
2022-10-29 1:30:00	2022-10-29	1:30:00	110	48.2	Low
2022-10-29 1:45:00	2022-10-29	1:45:00	126	48.1	Medium
2022-10-29 2:00:00	2022-10-29	2:00:00	98	55.1	Low
2022-10-29 2:15:00	2022-10-29	2:15:00	62	57.8	Low
2022-10-29 2:30:00	2022-10-29	2:30:00	91	57.2	Low
2022-10-29 2:45:00	2022-10-29	2:45:00	102	53.6	Low
2022-10-29 3:00:00	2022-10-29	3:00:00	71	55.7	Low
2022-10-29 3:15:00	2022-10-29	3:15:00	82	61.9	Low
2022-10-29 3:30:00	2022-10-29	3:30:00	96	53.5	Low
2022-10-29 3:45:00	2022-10-29	3:45:00	81	59	Low
2022-10-29 4:00:00	2022-10-29	4:00:00	63	56.4	Low
2022-10-29 4:15:00	2022-10-29	4:15:00	75	58.4	Low
2022-10-29 4:30:00	2022-10-29	4:30:00	62	60.6	Low
2022-10-29 4:45:00	2022-10-29	4:45:00	60	58.6	Low
2022-10-29 5:00:00	2022-10-29	5:00:00	60	50.9	Low
2022-10-29 5:15:00	2022-10-29	5:15:00	89	54.7	Low
2022-10-29 5:30:00	2022-10-29	5:30:00	53	62.5	Low
2022-10-29 5:45:00	2022-10-29	5:45:00	89	56.2	Low
2022-10-29 6:00:00	2022-10-29	6:00:00	89	56	Low
2022-10-29 6:15:00	2022-10-29	6:15:00	61	52.7	Low
2022-10-29 6:30:00	2022-10-29	6:30:00	88	52.6	Low
2022-10-29 6:45:00	2022-10-29	6:45:00	50	60.4	Low
2022-10-29 7:00:00	2022-10-29	7:00:00	114	52.9	Low
2022-10-29 7:15:00	2022-10-29	7:15:00	118	54.9	Low
2022-10-29 7:30:00	2022-10-29	7:30:00	96	53.4	Low
2022-10-29 7:45:00	2022-10-29	7:45:00	106	53.9	Low
2022-10-29 8:00:00	2022-10-29	8:00:00	156	46.8	Medium
2022-10-29 8:15:00	2022-10-29	8:15:00	119	48.2	Low
2022-10-29 8:30:00	2022-10-29	8:30:00	111	45.3	Low
2022-10-29 8:45:00	2022-10-29	8:45:00	149	48.9	Medium
2022-10-29 9:00:00	2022-10-29	9:00:00	173	45.3	Medium
2022-10-29 9:15:00	2022-10-29	9:15:00	144	46.3	Medium
2022-10-29 9:30:00	2022-10-29	9:30:00	159	41.6	Medium
2022-10-29 9:45:00	2022-10-29	9:45:00	164	47.8	Medium
2022-10-29 10:00:00	2022-10-29	10:00:00	138	48.1	Medium
2022-10-29 10:15:00	2022-10-29	10:15:00	142	50.1	Medium
2022-10-29 10:30:00	2022-10-29	10:30:00	168	51	Medium
2022-10-29 10:45:00	2022-10-29	10:45:00	175	38.2	Medium
2022-10-29 11:00:00	2022-10-29	11:00:00	152	45.2	Medium
2022-10-29 11:15:00	2022-10-29	11:15:00	130	49.2	Medium
2022-10-29 11:30:00	2022-10-29	11:30:00	173	49.2	Medium
2022-10-29 11:45:00	2022-10-29	11:45:00	136	44.2	Medium
2022-10-29 12:00:00	2022-10-29	12:00:00	122	56.6	Medium
2022-10-29 12:15:00	2022-10-29	12:15:00	132	50	Medium
2022-10-29 12:30:00	2022-10-29	12:30:00	150	47.2	Medium
2022-10-29 12:45:00	2022-10-29	12:45:00	140	48.1	Medium
2022-10-29 13:00:00	2022-10-29	13:00:00	111	50.7	Low
2022-10-29 13:15:00	2022-10-29	13:15:00	111	55.2	Low
2022-10-29 13:30:00	2022-10-29	13:30:00	105	49.5	Low
2022-10-29 13:45:00	2022-10-29	13:45:00	113	52.9	Low
2022-10-29 14:00:00	2022-10-29	14:00:00	44	58.7	Low
2022-10-29 14:15:00	2022-10-29	14:15:00	78	53.6	Low
2022-10-29 14:30:00	2022-10-29	14:30:00	86	62.7	Low
2022-10-29 14:45:00	2022-10-29	14:45:00	65	58.7	Low
2022-10-29 15:00:00	2022-10-29	15:00:00	71	58.6	Low
2022-10-29 15:15:00	2022-10-29	15:15:00	62	61.2	Low
2022-10-29 15:30:00	2022-10-29	15:30:00	92	50	Low
2022-10-29 15:45:00	2022-10-29	15:45:00	89	59.9	Low
2022-10-29 16:00:00	2022-10-29	16:00:00	53	51.3	Low
2022-10-29 16:15:00	2022-10-29	16:15:00	57	56	Low
2022-10-29 16:30:00	2022-10-29	16:30:00	58	56.9	Low
2022-10-29 16:45:00	2022-10-29	16:45:00	53	60.6	Low
2022-10-29 17:00:00	2022-10-29	17:00:00	68	57.7	Low
2022-10-29 17:15:00	2022-10-29	17:15:00	54	58.2	Low
2022-10-29 17:30:00	2022-10-29	17:30:00	49	59.2	Low
2022-10-29 17:45:00	2022-10-29	17:45:00	75	53.3	Low
2022-10-29 18:00:00	2022-10-29	18:00:00	91	49.9	Low
2022-10-29 18:15:00	2022-10-29	18:15:00	70	59	Low
2022-10-29 18:30:00	2022-10-29	18:30:00	95	56	Low
2022-10-29 18:45:00	2022-10-29	18:45:00	73	61.2	Low
2022-10-29 19:00:00	2022-10-29	19:00:00	108	50	Low
2022-10-29 19:15:00	2022-10-29	19:15:00	117	53.4	Low
2022-10-29 19:30:00	2022-10-29	19:30:00	104	52	Low
2022-10-29 19:45:00	2022-10-29	19:45:00	111	55.6	Low
2022-10-29 20:00:00	2022-10-29	20:00:00	119	54.2	Low
2022-10-29 20:15:00	2022-10-29	20:15:00	124	51.2	Medium
2022-10-29 20:30:00	2022-10-29	20:30:00	124	49.5	Medium
2022-10-29 20:45:00	2022-10-29	20:45:00	116	54.3	Low
2022-10-29 21:00:00	2022-10-29	21:00:00	141	50.5	Medium
2022-10-29 21:15:00	2022-10-29	21:15:00	120	48.9	Medium
2022-10-29 21:30:00	2022-10-29	21:30:00	136	45.1	Medium
2022-10-29 21:45:00	2022-10-29	21:45:00	139	47.9	Medium
2022-10-29 22:00:00	2022-10-29	22:00:00	146	52.5	Medium
2022-10-29 22:15:00	2022-10-29	22:15:00	146	51.4	Medium
2022-10-29 22:30:00	2022-10-29	22:30:00	149	44.3	Medium
2022-10-29 22:45:00	2022-10-29	22:45:00	157	43.2	Medium
2022-10-29 23:00:00	2022-10-29	23:00:00	157	50.5	Medium
2022-10-29 23:15:00	2022-10-29	23:15:00	134	46	Medium
2022-10-29 23:30:00	2022-10-29	23:30:00	125	51.9	Medium
2022-10-29 23:45:00	2022-10-29	23:45:00	128	48.2	Medium
2022-10-30 0:00:00	2022-10-30	0:00:00	120	55.9	Medium
2022-10-30 0:15:00	2022-10-30	0:15:00	122	48.5	Medium
2022-10-30 0:30:00	2022-10-30	0:30:00	115	55	Low
2022-10-30 0:45:00	2022-10-30	0:45:00	108	53	Low
2022-10-30 1:00:00	2022-10-30	1:00:00	98	54.3	Low
2022-10-30 1:15:00	2022-10-30	1:15:00	107	46.6	Low
2022-10-30 1:30:00	2022-10-30	1:30:00	113	45.2	Low
2022-10-30 1:45:00	2022-10-30	1:45:00	96	53.1	Low
2022-10-30 2:00:00	2022-10-30	2:00:00	76	56.9	Low
2022-10-30 2:15:00	2022-10-30	2:15:00	68	53.7	Low
2022-10-30 2:30:00	2022-10-30	2:30:00	82	52.2	Low
2022-10-30 2:45:00	2022-10-30	2:45:00	69	58.6	Low
2022-10-30 3:00:00	2022-10-30	3:00:00	74	58.1	Low
2022-10-30 3:15:00	2022-10-30	3:15:00	39	60	Low
2022-10-30 3:30:00	2022-10-30	3:30:00	60	60.3	Low
2022-10-30 3:45:00	2022-10-30	3:45:00	70	53.3	Low
2022-10-30 4:00:00	2022-10-30	4:00:00	62	56.7	Low
2022-10-30 4:15:00	2022-10-30	4:15:00	100	58.3	Low
2022-10-30 4:30:00	2022-10-30	4:30:00	65	57.6	Low
2022-10-30 4:45:00	2022-10-30	4:45:00	44	60.2	Low
2022-10-30 5:00:00	2022-10-30	5:00:00	64	64.5	Low
2022-10-30 5:15:00	2022-10-30	5:15:00	39	56.3	Low
2022-10-30 5:30:00	2022-10-30	5:30:00	64	59.9	Low
2022-10-30 5:45:00	2022-10-30	5:45:00	53	63.8	Low
2022-10-30 6:00:00	2022-10-30	6:00:00	96	52.8	Low
2022-10-30 6:15:00	2022-10-30	6:15:00	74	58.9	Low
2022-10-30 6:30:00	2022-10-30	6:30:00	80	52.7	Low
2022-10-30 6:45:00	2022-10-30	6:45:00	72	54.5	Low
2022-10-30 7:00:00	2022-10-30	7:00:00	131	50.9	Medium
2022-10-30 7:15:00	2022-10-30	7:15:00	100	55.7	Low
2022-10-30 7:30:00	2022-10-30	7:30:00	132	53	Medium
2022-10-30 7:45:00	2022-10-30	7:45:00	117	56.1	Low
2022-10-30 8:00:00	2022-10-30	8:00:00	134	49.2	Medium
2022-10-30 8:15:00	2022-10-30	8:15:00	133	53.1	Medium
2022-10-30 8:30:00	2022-10-30	8:30:00	133	48.5	Medium
2022-10-30 8:45:00	2022-10-30	8:45:00	98	56.3	Low
2022-10-30 9:00:00	2022-10-30	9:00:00	139	49.4	Medium
2022-10-30 9:15:00	2022-10-30	9:15:00	156	48.1	Medium
2022-10-30 9:30:00	2022-10-30	9:30:00	143	49.6	Medium
2022-10-30 9:45:00	2022-10-30	9:45:00	122	46	Medium
2022-10-30 10:00:00	2022-10-30	10:00:00	149	44.2	Medium
2022-10-30 10:15:00	2022-10-30	10:15:00	175	44.9	Medium
2022-10-30 10:30:00	2022-10-30	10:30:00	168	40.3	Medium
2022-10-30 10:45:00	2022-10-30	10:45:00	149	50.1	Medium
2022-10-30 11:00:00	2022-10-30	11:00:00	158	49.2	Medium
2022-10-30 11:15:00	2022-10-30	11:15:00	138	49.9	Medium
2022-10-30 11:30:00	2022-10-30	11:30:00	118	47.9	Low
2022-10-30 11:45:00	2022-10-30	11:45:00	130	54	Medium
2022-10-30 12:00:00	2022-10-30	12:00:00	150	53.6	Medium
2022-10-30 12:15:00	2022-10-30	12:15:00	123	51.1	Medium
2022-10-30 12:30:00	2022-10-30	12:30:00	123	52.2	Medium
2022-10-30 12:45:00	2022-10-30	12:45:00	123	51.3	Medium
2022-10-30 13:00:00	2022-10-30	13:00:00	133	51.1	Medium
2022-10-30 13:15:00	2022-10-30	13:15:00	129	49.6	Medium
2022-10-30 13:30:00	2022-10-30	13:30:00	138	48.8	Medium
2022-10-30 13:45:00	2022-10-30	13:45:00	102	55.8	Low
2022-10-30 14:00:00	2022-10-30	14:00:00	86	62	Low
2022-10-30 14:15:00	2022-10-30	14:15:00	59	53.9	Low
2022-10-30 14:30:00	2022-10-30	14:30:00	104	52.6	Low
2022-10-30 14:45:00	2022-10-30	14:45:00	64	54	Low
2022-10-30 15:00:00	2022-10-30	15:00:00	69	61.7	Low
2022-10-30 15:15:00	2022-10-30	15:15:00	49	57.5	Low
2022-10-30 15:30:00	2022-10-30	15:30:00	57	54	Low
2022-10-30 15:45:00	2022-10-30	15:45:00	53	60.7	Low
2022-10-30 16:00:00	2022-10-30	16:00:00	50	64.4	Low
2022-10-30 16:15:00	2022-10-30	16:15:00	51	61	Low
2022-10-30 16:30:00	2022-10-30	16:30:00	51	59.7	Low
2022-10-30 16:45:00	2022-10-30	16:45:00	72	57.8	Low
2022-10-30 17:00:00	2022-10-30	17:00:00	49	63.5	Low
2022-10-30 17:15:00	2022-10-30	17:15:00	69	54.3	Low
2022-10-30 17:30:00	2022-10-30	17:30:00	84	54.9	Low
2022-10-30 17:45:00	2022-10-30	17:45:00	58	56.9	Low
2022-10-30 18:00:00	2022-10-30	18:00:00	71	53.2	Low
2022-10-30 18:15:00	2022-10-30	18:15:00	79	54.8	Low
2022-10-30 18:30:00	2022-10-30	18:30:00	100	56.7	Low
2022-10-30 18:45:00	2022-10-30	18:45:00	85	56.8	Low
2022-10-30 19:00:00	2022-10-30	19:00:00	97	55.6	Low
2022-10-30 19:15:00	2022-10-30	19:15:00	112	52.4	Low
2022-10-30 19:30:00	2022-10-30	19:30:00	88	56.3	Low
2022-10-30 19:45:00	2022-10-30	19:45:00	115	49.2	Low
2022-10-30 20:00:00	2022-10-30	20:00:00	133	48.6	Medium
2022-10-30 20:15:00	2022-10-30	20:15:00	122	51.3	Medium
2022-10-30 20:30:00	2022-10-30	20:30:00	114	52.5	Low
2022-10-30 20:45:00	2022-10-30	20:45:00	114	52.7	Low
2022-10-30 21:00:00	2022-10-30	21:00:00	151	47	Medium
2022-10-30 21:15:00	2022-10-30	21:15:00	162	45	Medium
2022-10-30 21:30:00	2022-10-30	21:30:00	134	58.8	Medium
2022-10-30 21:45:00	2022-10-30	21:45:00	150	50.2	Medium
2022-10-30 22:00:00	2022-10-30	22:00:00	118	52.5	Low
2022-10-30 22:15:00	2022-10-30	22:15:00	141	47.9	Medium
2022-10-30 22:30:00	2022-10-30	22:30:00	149	46.3	Medium
2022-10-30 22:45:00	2022-10-30	22:45:00	136	48.7	Medium
2022-10-30 23:00:00	2022-10-30	23:00:00	129	50.8	Medium
2022-10-30 23:15:00	2022-10-30	23:15:00	133	43.8	Medium
2022-10-30 23:30:00	2022-10-30	23:30:00	148	43	Medium
2022-10-30 23:45:00	2022-10-30	23:45:00	141	46.6	Medium
2022-10-31 0:00:00	2022-10-31	0:00:00	178	44.9	Medium
2022-10-31 0:15:00	2022-10-31	0:15:00	180	43.3	Medium
2022-10-31 0:30:00	2022-10-31	0:30:00	203	45.8	Medium
2022-10-31 0:45:00	2022-10-31	0:45:00	219	35	Medium
2022-10-31 1:00:00	2022-10-31	1:00:00	133	47.2	Medium
2022-10-31 1:15:00	2022-10-31	1:15:00	167	50.1	Medium
2022-10-31 1:30:00	2022-10-31	1:30:00	167	45.9	Medium
2022-10-31 1:45:00	2022-10-31	1:45:00	195	44.9	Medium
2022-10-31 2:00:00	2022-10-31	2:00:00	131	55.9	Medium
2022-10-31 2:15:00	2022-10-31	2:15:00	143	46.2	Medium
2022-10-31 2:30:00	2022-10-31	2:30:00	139	48.5	Medium
2022-10-31 2:45:00	2022-10-31	2:45:00	105	51.9	Low
2022-10-31 3:00:00	2022-10-31	3:00:00	121	45	Medium
2022-10-31 3:15:00	2022-10-31	3:15:00	113	50.9	Low
2022-10-31 3:30:00	2022-10-31	3:30:00	117	54	Low
2022-10-31 3:45:00	2022-10-31	3:45:00	168	47	Medium
2022-10-31 4:00:00	2022-10-31	4:00:00	68	58.9	Low
2022-10-31 4:15:00	2022-10-31	4:15:00	125	49.3	Medium
2022-10-31 4:30:00	2022-10-31	4:30:00	95	51.9	Low
2022-10-31 4:45:00	2022-10-31	4:45:00	104	56.7	Low
2022-10-31 5:00:00	2022-10-31	5:00:00	109	50.8	Low
2022-10-31 5:15:00	2022-10-31	5:15:00	103	53.9	Low
2022-10-31 5:30:00	2022-10-31	5:30:00	101	53.7	Low
2022-10-31 5:45:00	2022-10-31	5:45:00	114	56.1	Low
2022-10-31 6:00:00	2022-10-31	6:00:00	114	54.6	Low
2022-10-31 6:15:00	2022-10-31	6:15:00	148	43.8	Medium
2022-10-31 6:30:00	2022-10-31	6:30:00	131	46.2	Medium
2022-10-31 6:45:00	2022-10-31	6:45:00	120	52.7	Medium
2022-10-31 7:00:00	2022-10-31	7:00:00	168	45.2	Medium
2022-10-31 7:15:00	2022-10-31	7:15:00	193	41.1	Medium
2022-10-31 7:30:00	2022-10-31	7:30:00	166	48.7	Medium
2022-10-31 7:45:00	2022-10-31	7:45:00	180	44.6	Medium
2022-10-31 8:00:00	2022-10-31	8:00:00	201	41.7	Medium
2022-10-31 8:15:00	2022-10-31	8:15:00	223	41.3	High
2022-10-31 8:30:00	2022-10-31	8:30:00	222	38	High
2022-10-31 8:45:00	2022-10-31	8:45:00	240	41.7	High
2022-10-31 9:00:00	2022-10-31	9:00:00	237	35	High
2022-10-31 9:15:00	2022-10-31	9:15:00	249	37.9	High
2022-10-31 9:30:00	2022-10-31	9:30:00	241	41.2	High
2022-10-31 9:45:00	2022-10-31	9:45:00	259	30.7	High
2022-10-31 10:00:00	2022-10-31	10:00:00	239	36.1	High
2022-10-31 10:15:00	2022-10-31	10:15:00	261	38	High
2022-10-31 10:30:00	2022-10-31	10:30:00	247	39.7	High
2022-10-31 10:45:00	2022-10-31	10:45:00	249	35.4	High
2022-10-31 11:00:00	2022-10-31	11:00:00	241	34.7	High
2022-10-31 11:15:00	2022-10-31	11:15:00	243	39.5	High
2022-10-31 11:30:00	2022-10-31	11:30:00	238	40.8	High
2022-10-31 11:45:00	2022-10-31	11:45:00	243	33.2	High
2022-10-31 12:00:00	2022-10-31	12:00:00	236	33.9	High
2022-10-31 12:15:00	2022-10-31	12:15:00	227	39.2	High
2022-10-31 12:30:00	2022-10-31	12:30:00	225	40.6	High
2022-10-31 12:45:00	2022-10-31	12:45:00	205	40.2	Medium
2022-10-31 13:00:00	2022-10-31	13:00:00	161	48.3	Medium
2022-10-31 13:15:00	2022-10-31	13:15:00	189	40.8	Medium
2022-10-31 13:30:00	2022-10-31	13:30:00	188	36.7	Medium
2022-10-31 13:45:00	2022-10-31	13:45:00	197	40.7	Medium
2022-10-31 14:00:00	2022-10-31	14:00:00	128	50.3	Medium
2022-10-31 14:15:00	2022-10-31	14:15:00	134	48.5	Medium
2022-10-31 14:30:00	2022-10-31	14:30:00	112	48.5	Low
2022-10-31 14:45:00	2022-10-31	14:45:00	131	44.3	Medium
2022-10-31 15:00:00	2022-10-31	15:00:00	124	49	Medium
2022-10-31 15:15:00	2022-10-31	15:15:00	103	55.7	Low
2022-10-31 15:30:00	2022-10-31	15:30:00	119	54.9	Low
2022-10-31 15:45:00	2022-10-31	15:45:00	107	56.1	Low
2022-10-31 16:00:00	2022-10-31	16:00:00	104	50.4	Low
2022-10-31 16:15:00	2022-10-31	16:15:00	82	52	Low
2022-10-31 16:30:00	2022-10-31	16:30:00	101	54.7	Low
2022-10-31 16:45:00	2022-10-31	16:45:00	55	60.5	Low
2022-10-31 17:00:00	2022-10-31	17:00:00	107	53.7	Low
2022-10-31 17:15:00	2022-10-31	17:15:00	85	49	Low
2022-10-31 17:30:00	2022-10-31	17:30:00	128	47.5	Medium
2022-10-31 17:45:00	2022-10-31	17:45:00	121	50.8	Medium
2022-10-31 18:00:00	2022-10-31	18:00:00	144	49.7	Medium
2022-10-31 18:15:00	2022-10-31	18:15:00	160	48.6	Medium
2022-10-31 18:30:00	2022-10-31	18:30:00	123	51.1	Medium
2022-10-31 18:45:00	2022-10-31	18:45:00	163	47	Medium
2022-10-31 19:00:00	2022-10-31	19:00:00	188	43.3	Medium
2022-10-31 19:15:00	2022-10-31	19:15:00	171	47.1	Medium
2022-10-31 19:30:00	2022-10-31	19:30:00	192	43.5	Medium
2022-10-31 19:45:00	2022-10-31	19:45:00	158	46.8	Medium
2022-10-31 20:00:00	2022-10-31	20:00:00	200	40.9	Medium
2022-10-31 20:15:00	2022-10-31	20:15:00	203	41.6	Medium
2022-10-31 20:30:00	2022-10-31	20:30:00	204	42.7	Medium
2022-10-31 20:45:00	2022-10-31	20:45:00	196	42.9	Medium
2022-10-31 21:00:00	2022-10-31	21:00:00	258	36	High
2022-10-31 21:15:00	2022-10-31	21:15:00	236	41.5	High
2022-10-31 21:30:00	2022-10-31	21:30:00	245	37.2	High
2022-10-31 21:45:00	2022-10-31	21:45:00	231	36.1	High
2022-10-31 22:00:00	2022-10-31	22:00:00	222	41.8	High
2022-10-31 22:15:00	2022-10-31	22:15:00	254	31.3	High
2022-10-31 22:30:00	2022-10-31	22:30:00	221	36	High
2022-10-31 22:45:00	2022-10-31	22:45:00	248	37.1	High
2022-10-31 23:00:00	2022-10-31	23:00:00	219	41	Medium
2022-10-31 23:15:00	2022-10-31	23:15:00	269	29.9	High
2022-10-31 23:30:00	2022-10-31	23:30:00	253	34.3	High
2022-10-31 23:45:00	2022-10-31	23:45:00	241	35.1	High
2022-11-01 0:00:00	2022-11-01	0:00:00	231	36.6	High
2022-11-01 0:15:00	2022-11-01	0:15:00	199	44.6	Medium
2022-11-01 0:30:00	2022-11-01	0:30:00	220	41.5	High
2022-11-01 0:45:00	2022-11-01	0:45:00	215	39.9	Medium
2022-11-01 1:00:00	2022-11-01	1:00:00	178	42.6	Medium
2022-11-01 1:15:00	2022-11-01	1:15:00	194	38.3	Medium
2022-11-01 1:30:00	2022-11-01	1:30:00	185	47.7	Medium
2022-11-01 1:45:00	2022-11-01	1:45:00	179	45.9	Medium
2022-11-01 2:00:00	2022-11-01	2:00:00	112	49.8	Low
2022-11-01 2:15:00	2022-11-01	2:15:00	123	52.8	Medium
2022-11-01 2:30:00	2022-11-01	2:30:00	135	49	Medium
2022-11-01 2:45:00	2022-11-01	2:45:00	138	48	Medium
2022-11-01 3:00:00	2022-11-01	3:00:00	93	55.5	Low
2022-11-01 3:15:00	2022-11-01	3:15:00	146	45.7	Medium
2022-11-01 3:30:00	2022-11-01	3:30:00	132	48.6	Medium
2022-11-01 3:45:00	2022-11-01	3:45:00	119	51.5	Low
2022-11-01 4:00:00	2022-11-01	4:00:00	101	51.7	Low
2022-11-01 4:15:00	2022-11-01	4:15:00	96	55.8	Low
2022-11-01 4:30:00	2022-11-01	4:30:00	85	60.7	Low
2022-11-01 4:45:00	2022-11-01	4:45:00	101	51	Low
2022-11-01 5:00:00	2022-11-01	5:00:00	113	46.8	Low
2022-11-01 5:15:00	2022-11-01	5:15:00	91	48.4	Low
2022-11-01 5:30:00	2022-11-01	5:30:00	115	51.1	Low
2022-11-01 5:45:00	2022-11-01	5:45:00	107	50.5	Low
2022-11-01 6:00:00	2022-11-01	6:00:00	108	53	Low
2022-11-01 6:15:00	2022-11-01	6:15:00	124	50.9	Medium
2022-11-01 6:30:00	2022-11-01	6:30:00	131	44.9	Medium
2022-11-01 6:45:00	2022-11-01	6:45:00	165	40.3	Medium
2022-11-01 7:00:00	2022-11-01	7:00:00	183	44.5	Medium
2022-11-01 7:15:00	2022-11-01	7:15:00	154	47.4	Medium
2022-11-01 7:30:00	2022-11-01	7:30:00	182	42.5	Medium
2022-11-01 7:45:00	2022-11-01	7:45:00	151	42.4	Medium
2022-11-01 8:00:00	2022-11-01	8:00:00	228	39.8	High
2022-11-01 8:15:00	2022-11-01	8:15:00	205	44.9	Medium
2022-11-01 8:30:00	2022-11-01	8:30:00	211	41.2	Medium
2022-11-01 8:45:00	2022-11-01	8:45:00	232	35.4	High
2022-11-01 9:00:00	2022-11-01	9:00:00	220	39.5	High
2022-11-01 9:15:00	2022-11-01	9:15:00	218	35.5	Medium
2022-11-01 9:30:00	2022-11-01	9:30:00	231	41.2	High
2022-11-01 9:45:00	2022-11-01	9:45:00	255	35.5	High
2022-11-01 10:00:00	2022-11-01	10:00:00	227	33.2	High
2022-11-01 10:15:00	2022-11-01	10:15:00	207	39.9	Medium
2022-11-01 10:30:00	2022-11-01	10:30:00	243	38	High
2022-11-01 10:45:00	2022-11-01	10:45:00	258	33.9	High
2022-11-01 11:00:00	2022-11-01	11:00:00	257	34.2	High
2022-11-01 11:15:00	2022-11-01	11:15:00	233	34.1	High
2022-11-01 11:30:00	2022-11-01	11:30:00	233	39.5	High
2022-11-01 11:45:00	2022-11-01	11:45:00	257	33.1	High
2022-11-01 12:00:00	2022-11-01	12:00:00	184	37.1	Medium
2022-11-01 12:15:00	2022-11-01	12:15:00	206	39.9	Medium
2022-11-01 12:30:00	2022-11-01	12:30:00	215	42.9	Medium
2022-11-01 12:45:00	2022-11-01	12:45:00	219	38.3	Medium
2022-11-01 13:00:00	2022-11-01	13:00:00	167	50.7	Medium
2022-11-01 13:15:00	2022-11-01	13:15:00	175	45.9	Medium
2022-11-01 13:30:00	2022-11-01	13:30:00	137	50	Medium
2022-11-01 13:45:00	2022-11-01	13:45:00	165	45.4	Medium
2022-11-01 14:00:00	2022-11-01	14:00:00	144	48	Medium
2022-11-01 14:15:00	2022-11-01	14:15:00	122	50	Medium
2022-11-01 14:30:00	2022-11-01	14:30:00	138	48	Medium
2022-11-01 14:45:00	2022-11-01	14:45:00	144	49.8	Medium
2022-11-01 15:00:00	2022-11-01	15:00:00	104	50.1	Low
2022-11-01 15:15:00	2022-11-01	15:15:00	112	48.7	Low
2022-11-01 15:30:00	2022-11-01	15:30:00	95	50.5	Low
2022-11-01 15:45:00	2022-11-01	15:45:00	106	58.8	Low
2022-11-01 16:00:00	2022-11-01	16:00:00	109	53.9	Low
2022-11-01 16:15:00	2022-11-01	16:15:00	102	54	Low
2022-11-01 16:30:00	2022-11-01	16:30:00	91	51.2	Low
2022-11-01 16:45:00	2022-11-01	16:45:00	103	54.9	Low
2022-11-01 17:00:00	2022-11-01	17:00:00	120	50.7	Medium
2022-11-01 17:15:00	2022-11-01	17:15:00	79	56.4	Low
2022-11-01 17:30:00	2022-11-01	17:30:00	127	47.3	Medium
2022-11-01 17:45:00	2022-11-01	17:45:00	105	53.2	Low
2022-11-01 18:00:00	2022-11-01	18:00:00	143	47	Medium
2022-11-01 18:15:00	2022-11-01	18:15:00	155	44.6	Medium
2022-11-01 18:30:00	2022-11-01	18:30:00	116	53.7	Low
2022-11-01 18:45:00	2022-11-01	18:45:00	126	45.7	Medium
2022-11-01 19:00:00	2022-11-01	19:00:00	170	46.9	Medium
2022-11-01 19:15:00	2022-11-01	19:15:00	163	48	Medium
2022-11-01 19:30:00	2022-11-01	19:30:00	201	38.9	Medium
2022-11-01 19:45:00	2022-11-01	19:45:00	162	43.6	Medium
2022-11-01 20:00:00	2022-11-01	20:00:00	204	40.5	Medium
2022-11-01 20:15:00	2022-11-01	20:15:00	215	40.8	Medium
2022-11-01 20:30:00	2022-11-01	20:30:00	194	41.9	Medium
2022-11-01 20:45:00	2022-11-01	20:45:00	206	42.3	Medium
2022-11-01 21:00:00	2022-11-01	21:00:00	244	41.8	High
2022-11-01 21:15:00	2022-11-01	21:15:00	234	36.2	High
2022-11-01 21:30:00	2022-11-01	21:30:00	238	32.1	High
2022-11-01 21:45:00	2022-11-01	21:45:00	232	40.4	High
2022-11-01 22:00:00	2022-11-01	22:00:00	227	43.6	High
2022-11-01 22:15:00	2022-11-01	22:15:00	254	36.5	High
2022-11-01 22:30:00	2022-11-01	22:30:00	276	29.5	High
2022-11-01 22:45:00	2022-11-01	22:45:00	250	35.5	High
2022-11-01 23:00:00	2022-11-01	23:00:00	243	33.3	High
2022-11-01 23:15:00	2022-11-01	23:15:00	250	37.8	High
2022-11-01 23:30:00	2022-11-01	23:30:00	220	35.3	High
2022-11-01 23:45:00	2022-11-01	23:45:00	265	33.2	High
2022-11-02 0:00:00	2022-11-02	0:00:00	215	36.9	Medium
2022-11-02 0:15:00	2022-11-02	0:15:00	236	37.8	High
2022-11-02 0:30:00	2022-11-02	0:30:00	201	40.5	Medium
2022-11-02 0:45:00	2022-11-02	0:45:00	239	37.6	High
2022-11-02 1:00:00	2022-11-02	1:00:00	186	43.4	Medium
2022-11-02 1:15:00	2022-11-02	1:15:00	183	40.7	Medium
2022-11-02 1:30:00	2022-11-02	1:30:00	178	46.1	Medium
2022-11-02 1:45:00	2022-11-02	1:45:00	171	44.9	Medium
2022-11-02 2:00:00	2022-11-02	2:00:00	155	44	Medium
2022-11-02 2:15:00	2022-11-02	2:15:00	139	55.5	Medium
2022-11-02 2:30:00	2022-11-02	2:30:00	107	53.9	Low
2022-11-02 2:45:00	2022-11-02	2:45:00	120	50.5	Medium
2022-11-02 3:00:00	2022-11-02	3:00:00	107	56.8	Low
2022-11-02 3:15:00	2022-11-02	3:15:00	114	57.2	Low
2022-11-02 3:30:00	2022-11-02	3:30:00	109	51.8	Low
2022-11-02 3:45:00	2022-11-02	3:45:00	128	51.1	Medium
2022-11-02 4:00:00	2022-11-02	4:00:00	70	53.9	Low
2022-11-02 4:15:00	2022-11-02	4:15:00	102	52.7	Low
2022-11-02 4:30:00	2022-11-02	4:30:00	72	56	Low
2022-11-02 4:45:00	2022-11-02	4:45:00	111	52.6	Low
2022-11-02 5:00:00	2022-11-02	5:00:00	108	53.4	Low
2022-11-02 5:15:00	2022-11-02	5:15:00	116	53.1	Low
2022-11-02 5:30:00	2022-11-02	5:30:00	97	54.4	Low
2022-11-02 5:45:00	2022-11-02	5:45:00	129	46.3	Medium
2022-11-02 6:00:00	2022-11-02	6:00:00	153	44.3	Medium
2022-11-02 6:15:00	2022-11-02	6:15:00	146	46.3	Medium
2022-11-02 6:30:00	2022-11-02	6:30:00	135	48.4	Medium
2022-11-02 6:45:00	2022-11-02	6:45:00	146	51.1	Medium
2022-11-02 7:00:00	2022-11-02	7:00:00	164	42.4	Medium
2022-11-02 7:15:00	2022-11-02	7:15:00	187	42.1	Medium
2022-11-02 7:30:00	2022-11-02	7:30:00	199	44.6	Medium
2022-11-02 7:45:00	2022-11-02	7:45:00	191	41.8	Medium
2022-11-02 8:00:00	2022-11-02	8:00:00	201	42.9	Medium
2022-11-02 8:15:00	2022-11-02	8:15:00	217	39.3	Medium
2022-11-02 8:30:00	2022-11-02	8:30:00	193	43.3	Medium
2022-11-02 8:45:00	2022-11-02	8:45:00	221	38.5	High
2022-11-02 9:00:00	2022-11-02	9:00:00	246	38.3	High
2022-11-02 9:15:00	2022-11-02	9:15:00	211	35.7	Medium
2022-11-02 9:30:00	2022-11-02	9:30:00	222	38	High
2022-11-02 9:45:00	2022-11-02	9:45:00	235	38.5	High
2022-11-02 10:00:00	2022-11-02	10:00:00	245	38	High
2022-11-02 10:15:00	2022-11-02	10:15:00	231	42.5	High
2022-11-02 10:30:00	2022-11-02	10:30:00	255	34.1	High
2022-11-02 10:45:00	2022-11-02	10:45:00	253	39.9	High
2022-11-02 11:00:00	2022-11-02	11:00:00	237	35.4	High
2022-11-02 11:15:00	2022-11-02	11:15:00	228	42.4	High
2022-11-02 11:30:00	2022-11-02	11:30:00	255	37.7	High
2022-11-02 11:45:00	2022-11-02	11:45:00	264	31.5	High
2022-11-02 12:00:00	2022-11-02	12:00:00	205	42	Medium
2022-11-02 12:15:00	2022-11-02	12:15:00	203	41.2	Medium
2022-11-02 12:30:00	2022-11-02	12:30:00	219	41.3	Medium
2022-11-02 12:45:00	2022-11-02	12:45:00	207	40.2	Medium
2022-11-02 13:00:00	2022-11-02	13:00:00	172	44	Medium
2022-11-02 13:15:00	2022-11-02	13:15:00	186	47.4	Medium
2022-11-02 13:30:00	2022-11-02	13:30:00	146	47.7	Medium
2022-11-02 13:45:00	2022-11-02	13:45:00	194	44.8	Medium
2022-11-02 14:00:00	2022-11-02	14:00:00	138	48.2	Medium
2022-11-02 14:15:00	2022-11-02	14:15:00	131	54.7	Medium
2022-11-02 14:30:00	2022-11-02	14:30:00	136	47.1	Medium
2022-11-02 14:45:00	2022-11-02	14:45:00	136	47.3	Medium
2022-11-02 15:00:00	2022-11-02	15:00:00	84	59.8	Low
2022-11-02 15:15:00	2022-11-02	15:15:00	132	48.3	Medium
2022-11-02 15:30:00	2022-11-02	15:30:00	110	57	Low
2022-11-02 15:45:00	2022-11-02	15:45:00	116	54.1	Low
2022-11-02 16:00:00	2022-11-02	16:00:00	114	51.2	Low
2022-11-02 16:15:00	2022-11-02	16:15:00	84	49.8	Low
2022-11-02 16:30:00	2022-11-02	16:30:00	107	52.5	Low
2022-11-02 16:45:00	2022-11-02	16:45:00	95	54.2	Low
2022-11-02 17:00:00	2022-11-02	17:00:00	122	54.3	Medium
2022-11-02 17:15:00	2022-11-02	17:15:00	78	60.7	Low
2022-11-02 17:30:00	2022-11-02	17:30:00	108	50.3	Low
2022-11-02 17:45:00	2022-11-02	17:45:00	101	55.6	Low
2022-11-02 18:00:00	2022-11-02	18:00:00	143	50.6	Medium
2022-11-02 18:15:00	2022-11-02	18:15:00	144	51.4	Medium
2022-11-02 18:30:00	2022-11-02	18:30:00	126	51.8	Medium
2022-11-02 18:45:00	2022-11-02	18:45:00	126	44.5	Medium
2022-11-02 19:00:00	2022-11-02	19:00:00	173	44.4	Medium
2022-11-02 19:15:00	2022-11-02	19:15:00	161	42.7	Medium
2022-11-02 19:30:00	2022-11-02	19:30:00	187	42.6	Medium
2022-11-02 19:45:00	2022-11-02	19:45:00	169	48.2	Medium
2022-11-02 20:00:00	2022-11-02	20:00:00	168	46.3	Medium
2022-11-02 20:15:00	2022-11-02	20:15:00	206	44.4	Medium
2022-11-02 20:30:00	2022-11-02	20:30:00	196	43.2	Medium
2022-11-02 20:45:00	2022-11-02	20:45:00	188	39.2	Medium
2022-11-02 21:00:00	2022-11-02	21:00:00	221	31.7	High
2022-11-02 21:15:00	2022-11-02	21:15:00	241	37.3	High
2022-11-02 21:30:00	2022-11-02	21:30:00	259	34.1	High
2022-11-02 21:45:00	2022-11-02	21:45:00	244	33.6	High
2022-11-02 22:00:00	2022-11-02	22:00:00	240	31.9	High
2022-11-02 22:15:00	2022-11-02	22:15:00	256	32.9	High
2022-11-02 22:30:00	2022-11-02	22:30:00	243	36.1	High
2022-11-02 22:45:00	2022-11-02	22:45:00	239	39.1	High
2022-11-02 23:00:00	2022-11-02	23:00:00	222	39.7	High
2022-11-02 23:15:00	2022-11-02	23:15:00	213	45	Medium
2022-11-02 23:30:00	2022-11-02	23:30:00	234	34.6	High
2022-11-02 23:45:00	2022-11-02	23:45:00	242	39.4	High
2022-11-03 0:00:00	2022-11-03	0:00:00	211	40.5	Medium
2022-11-03 0:15:00	2022-11-03	0:15:00	206	43.1	Medium
2022-11-03 0:30:00	2022-11-03	0:30:00	198	40.6	Medium
2022-11-03 0:45:00	2022-11-03	0:45:00	221	42.4	High
2022-11-03 1:00:00	2022-11-03	1:00:00	155	47.8	Medium
2022-11-03 1:15:00	2022-11-03	1:15:00	186	41.3	Medium
2022-11-03 1:30:00	2022-11-03	1:30:00	159	46.4	Medium
2022-11-03 1:45:00	2022-11-03	1:45:00	163	45.3	Medium
2022-11-03 2:00:00	2022-11-03	2:00:00	115	53.1	Low
2022-11-03 2:15:00	2022-11-03	2:15:00	129	46.4	Medium
2022-11-03 2:30:00	2022-11-03	2:30:00	152	47.2	Medium
2022-11-03 2:45:00	2022-11-03	2:45:00	145	49.3	Medium
2022-11-03 3:00:00	2022-11-03	3:00:00	124	50.6	Medium
2022-11-03 3:15:00	2022-11-03	3:15:00	117	55.4	Low
2022-11-03 3:30:00	2022-11-03	3:30:00	93	56.5	Low
2022-11-03 3:45:00	2022-11-03	3:45:00	105	52.7	Low
2022-11-03 4:00:00	2022-11-03	4:00:00	88	55.4	Low
2022-11-03 4:15:00	2022-11-03	4:15:00	119	52	Low
2022-11-03 4:30:00	2022-11-03	4:30:00	82	56.6	Low
2022-11-03 4:45:00	2022-11-03	4:45:00	113	46.3	Low
2022-11-03 5:00:00	2022-11-03	5:00:00	123	49.7	Medium
2022-11-03 5:15:00	2022-11-03	5:15:00	137	44.6	Medium
2022-11-03 5:30:00	2022-11-03	5:30:00	103	56.8	Low
2022-11-03 5:45:00	2022-11-03	5:45:00	120	50.8	Medium
2022-11-03 6:00:00	2022-11-03	6:00:00	171	44.5	Medium
2022-11-03 6:15:00	2022-11-03	6:15:00	128	52.8	Medium
2022-11-03 6:30:00	2022-11-03	6:30:00	114	53	Low
2022-11-03 6:45:00	2022-11-03	6:45:00	109	48.9	Low
2022-11-03 7:00:00	2022-11-03	7:00:00	185	43.2	Medium
2022-11-03 7:15:00	2022-11-03	7:15:00	146	47	Medium
2022-11-03 7:30:00	2022-11-03	7:30:00	169	40	Medium
2022-11-03 7:45:00	2022-11-03	7:45:00	181	41.8	Medium
2022-11-03 8:00:00	2022-11-03	8:00:00	215	39.4	Medium
2022-11-03 8:15:00	2022-11-03	8:15:00	218	39.2	Medium
2022-11-03 8:30:00	2022-11-03	8:30:00	215	35.5	Medium
2022-11-03 8:45:00	2022-11-03	8:45:00	231	41.5	High
2022-11-03 9:00:00	2022-11-03	9:00:00	225	38.4	High
2022-11-03 9:15:00	2022-11-03	9:15:00	229	38.4	High
2022-11-03 9:30:00	2022-11-03	9:30:00	228	39.6	High
2022-11-03 9:45:00	2022-11-03	9:45:00	252	33.2	High
2022-11-03 10:00:00	2022-11-03	10:00:00	263	35.7	High
2022-11-03 10:15:00	2022-11-03	10:15:00	256	34	High
2022-11-03 10:30:00	2022-11-03	10:30:00	267	31.2	High
2022-11-03 10:45:00	2022-11-03	10:45:00	232	39.7	High
2022-11-03 11:00:00	2022-11-03	11:00:00	264	38.7	High
2022-11-03 11:15:00	2022-11-03	11:15:00	262	36.6	High
2022-11-03 11:30:00	2022-11-03	11:30:00	250	38.6	High
2022-11-03 11:45:00	2022-11-03	11:45:00	266	32.4	High
2022-11-03 12:00:00	2022-11-03	12:00:00	187	38.4	Medium
2022-11-03 12:15:00	2022-11-03	12:15:00	204	45.7	Medium
2022-11-03 12:30:00	2022-11-03	12:30:00	201	47.7	Medium
2022-11-03 12:45:00	2022-11-03	12:45:00	223	43.6	High
2022-11-03 13:00:00	2022-11-03	13:00:00	159	45.4	Medium
2022-11-03 13:15:00	2022-11-03	13:15:00	186	39.8	Medium
2022-11-03 13:30:00	2022-11-03	13:30:00	195	39.1	Medium
2022-11-03 13:45:00	2022-11-03	13:45:00	185	38.4	Medium
2022-11-03 14:00:00	2022-11-03	14:00:00	141	48.2	Medium
2022-11-03 14:15:00	2022-11-03	14:15:00	122	55.6	Medium
2022-11-03 14:30:00	2022-11-03	14:30:00	124	50.1	Medium
2022-11-03 14:45:00	2022-11-03	14:45:00	156	47.7	Medium
2022-11-03 15:00:00	2022-11-03	15:00:00	121	55	Medium
2022-11-03 15:15:00	2022-11-03	15:15:00	109	51.1	Low
2022-11-03 15:30:00	2022-11-03	15:30:00	103	59.1	Low
2022-11-03 15:45:00	2022-11-03	15:45:00	79	61.8	Low
2022-11-03 16:00:00	2022-11-03	16:00:00	83	54.9	Low
2022-11-03 16:15:00	2022-11-03	16:15:00	128	48.3	Medium
2022-11-03 16:30:00	2022-11-03	16:30:00	80	57.8	Low
2022-11-03 16:45:00	2022-11-03	16:45:00	102	52.1	Low
2022-11-03 17:00:00	2022-11-03	17:00:00	125	46.9	Medium
2022-11-03 17:15:00	2022-11-03	17:15:00	91	58.2	Low
2022-11-03 17:30:00	2022-11-03	17:30:00	112	55.6	Low
2022-11-03 17:45:00	2022-11-03	17:45:00	124	51	Medium
2022-11-03 18:00:00	2022-11-03	18:00:00	137	45.2	Medium
2022-11-03 18:15:00	2022-11-03	18:15:00	180	40.3	Medium
2022-11-03 18:30:00	2022-11-03	18:30:00	112	52.3	Low
2022-11-03 18:45:00	2022-11-03	18:45:00	153	45.7	Medium
2022-11-03 19:00:00	2022-11-03	19:00:00	172	43.9	Medium
2022-11-03 19:15:00	2022-11-03	19:15:00	186	46.4	Medium
2022-11-03 19:30:00	2022-11-03	19:30:00	181	46.1	Medium
2022-11-03 19:45:00	2022-11-03	19:45:00	164	50	Medium
2022-11-03 20:00:00	2022-11-03	20:00:00	215	36.9	Medium
2022-11-03 20:15:00	2022-11-03	20:15:00	184	42.5	Medium
2022-11-03 20:30:00	2022-11-03	20:30:00	221	41.5	High
2022-11-03 20:45:00	2022-11-03	20:45:00	216	41.1	Medium
2022-11-03 21:00:00	2022-11-03	21:00:00	249	40.5	High
2022-11-03 21:15:00	2022-11-03	21:15:00	255	36.5	High
2022-11-03 21:30:00	2022-11-03	21:30:00	245	42	High
2022-11-03 21:45:00	2022-11-03	21:45:00	242	38.4	High
2022-11-03 22:00:00	2022-11-03	22:00:00	236	40.7	High
2022-11-03 22:15:00	2022-11-03	22:15:00	239	36.1	High
2022-11-03 22:30:00	2022-11-03	22:30:00	267	33.9	High
2022-11-03 22:45:00	2022-11-03	22:45:00	271	36.1	High
2022-11-03 23:00:00	2022-11-03	23:00:00	236	42.3	High
2022-11-03 23:15:00	2022-11-03	23:15:00	240	39.2	High
2022-11-03 23:30:00	2022-11-03	23:30:00	226	38.4	High
2022-11-03 23:45:00	2022-11-03	23:45:00	257	39.1	High
2022-11-04 0:00:00	2022-11-04	0:00:00	222	32.5	High
2022-11-04 0:15:00	2022-11-04	0:15:00	241	32.6	High
2022-11-04 0:30:00	2022-11-04	0:30:00	199	43.8	Medium
2022-11-04 0:45:00	2022-11-04	0:45:00	206	41	Medium
2022-11-04 1:00:00	2022-11-04	1:00:00	178	46	Medium
2022-11-04 1:15:00	2022-11-04	1:15:00	184	43.7	Medium
2022-11-04 1:30:00	2022-11-04	1:30:00	171	46.8	Medium
2022-11-04 1:45:00	2022-11-04	1:45:00	161	43.8	Medium
2022-11-04 2:00:00	2022-11-04	2:00:00	150	49.2	Medium
2022-11-04 2:15:00	2022-11-04	2:15:00	148	50.7	Medium
2022-11-04 2:30:00	2022-11-04	2:30:00	123	54.3	Medium
2022-11-04 2:45:00	2022-11-04	2:45:00	157	52.7	Medium
2022-11-04 3:00:00	2022-11-04	3:00:00	127	50.9	Medium
2022-11-04 3:15:00	2022-11-04	3:15:00	112	52.8	Low
2022-11-04 3:30:00	2022-11-04	3:30:00	111	47.5	Low
2022-11-04 3:45:00	2022-11-04	3:45:00	118	49.6	Low
2022-11-04 4:00:00	2022-11-04	4:00:00	87	54.3	Low
2022-11-04 4:15:00	2022-11-04	4:15:00	100	56.5	Low
2022-11-04 4:30:00	2022-11-04	4:30:00	67	55.4	Low
2022-11-04 4:45:00	2022-11-04	4:45:00	113	54.2	Low
2022-11-04 5:00:00	2022-11-04	5:00:00	86	55	Low
2022-11-04 5:15:00	2022-11-04	5:15:00	132	49.1	Medium
2022-11-04 5:30:00	2022-11-04	5:30:00	105	53.5	Low
2022-11-04 5:45:00	2022-11-04	5:45:00	106	51.5	Low
2022-11-04 6:00:00	2022-11-04	6:00:00	128	48.8	Medium
2022-11-04 6:15:00	2022-11-04	6:15:00	133	44.4	Medium
2022-11-04 6:30:00	2022-11-04	6:30:00	158	45.8	Medium
2022-11-04 6:45:00	2022-11-04	6:45:00	100	51.9	Low
2022-11-04 7:00:00	2022-11-04	7:00:00	194	40.8	Medium
2022-11-04 7:15:00	2022-11-04	7:15:00	180	45.3	Medium
2022-11-04 7:30:00	2022-11-04	7:30:00	156	48.8	Medium
2022-11-04 7:45:00	2022-11-04	7:45:00	158	47.3	Medium
2022-11-04 8:00:00	2022-11-04	8:00:00	237	40.3	High
2022-11-04 8:15:00	2022-11-04	8:15:00	198	43.6	Medium
2022-11-04 8:30:00	2022-11-04	8:30:00	195	41.4	Medium
2022-11-04 8:45:00	2022-11-04	8:45:00	229	36.9	High
2022-11-04 9:00:00	2022-11-04	9:00:00	245	37.4	High
2022-11-04 9:15:00	2022-11-04	9:15:00	225	40.5	High
2022-11-04 9:30:00	2022-11-04	9:30:00	243	40.8	High
2022-11-04 9:45:00	2022-11-04	9:45:00	224	42.4	High
2022-11-04 10:00:00	2022-11-04	10:00:00	266	32.3	High
2022-11-04 10:15:00	2022-11-04	10:15:00	265	33.8	High
2022-11-04 10:30:00	2022-11-04	10:30:00	257	37	High
2022-11-04 10:45:00	2022-11-04	10:45:00	255	38.5	High
2022-11-04 11:00:00	2022-11-04	11:00:00	266	36.8	High
2022-11-04 11:15:00	2022-11-04	11:15:00	239	36.9	High
2022-11-04 11:30:00	2022-11-04	11:30:00	222	35.3	High
2022-11-04 11:45:00	2022-11-04	11:45:00	246	33.3	High
2022-11-04 12:00:00	2022-11-04	12:00:00	243	37.5	High
2022-11-04 12:15:00	2022-11-04	12:15:00	197	43	Medium
2022-11-04 12:30:00	2022-11-04	12:30:00	207	37.6	Medium
2022-11-04 12:45:00	2022-11-04	12:45:00	218	39.7	Medium
2022-11-04 13:00:00	2022-11-04	13:00:00	174	46.6	Medium
2022-11-04 13:15:00	2022-11-04	13:15:00	160	42.9	Medium
2022-11-04 13:30:00	2022-11-04	13:30:00	191	46	Medium
2022-11-04 13:45:00	2022-11-04	13:45:00	209	39.5	Medium
2022-11-04 14:00:00	2022-11-04	14:00:00	140	52.4	Medium
2022-11-04 14:15:00	2022-11-04	14:15:00	123	49	Medium
2022-11-04 14:30:00	2022-11-04	14:30:00	114	48.6	Low
2022-11-04 14:45:00	2022-11-04	14:45:00	141	47.2	Medium
2022-11-04 15:00:00	2022-11-04	15:00:00	126	50	Medium
2022-11-04 15:15:00	2022-11-04	15:15:00	117	50.2	Low
2022-11-04 15:30:00	2022-11-04	15:30:00	110	51.5	Low
2022-11-04 15:45:00	2022-11-04	15:45:00	101	54.2	Low
2022-11-04 16:00:00	2022-11-04	16:00:00	83	54.8	Low
2022-11-04 16:15:00	2022-11-04	16:15:00	112	51.7	Low
2022-11-04 16:30:00	2022-11-04	16:30:00	113	46.7	Low
2022-11-04 16:45:00	2022-11-04	16:45:00	76	57.3	Low
2022-11-04 17:00:00	2022-11-04	17:00:00	133	49.2	Medium
2022-11-04 17:15:00	2022-11-04	17:15:00	118	56.1	Low
2022-11-04 17:30:00	2022-11-04	17:30:00	131	46.9	Medium
2022-11-04 17:45:00	2022-11-04	17:45:00	89	49.2	Low
2022-11-04 18:00:00	2022-11-04	18:00:00	117	53.2	Low
2022-11-04 18:15:00	2022-11-04	18:15:00	135	50.3	Medium
2022-11-04 18:30:00	2022-11-04	18:30:00	145	45.1	Medium
2022-11-04 18:45:00	2022-11-04	18:45:00	164	41.3	Medium
2022-11-04 19:00:00	2022-11-04	19:00:00	185	48	Medium
2022-11-04 19:15:00	2022-11-04	19:15:00	171	49.3	Medium
2022-11-04 19:30:00	2022-11-04	19:30:00	159	39	Medium
2022-11-04 19:45:00	2022-11-04	19:45:00	193	41.1	Medium
2022-11-04 20:00:00	2022-11-04	20:00:00	198	46.9	Medium
2022-11-04 20:15:00	2022-11-04	20:15:00	236	36	High
2022-11-04 20:30:00	2022-11-04	20:30:00	208	39.3	Medium
2022-11-04 20:45:00	2022-11-04	20:45:00	236	36.6	High
2022-11-04 21:00:00	2022-11-04	21:00:00	250	32.5	High
2022-11-04 21:15:00	2022-11-04	21:15:00	237	32.2	High
2022-11-04 21:30:00	2022-11-04	21:30:00	232	41.1	High
2022-11-04 21:45:00	2022-11-04	21:45:00	234	32.2	High
2022-11-04 22:00:00	2022-11-04	22:00:00	256	35.9	High
2022-11-04 22:15:00	2022-11-04	22:15:00	251	38.4	High
2022-11-04 22:30:00	2022-11-04	22:30:00	241	32.5	High
2022-11-04 22:45:00	2022-11-04	22:45:00	247	33.4	High
2022-11-04 23:00:00	2022-11-04	23:00:00	241	40.5	High
2022-11-04 23:15:00	2022-11-04	23:15:00	208	42.3	Medium
2022-11-04 23:30:00	2022-11-04	23:30:00	246	34.4	High
2022-11-04 23:45:00	2022-11-04	23:45:00	225	42.4	High
2022-11-05 0:00:00	2022-11-05	0:00:00	110	55.8	Low
2022-11-05 0:15:00	2022-11-05	0:15:00	102	53.9	Low
2022-11-05 0:30:00	2022-11-05	0:30:00	100	50.6	Low
2022-11-05 0:45:00	2022-11-05	0:45:00	107	51.3	Low
2022-11-05 1:00:00	2022-11-05	1:00:00	94	54.9	Low
2022-11-05 1:15:00	2022-11-05	1:15:00	134	48.8	Medium
2022-11-05 1:30:00	2022-11-05	1:30:00	97	56.5	Low
2022-11-05 1:45:00	2022-11-05	1:45:00	107	47.9	Low
2022-11-05 2:00:00	2022-11-05	2:00:00	88	50.3	Low
2022-11-05 2:15:00	2022-11-05	2:15:00	84	55.7	Low
2022-11-05 2:30:00	2022-11-05	2:30:00	81	54.1	Low
2022-11-05 2:45:00	2022-11-05	2:45:00	64	55.7	Low
2022-11-05 3:00:00	2022-11-05	3:00:00	87	49.5	Low
2022-11-05 3:15:00	2022-11-05	3:15:00	93	54.2	Low
2022-11-05 3:30:00	2022-11-05	3:30:00	40	60.2	Low
2022-11-05 3:45:00	2022-11-05	3:45:00	50	61.1	Low
2022-11-05 4:00:00	2022-11-05	4:00:00	55	58.8	Low
2022-11-05 4:15:00	2022-11-05	4:15:00	45	59.4	Low
2022-11-05 4:30:00	2022-11-05	4:30:00	67	60.7	Low
2022-11-05 4:45:00	2022-11-05	4:45:00	49	55.3	Low
2022-11-05 5:00:00	2022-11-05	5:00:00	98	55.2	Low
2022-11-05 5:15:00	2022-11-05	5:15:00	83	50.3	Low
2022-11-05 5:30:00	2022-11-05	5:30:00	69	54.4	Low
2022-11-05 5:45:00	2022-11-05	5:45:00	81	51.9	Low
2022-11-05 6:00:00	2022-11-05	6:00:00	99	55.8	Low
2022-11-05 6:15:00	2022-11-05	6:15:00	74	56.2	Low
2022-11-05 6:30:00	2022-11-05	6:30:00	70	56.8	Low
2022-11-05 6:45:00	2022-11-05	6:45:00	83	52	Low
2022-11-05 7:00:00	2022-11-05	7:00:00	117	50.5	Low
2022-11-05 7:15:00	2022-11-05	7:15:00	107	50.2	Low
2022-11-05 7:30:00	2022-11-05	7:30:00	81	56.7	Low
2022-11-05 7:45:00	2022-11-05	7:45:00	92	51.3	Low
2022-11-05 8:00:00	2022-11-05	8:00:00	126	54.3	Medium
2022-11-05 8:15:00	2022-11-05	8:15:00	126	45.3	Medium
2022-11-05 8:30:00	2022-11-05	8:30:00	157	44.3	Medium
2022-11-05 8:45:00	2022-11-05	8:45:00	106	57.7	Low
2022-11-05 9:00:00	2022-11-05	9:00:00	151	46.1	Medium
2022-11-05 9:15:00	2022-11-05	9:15:00	166	41.7	Medium
2022-11-05 9:30:00	2022-11-05	9:30:00	178	44.9	Medium
2022-11-05 9:45:00	2022-11-05	9:45:00	137	47.6	Medium
2022-11-05 10:00:00	2022-11-05	10:00:00	157	44.2	Medium
2022-11-05 10:15:00	2022-11-05	10:15:00	158	43.3	Medium
2022-11-05 10:30:00	2022-11-05	10:30:00	152	55.6	Medium
2022-11-05 10:45:00	2022-11-05	10:45:00	148	47	Medium
2022-11-05 11:00:00	2022-11-05	11:00:00	150	41.7	Medium
2022-11-05 11:15:00	2022-11-05	11:15:00	105	57.2	Low
2022-11-05 11:30:00	2022-11-05	11:30:00	154	48.9	Medium
2022-11-05 11:45:00	2022-11-05	11:45:00	145	45.8	Medium
2022-11-05 12:00:00	2022-11-05	12:00:00	124	47.7	Medium
2022-11-05 12:15:00	2022-11-05	12:15:00	158	48.6	Medium
2022-11-05 12:30:00	2022-11-05	12:30:00	117	50.6	Low
2022-11-05 12:45:00	2022-11-05	12:45:00	121	45.1	Medium
2022-11-05 13:00:00	2022-11-05	13:00:00	134	54.7	Medium
2022-11-05 13:15:00	2022-11-05	13:15:00	92	53	Low
2022-11-05 13:30:00	2022-11-05	13:30:00	96	58.3	Low
2022-11-05 13:45:00	2022-11-05	13:45:00	102	56.9	Low
2022-11-05 14:00:00	2022-11-05	14:00:00	95	50.9	Low
2022-11-05 14:15:00	2022-11-05	14:15:00	85	58.2	Low
2022-11-05 14:30:00	2022-11-05	14:30:00	63	55.7	Low
2022-11-05 14:45:00	2022-11-05	14:45:00	74	50.8	Low
2022-11-05 15:00:00	2022-11-05	15:00:00	56	57.2	Low
2022-11-05 15:15:00	2022-11-05	15:15:00	64	58.7	Low
2022-11-05 15:30:00	2022-11-05	15:30:00	72	55.2	Low
2022-11-05 15:45:00	2022-11-05	15:45:00	72	55.7	Low
2022-11-05 16:00:00	2022-11-05	16:00:00	33	64.6	Low
2022-11-05 16:15:00	2022-11-05	16:15:00	75	56.6	Low
2022-11-05 16:30:00	2022-11-05	16:30:00	63	55.1	Low
2022-11-05 16:45:00	2022-11-05	16:45:00	80	57.8	Low
2022-11-05 17:00:00	2022-11-05	17:00:00	72	57.2	Low
2022-11-05 17:15:00	2022-11-05	17:15:00	82	47.9	Low
2022-11-05 17:30:00	2022-11-05	17:30:00	73	57.8	Low
2022-11-05 17:45:00	2022-11-05	17:45:00	86	56.1	Low
2022-11-05 18:00:00	2022-11-05	18:00:00	90	54.6	Low
2022-11-05 18:15:00	2022-11-05	18:15:00	81	58.2	Low
2022-11-05 18:30:00	2022-11-05	18:30:00	116	49.4	Low
2022-11-05 18:45:00	2022-11-05	18:45:00	95	54.9	Low
2022-11-05 19:00:00	2022-11-05	19:00:00	113	47.1	Low
2022-11-05 19:15:00	2022-11-05	19:15:00	85	56.3	Low
2022-11-05 19:30:00	2022-11-05	19:30:00	85	60.9	Low
2022-11-05 19:45:00	2022-11-05	19:45:00	109	49.3	Low
2022-11-05 20:00:00	2022-11-05	20:00:00	129	47.7	Medium
2022-11-05 20:15:00	2022-11-05	20:15:00	118	49.1	Low
2022-11-05 20:30:00	2022-11-05	20:30:00	129	50.3	Medium
2022-11-05 20:45:00	2022-11-05	20:45:00	151	44.2	Medium
2022-11-05 21:00:00	2022-11-05	21:00:00	154	48.3	Medium
2022-11-05 21:15:00	2022-11-05	21:15:00	126	52.8	Medium
2022-11-05 21:30:00	2022-11-05	21:30:00	142	50	Medium
2022-11-05 21:45:00	2022-11-05	21:45:00	131	44.4	Medium
2022-11-05 22:00:00	2022-11-05	22:00:00	144	51.2	Medium
2022-11-05 22:15:00	2022-11-05	22:15:00	143	51.1	Medium
2022-11-05 22:30:00	2022-11-05	22:30:00	142	50.9	Medium
2022-11-05 22:45:00	2022-11-05	22:45:00	131	50.8	Medium
2022-11-05 23:00:00	2022-11-05	23:00:00	142	49.1	Medium
2022-11-05 23:15:00	2022-11-05	23:15:00	135	52.3	Medium
2022-11-05 23:30:00	2022-11-05	23:30:00	100	59.1	Low
2022-11-05 23:45:00	2022-11-05	23:45:00	174	41.8	Medium
2022-11-06 0:00:00	2022-11-06	0:00:00	143	51.6	Medium
2022-11-06 0:15:00	2022-11-06	0:15:00	121	50.6	Medium
2022-11-06 0:30:00	2022-11-06	0:30:00	127	49.8	Medium
2022-11-06 0:45:00	2022-11-06	0:45:00	109	47.7	Low
2022-11-06 1:00:00	2022-11-06	1:00:00	130	49	Medium
2022-11-06 1:15:00	2022-11-06	1:15:00	133	46.5	Medium
2022-11-06 1:30:00	2022-11-06	1:30:00	107	51.1	Low
2022-11-06 1:45:00	2022-11-06	1:45:00	120	47.7	Medium
2022-11-06 2:00:00	2022-11-06	2:00:00	85	53.7	Low
2022-11-06 2:15:00	2022-11-06	2:15:00	62	56.5	Low
2022-11-06 2:30:00	2022-11-06	2:30:00	76	56.4	Low
2022-11-06 2:45:00	2022-11-06	2:45:00	84	50.4	Low
2022-11-06 3:00:00	2022-11-06	3:00:00	59	53.8	Low
2022-11-06 3:15:00	2022-11-06	3:15:00	62	58.9	Low
2022-11-06 3:30:00	2022-11-06	3:30:00	64	55.1	Low
2022-11-06 3:45:00	2022-11-06	3:45:00	64	60.8	Low
2022-11-06 4:00:00	2022-11-06	4:00:00	60	58.7	Low
2022-11-06 4:15:00	2022-11-06	4:15:00	44	61.7	Low
2022-11-06 4:30:00	2022-11-06	4:30:00	49	63.5	Low
2022-11-06 4:45:00	2022-11-06	4:45:00	40	59.4	Low
2022-11-06 5:00:00	2022-11-06	5:00:00	80	53.9	Low
2022-11-06 5:15:00	2022-11-06	5:15:00	34	63.6	Low
2022-11-06 5:30:00	2022-11-06	5:30:00	83	56.8	Low
2022-11-06 5:45:00	2022-11-06	5:45:00	86	54.4	Low
2022-11-06 6:00:00	2022-11-06	6:00:00	77	60.2	Low
2022-11-06 6:15:00	2022-11-06	6:15:00	43	59.3	Low
2022-11-06 6:30:00	2022-11-06	6:30:00	77	56.1	Low
2022-11-06 6:45:00	2022-11-06	6:45:00	81	55.6	Low
2022-11-06 7:00:00	2022-11-06	7:00:00	89	51.8	Low
2022-11-06 7:15:00	2022-11-06	7:15:00	97	53.9	Low
2022-11-06 7:30:00	2022-11-06	7:30:00	127	54.4	Medium
2022-11-06 7:45:00	2022-11-06	7:45:00	114	53	Low
2022-11-06 8:00:00	2022-11-06	8:00:00	113	51.9	Low
2022-11-06 8:15:00	2022-11-06	8:15:00	103	52.5	Low
2022-11-06 8:30:00	2022-11-06	8:30:00	122	51.8	Medium
2022-11-06 8:45:00	2022-11-06	8:45:00	124	52.8	Medium
2022-11-06 9:00:00	2022-11-06	9:00:00	151	49.2	Medium
2022-11-06 9:15:00	2022-11-06	9:15:00	135	48.3	Medium
2022-11-06 9:30:00	2022-11-06	9:30:00	151	48.4	Medium
2022-11-06 9:45:00	2022-11-06	9:45:00	172	46.4	Medium
2022-11-06 10:00:00	2022-11-06	10:00:00	162	43.1	Medium
2022-11-06 10:15:00	2022-11-06	10:15:00	149	48.1	Medium
2022-11-06 10:30:00	2022-11-06	10:30:00	147	41.4	Medium
2022-11-06 10:45:00	2022-11-06	10:45:00	144	49.6	Medium
2022-11-06 11:00:00	2022-11-06	11:00:00	161	48.2	Medium
2022-11-06 11:15:00	2022-11-06	11:15:00	134	51.6	Medium
2022-11-06 11:30:00	2022-11-06	11:30:00	144	47	Medium
2022-11-06 11:45:00	2022-11-06	11:45:00	144	49.1	Medium
2022-11-06 12:00:00	2022-11-06	12:00:00	119	55.4	Low
2022-11-06 12:15:00	2022-11-06	12:15:00	106	56.9	Low
2022-11-06 12:30:00	2022-11-06	12:30:00	132	49.5	Medium
2022-11-06 12:45:00	2022-11-06	12:45:00	126	50.7	Medium
2022-11-06 13:00:00	2022-11-06	13:00:00	112	55.3	Low
2022-11-06 13:15:00	2022-11-06	13:15:00	96	49.3	Low
2022-11-06 13:30:00	2022-11-06	13:30:00	123	49.7	Medium
2022-11-06 13:45:00	2022-11-06	13:45:00	91	58.4	Low
2022-11-06 14:00:00	2022-11-06	14:00:00	108	55.3	Low
2022-11-06 14:15:00	2022-11-06	14:15:00	56	59.6	Low
2022-11-06 14:30:00	2022-11-06	14:30:00	89	50.1	Low
2022-11-06 14:45:00	2022-11-06	14:45:00	89	54.5	Low
2022-11-06 15:00:00	2022-11-06	15:00:00	54	56.9	Low
2022-11-06 15:15:00	2022-11-06	15:15:00	72	57.6	Low
2022-11-06 15:30:00	2022-11-06	15:30:00	85	52.7	Low
2022-11-06 15:45:00	2022-11-06	15:45:00	32	58.2	Low
2022-11-06 16:00:00	2022-11-06	16:00:00	67	51	Low
2022-11-06 16:15:00	2022-11-06	16:15:00	22	66.1	Low
2022-11-06 16:30:00	2022-11-06	16:30:00	45	58.6	Low
2022-11-06 16:45:00	2022-11-06	16:45:00	84	55.7	Low
2022-11-06 17:00:00	2022-11-06	17:00:00	57	58.3	Low
2022-11-06 17:15:00	2022-11-06	17:15:00	48	56.2	Low
2022-11-06 17:30:00	2022-11-06	17:30:00	63	53.9	Low
2022-11-06 17:45:00	2022-11-06	17:45:00	97	50.7	Low
2022-11-06 18:00:00	2022-11-06	18:00:00	55	56.4	Low
2022-11-06 18:15:00	2022-11-06	18:15:00	66	58.4	Low
2022-11-06 18:30:00	2022-11-06	18:30:00	104	50.5	Low
2022-11-06 18:45:00	2022-11-06	18:45:00	110	57.4	Low
2022-11-06 19:00:00	2022-11-06	19:00:00	103	56.1	Low
2022-11-06 19:15:00	2022-11-06	19:15:00	86	57.4	Low
2022-11-06 19:30:00	2022-11-06	19:30:00	136	48.8	Medium
2022-11-06 19:45:00	2022-11-06	19:45:00	128	54.6	Medium
2022-11-06 20:00:00	2022-11-06	20:00:00	137	48.4	Medium
2022-11-06 20:15:00	2022-11-06	20:15:00	115	51.5	Low
2022-11-06 20:30:00	2022-11-06	20:30:00	126	50.8	Medium
2022-11-06 20:45:00	2022-11-06	20:45:00	125	52.5	Medium
2022-11-06 21:00:00	2022-11-06	21:00:00	148	49.6	Medium
2022-11-06 21:15:00	2022-11-06	21:15:00	165	44.3	Medium
2022-11-06 21:30:00	2022-11-06	21:30:00	157	45.1	Medium
2022-11-06 21:45:00	2022-11-06	21:45:00	127	52.1	Medium
2022-11-06 22:00:00	2022-11-06	22:00:00	170	47.3	Medium
2022-11-06 22:15:00	2022-11-06	22:15:00	154	45.9	Medium
2022-11-06 22:30:00	2022-11-06	22:30:00	160	41.6	Medium
2022-11-06 22:45:00	2022-11-06	22:45:00	171	44.4	Medium
2022-11-06 23:00:00	2022-11-06	23:00:00	127	52.1	Medium
2022-11-06 23:15:00	2022-11-06	23:15:00	143	53.7	Medium
2022-11-06 23:30:00	2022-11-06	23:30:00	135	45.7	Medium
2022-11-06 23:45:00	2022-11-06	23:45:00	120	49.7	Medium
2022-11-07 0:00:00	2022-11-07	0:00:00	217	38.5	Medium
2022-11-07 0:15:00	2022-11-07	0:15:00	250	39.9	High
2022-11-07 0:30:00	2022-11-07	0:30:00	184	43.4	Medium
2022-11-07 0:45:00	2022-11-07	0:45:00	212	37.5	Medium
2022-11-07 1:00:00	2022-11-07	1:00:00	184	45.2	Medium
2022-11-07 1:15:00	2022-11-07	1:15:00	176	43.3	Medium
2022-11-07 1:30:00	2022-11-07	1:30:00	173	41.1	Medium
2022-11-07 1:45:00	2022-11-07	1:45:00	155	44.2	Medium
2022-11-07 2:00:00	2022-11-07	2:00:00	140	53.9	Medium
2022-11-07 2:15:00	2022-11-07	2:15:00	126	51.5	Medium
2022-11-07 2:30:00	2022-11-07	2:30:00	104	53.2	Low
2022-11-07 2:45:00	2022-11-07	2:45:00	155	46.2	Medium
2022-11-07 3:00:00	2022-11-07	3:00:00	124	51.4	Medium
2022-11-07 3:15:00	2022-11-07	3:15:00	110	53	Low
2022-11-07 3:30:00	2022-11-07	3:30:00	113	52.7	Low
2022-11-07 3:45:00	2022-11-07	3:45:00	126	50.6	Medium
2022-11-07 4:00:00	2022-11-07	4:00:00	103	55.6	Low
2022-11-07 4:15:00	2022-11-07	4:15:00	113	51.9	Low
2022-11-07 4:30:00	2022-11-07	4:30:00	95	51	Low
2022-11-07 4:45:00	2022-11-07	4:45:00	119	49.3	Low
2022-11-07 5:00:00	2022-11-07	5:00:00	114	45.8	Low
2022-11-07 5:15:00	2022-11-07	5:15:00	112	58	Low
2022-11-07 5:30:00	2022-11-07	5:30:00	90	57.1	Low
2022-11-07 5:45:00	2022-11-07	5:45:00	114	49.2	Low
2022-11-07 6:00:00	2022-11-07	6:00:00	125	49.6	Medium
2022-11-07 6:15:00	2022-11-07	6:15:00	127	48.3	Medium
2022-11-07 6:30:00	2022-11-07	6:30:00	125	55	Medium
2022-11-07 6:45:00	2022-11-07	6:45:00	121	46.6	Medium
2022-11-07 7:00:00	2022-11-07	7:00:00	206	41.3	Medium
2022-11-07 7:15:00	2022-11-07	7:15:00	194	42	Medium
2022-11-07 7:30:00	2022-11-07	7:30:00	203	43.8	Medium
2022-11-07 7:45:00	2022-11-07	7:45:00	156	46.5	Medium
2022-11-07 8:00:00	2022-11-07	8:00:00	213	34.9	Medium
2022-11-07 8:15:00	2022-11-07	8:15:00	193	41.7	Medium
2022-11-07 8:30:00	2022-11-07	8:30:00	202	38.5	Medium
2022-11-07 8:45:00	2022-11-07	8:45:00	198	42.1	Medium
2022-11-07 9:00:00	2022-11-07	9:00:00	258	39.2	High
2022-11-07 9:15:00	2022-11-07	9:15:00	234	32.5	High
2022-11-07 9:30:00	2022-11-07	9:30:00	255	32.8	High
2022-11-07 9:45:00	2022-11-07	9:45:00	249	34.3	High
2022-11-07 10:00:00	2022-11-07	10:00:00	284	30.7	High
2022-11-07 10:15:00	2022-11-07	10:15:00	227	40.7	High
2022-11-07 10:30:00	2022-11-07	10:30:00	268	33.2	High
2022-11-07 10:45:00	2022-11-07	10:45:00	267	35.1	High
2022-11-07 11:00:00	2022-11-07	11:00:00	225	36.9	High
2022-11-07 11:15:00	2022-11-07	11:15:00	255	35.9	High
2022-11-07 11:30:00	2022-11-07	11:30:00	244	38.9	High
2022-11-07 11:45:00	2022-11-07	11:45:00	236	35.3	High
2022-11-07 12:00:00	2022-11-07	12:00:00	200	44	Medium
2022-11-07 12:15:00	2022-11-07	12:15:00	201	41.7	Medium
2022-11-07 12:30:00	2022-11-07	12:30:00	243	39.8	High
2022-11-07 12:45:00	2022-11-07	12:45:00	212	39.7	Medium
2022-11-07 13:00:00	2022-11-07	13:00:00	186	44.4	Medium
2022-11-07 13:15:00	2022-11-07	13:15:00	163	45.9	Medium
2022-11-07 13:30:00	2022-11-07	13:30:00	163	45.7	Medium
2022-11-07 13:45:00	2022-11-07	13:45:00	191	43.5	Medium
2022-11-07 14:00:00	2022-11-07	14:00:00	117	53	Low
2022-11-07 14:15:00	2022-11-07	14:15:00	131	46	Medium
2022-11-07 14:30:00	2022-11-07	14:30:00	138	53.2	Medium
2022-11-07 14:45:00	2022-11-07	14:45:00	139	43.2	Medium
2022-11-07 15:00:00	2022-11-07	15:00:00	107	50.5	Low
2022-11-07 15:15:00	2022-11-07	15:15:00	115	51.3	Low
2022-11-07 15:30:00	2022-11-07	15:30:00	120	52.2	Medium
2022-11-07 15:45:00	2022-11-07	15:45:00	121	55.6	Medium
2022-11-07 16:00:00	2022-11-07	16:00:00	85	49.5	Low
2022-11-07 16:15:00	2022-11-07	16:15:00	95	52.4	Low
2022-11-07 16:30:00	2022-11-07	16:30:00	117	45	Low
2022-11-07 16:45:00	2022-11-07	16:45:00	113	51.9	Low
2022-11-07 17:00:00	2022-11-07	17:00:00	89	55.4	Low
2022-11-07 17:15:00	2022-11-07	17:15:00	115	56.4	Low
2022-11-07 17:30:00	2022-11-07	17:30:00	80	56	Low
2022-11-07 17:45:00	2022-11-07	17:45:00	110	55.3	Low
2022-11-07 18:00:00	2022-11-07	18:00:00	165	47.5	Medium
2022-11-07 18:15:00	2022-11-07	18:15:00	123	49.3	Medium
2022-11-07 18:30:00	2022-11-07	18:30:00	124	46.3	Medium
2022-11-07 18:45:00	2022-11-07	18:45:00	148	48.6	Medium
2022-11-07 19:00:00	2022-11-07	19:00:00	151	42.9	Medium
2022-11-07 19:15:00	2022-11-07	19:15:00	165	49.6	Medium
2022-11-07 19:30:00	2022-11-07	19:30:00	183	43.2	Medium
2022-11-07 19:45:00	2022-11-07	19:45:00	165	49.3	Medium
2022-11-07 20:00:00	2022-11-07	20:00:00	208	39.3	Medium
2022-11-07 20:15:00	2022-11-07	20:15:00	223	39.8	High
2022-11-07 20:30:00	2022-11-07	20:30:00	218	40.2	Medium
2022-11-07 20:45:00	2022-11-07	20:45:00	216	39.7	Medium
2022-11-07 21:00:00	2022-11-07	21:00:00	234	36.4	High
2022-11-07 21:15:00	2022-11-07	21:15:00	245	37.6	High
2022-11-07 21:30:00	2022-11-07	21:30:00	238	34.5	High
2022-11-07 21:45:00	2022-11-07	21:45:00	246	32.7	High
2022-11-07 22:00:00	2022-11-07	22:00:00	242	40.5	High
2022-11-07 22:15:00	2022-11-07	22:15:00	247	38.4	High
2022-11-07 22:30:00	2022-11-07	22:30:00	235	37.8	High
2022-11-07 22:45:00	2022-11-07	22:45:00	249	40.9	High
2022-11-07 23:00:00	2022-11-07	23:00:00	227	37.7	High
2022-11-07 23:15:00	2022-11-07	23:15:00	223	43	High
2022-11-07 23:30:00	2022-11-07	23:30:00	243	37.2	High
2022-11-07 23:45:00	2022-11-07	23:45:00	243	33.6	High
2022-11-08 0:00:00	2022-11-08	0:00:00	224	44.4	High
2022-11-08 0:15:00	2022-11-08	0:15:00	206	43.9	Medium
2022-11-08 0:30:00	2022-11-08	0:30:00	218	39.2	Medium
2022-11-08 0:45:00	2022-11-08	0:45:00	220	41.5	High
2022-11-08 1:00:00	2022-11-08	1:00:00	181	42.7	Medium
2022-11-08 1:15:00	2022-11-08	1:15:00	162	48.6	Medium
2022-11-08 1:30:00	2022-11-08	1:30:00	177	37.2	Medium
2022-11-08 1:45:00	2022-11-08	1:45:00	180	40.9	Medium
2022-11-08 2:00:00	2022-11-08	2:00:00	137	52	Medium
2022-11-08 2:15:00	2022-11-08	2:15:00	106	51.9	Low
2022-11-08 2:30:00	2022-11-08	2:30:00	139	49.4	Medium
2022-11-08 2:45:00	2022-11-08	2:45:00	170	41.1	Medium
2022-11-08 3:00:00	2022-11-08	3:00:00	104	58.4	Low
2022-11-08 3:15:00	2022-11-08	3:15:00	99	57	Low
2022-11-08 3:30:00	2022-11-08	3:30:00	115	51	Low
2022-11-08 3:45:00	2022-11-08	3:45:00	114	50.5	Low
2022-11-08 4:00:00	2022-11-08	4:00:00	117	54.4	Low
2022-11-08 4:15:00	2022-11-08	4:15:00	81	61.5	Low
2022-11-08 4:30:00	2022-11-08	4:30:00	110	55	Low
2022-11-08 4:45:00	2022-11-08	4:45:00	108	58.9	Low
2022-11-08 5:00:00	2022-11-08	5:00:00	107	49.7	Low
2022-11-08 5:15:00	2022-11-08	5:15:00	115	49.1	Low
2022-11-08 5:30:00	2022-11-08	5:30:00	125	46.8	Medium
2022-11-08 5:45:00	2022-11-08	5:45:00	123	52	Medium
2022-11-08 6:00:00	2022-11-08	6:00:00	120	51.5	Medium
2022-11-08 6:15:00	2022-11-08	6:15:00	149	47.2	Medium
2022-11-08 6:30:00	2022-11-08	6:30:00	136	51.6	Medium
2022-11-08 6:45:00	2022-11-08	6:45:00	138	52.6	Medium
2022-11-08 7:00:00	2022-11-08	7:00:00	176	39.9	Medium
2022-11-08 7:15:00	2022-11-08	7:15:00	172	43.1	Medium
2022-11-08 7:30:00	2022-11-08	7:30:00	192	45.1	Medium
2022-11-08 7:45:00	2022-11-08	7:45:00	173	43.4	Medium
2022-11-08 8:00:00	2022-11-08	8:00:00	195	39.9	Medium
2022-11-08 8:15:00	2022-11-08	8:15:00	206	44	Medium
2022-11-08 8:30:00	2022-11-08	8:30:00	215	36	Medium
2022-11-08 8:45:00	2022-11-08	8:45:00	230	37.3	High
2022-11-08 9:00:00	2022-11-08	9:00:00	248	37.1	High
2022-11-08 9:15:00	2022-11-08	9:15:00	227	36.8	High
2022-11-08 9:30:00	2022-11-08	9:30:00	277	35	High
2022-11-08 9:45:00	2022-11-08	9:45:00	243	34.9	High
2022-11-08 10:00:00	2022-11-08	10:00:00	269	37.8	High
2022-11-08 10:15:00	2022-11-08	10:15:00	247	35.8	High
2022-11-08 10:30:00	2022-11-08	10:30:00	258	36.9	High
2022-11-08 10:45:00	2022-11-08	10:45:00	262	36.7	High
2022-11-08 11:00:00	2022-11-08	11:00:00	258	33	High
2022-11-08 11:15:00	2022-11-08	11:15:00	255	29.1	High
2022-11-08 11:30:00	2022-11-08	11:30:00	253	36.6	High
2022-11-08 11:45:00	2022-11-08	11:45:00	235	37.8	High
2022-11-08 12:00:00	2022-11-08	12:00:00	203	43	Medium
2022-11-08 12:15:00	2022-11-08	12:15:00	217	39	Medium
2022-11-08 12:30:00	2022-11-08	12:30:00	226	37.3	High
2022-11-08 12:45:00	2022-11-08	12:45:00	209	46.6	Medium
2022-11-08 13:00:00	2022-11-08	13:00:00	190	38.4	Medium
2022-11-08 13:15:00	2022-11-08	13:15:00	196	44.3	Medium
2022-11-08 13:30:00	2022-11-08	13:30:00	161	44.5	Medium
2022-11-08 13:45:00	2022-11-08	13:45:00	162	45.1	Medium
2022-11-08 14:00:00	2022-11-08	14:00:00	135	48.3	Medium
2022-11-08 14:15:00	2022-11-08	14:15:00	142	46	Medium
2022-11-08 14:30:00	2022-11-08	14:30:00	129	51.7	Medium
2022-11-08 14:45:00	2022-11-08	14:45:00	157	50.9	Medium
2022-11-08 15:00:00	2022-11-08	15:00:00	116	52.9	Low
2022-11-08 15:15:00	2022-11-08	15:15:00	110	52.5	Low
2022-11-08 15:30:00	2022-11-08	15:30:00	88	51.8	Low
2022-11-08 15:45:00	2022-11-08	15:45:00	90	56.1	Low
2022-11-08 16:00:00	2022-11-08	16:00:00	104	59.3	Low
2022-11-08 16:15:00	2022-11-08	16:15:00	68	55.9	Low
2022-11-08 16:30:00	2022-11-08	16:30:00	115	50.5	Low
2022-11-08 16:45:00	2022-11-08	16:45:00	97	52	Low
2022-11-08 17:00:00	2022-11-08	17:00:00	158	45.1	Medium
2022-11-08 17:15:00	2022-11-08	17:15:00	144	40	Medium
2022-11-08 17:30:00	2022-11-08	17:30:00	107	53.7	Low
2022-11-08 17:45:00	2022-11-08	17:45:00	108	49.9	Low
2022-11-08 18:00:00	2022-11-08	18:00:00	152	42.4	Medium
2022-11-08 18:15:00	2022-11-08	18:15:00	163	48.2	Medium
2022-11-08 18:30:00	2022-11-08	18:30:00	112	48.7	Low
2022-11-08 18:45:00	2022-11-08	18:45:00	110	51.2	Low
2022-11-08 19:00:00	2022-11-08	19:00:00	165	50.1	Medium
2022-11-08 19:15:00	2022-11-08	19:15:00	183	39.4	Medium
2022-11-08 19:30:00	2022-11-08	19:30:00	182	39.2	Medium
2022-11-08 19:45:00	2022-11-08	19:45:00	191	43.5	Medium
2022-11-08 20:00:00	2022-11-08	20:00:00	194	45.8	Medium
2022-11-08 20:15:00	2022-11-08	20:15:00	177	39.6	Medium
2022-11-08 20:30:00	2022-11-08	20:30:00	225	40	High
2022-11-08 20:45:00	2022-11-08	20:45:00	200	43.4	Medium
2022-11-08 21:00:00	2022-11-08	21:00:00	209	34.4	Medium
2022-11-08 21:15:00	2022-11-08	21:15:00	242	39.2	High
2022-11-08 21:30:00	2022-11-08	21:30:00	251	38.3	High
2022-11-08 21:45:00	2022-11-08	21:45:00	238	36.3	High
2022-11-08 22:00:00	2022-11-08	22:00:00	243	40.4	High
2022-11-08 22:15:00	2022-11-08	22:15:00	247	39.6	High
2022-11-08 22:30:00	2022-11-08	22:30:00	244	36.8	High
2022-11-08 22:45:00	2022-11-08	22:45:00	229	36.9	High
2022-11-08 23:00:00	2022-11-08	23:00:00	229	35.4	High
2022-11-08 23:15:00	2022-11-08	23:15:00	247	36.1	High
2022-11-08 23:30:00	2022-11-08	23:30:00	244	38.2	High
2022-11-08 23:45:00	2022-11-08	23:45:00	242	35.8	High
2022-11-09 0:00:00	2022-11-09	0:00:00	197	35.4	Medium
2022-11-09 0:15:00	2022-11-09	0:15:00	209	44.4	Medium
2022-11-09 0:30:00	2022-11-09	0:30:00	179	44.7	Medium
2022-11-09 0:45:00	2022-11-09	0:45:00	215	38.8	Medium
2022-11-09 1:00:00	2022-11-09	1:00:00	196	44.7	Medium
2022-11-09 1:15:00	2022-11-09	1:15:00	152	51.8	Medium
2022-11-09 1:30:00	2022-11-09	1:30:00	166	37.2	Medium
2022-11-09 1:45:00	2022-11-09	1:45:00	179	45.4	Medium
2022-11-09 2:00:00	2022-11-09	2:00:00	156	42.5	Medium
2022-11-09 2:15:00	2022-11-09	2:15:00	130	51.3	Medium
2022-11-09 2:30:00	2022-11-09	2:30:00	127	50.6	Medium
2022-11-09 2:45:00	2022-11-09	2:45:00	107	54.4	Low
2022-11-09 3:00:00	2022-11-09	3:00:00	111	50.6	Low
2022-11-09 3:15:00	2022-11-09	3:15:00	140	43	Medium
2022-11-09 3:30:00	2022-11-09	3:30:00	114	50.3	Low
2022-11-09 3:45:00	2022-11-09	3:45:00	109	53.5	Low
2022-11-09 4:00:00	2022-11-09	4:00:00	104	55.9	Low
2022-11-09 4:15:00	2022-11-09	4:15:00	99	49.9	Low
2022-11-09 4:30:00	2022-11-09	4:30:00	87	57.9	Low
2022-11-09 4:45:00	2022-11-09	4:45:00	112	50	Low
2022-11-09 5:00:00	2022-11-09	5:00:00	113	52.9	Low
2022-11-09 5:15:00	2022-11-09	5:15:00	110	50.6	Low
2022-11-09 5:30:00	2022-11-09	5:30:00	95	54.5	Low
2022-11-09 5:45:00	2022-11-09	5:45:00	129	52.6	Medium
2022-11-09 6:00:00	2022-11-09	6:00:00	147	44.2	Medium
2022-11-09 6:15:00	2022-11-09	6:15:00	129	47.9	Medium
2022-11-09 6:30:00	2022-11-09	6:30:00	152	47.8	Medium
2022-11-09 6:45:00	2022-11-09	6:45:00	130	57	Medium
2022-11-09 7:00:00	2022-11-09	7:00:00	163	43.4	Medium
2022-11-09 7:15:00	2022-11-09	7:15:00	163	52.1	Medium
2022-11-09 7:30:00	2022-11-09	7:30:00	148	53.7	Medium
2022-11-09 7:45:00	2022-11-09	7:45:00	182	43.5	Medium
2022-11-09 8:00:00	2022-11-09	8:00:00	185	42.5	Medium
2022-11-09 8:15:00	2022-11-09	8:15:00	194	40.3	Medium
2022-11-09 8:30:00	2022-11-09	8:30:00	181	43.7	Medium
2022-11-09 8:45:00	2022-11-09	8:45:00	211	36.2	Medium
2022-11-09 9:00:00	2022-11-09	9:00:00	237	37.1	High
2022-11-09 9:15:00	2022-11-09	9:15:00	235	42.1	High
2022-11-09 9:30:00	2022-11-09	9:30:00	224	37	High
2022-11-09 9:45:00	2022-11-09	9:45:00	222	38.4	High
2022-11-09 10:00:00	2022-11-09	10:00:00	256	30	High
2022-11-09 10:15:00	2022-11-09	10:15:00	241	38	High
2022-11-09 10:30:00	2022-11-09	10:30:00	254	36.2	High
2022-11-09 10:45:00	2022-11-09	10:45:00	236	37.7	High
2022-11-09 11:00:00	2022-11-09	11:00:00	242	36.1	High
2022-11-09 11:15:00	2022-11-09	11:15:00	259	33.9	High
2022-11-09 11:30:00	2022-11-09	11:30:00	248	37.6	High
2022-11-09 11:45:00	2022-11-09	11:45:00	233	37.7	High
2022-11-09 12:00:00	2022-11-09	12:00:00	216	40.7	Medium
2022-11-09 12:15:00	2022-11-09	12:15:00	208	41.4	Medium
2022-11-09 12:30:00	2022-11-09	12:30:00	212	43.6	Medium
2022-11-09 12:45:00	2022-11-09	12:45:00	207	42.9	Medium
2022-11-09 13:00:00	2022-11-09	13:00:00	172	45.5	Medium
2022-11-09 13:15:00	2022-11-09	13:15:00	178	48.8	Medium
2022-11-09 13:30:00	2022-11-09	13:30:00	160	47.6	Medium
2022-11-09 13:45:00	2022-11-09	13:45:00	159	50.4	Medium
2022-11-09 14:00:00	2022-11-09	14:00:00	116	53.3	Low
2022-11-09 14:15:00	2022-11-09	14:15:00	113	46.3	Low
2022-11-09 14:30:00	2022-11-09	14:30:00	119	55	Low
2022-11-09 14:45:00	2022-11-09	14:45:00	139	49.2	Medium
2022-11-09 15:00:00	2022-11-09	15:00:00	96	53.6	Low
2022-11-09 15:15:00	2022-11-09	15:15:00	117	52.2	Low
2022-11-09 15:30:00	2022-11-09	15:30:00	110	51.1	Low
2022-11-09 15:45:00	2022-11-09	15:45:00	80	56.3	Low
2022-11-09 16:00:00	2022-11-09	16:00:00	109	50.5	Low
2022-11-09 16:15:00	2022-11-09	16:15:00	112	55.8	Low
2022-11-09 16:30:00	2022-11-09	16:30:00	85	54.7	Low
2022-11-09 16:45:00	2022-11-09	16:45:00	106	51.5	Low
2022-11-09 17:00:00	2022-11-09	17:00:00	97	50.9	Low
2022-11-09 17:15:00	2022-11-09	17:15:00	111	52.9	Low
2022-11-09 17:30:00	2022-11-09	17:30:00	91	54.9	Low
2022-11-09 17:45:00	2022-11-09	17:45:00	83	56.5	Low
2022-11-09 18:00:00	2022-11-09	18:00:00	131	46.6	Medium
2022-11-09 18:15:00	2022-11-09	18:15:00	135	44.4	Medium
2022-11-09 18:30:00	2022-11-09	18:30:00	131	51.6	Medium
2022-11-09 18:45:00	2022-11-09	18:45:00	119	55.6	Low
2022-11-09 19:00:00	2022-11-09	19:00:00	169	42.2	Medium
2022-11-09 19:15:00	2022-11-09	19:15:00	179	48.9	Medium
2022-11-09 19:30:00	2022-11-09	19:30:00	174	45.6	Medium
2022-11-09 19:45:00	2022-11-09	19:45:00	177	44.3	Medium
2022-11-09 20:00:00	2022-11-09	20:00:00	202	40.2	Medium
2022-11-09 20:15:00	2022-11-09	20:15:00	230	34	High
2022-11-09 20:30:00	2022-11-09	20:30:00	194	45.3	Medium
2022-11-09 20:45:00	2022-11-09	20:45:00	219	37.1	Medium
2022-11-09 21:00:00	2022-11-09	21:00:00	257	32.7	High
2022-11-09 21:15:00	2022-11-09	21:15:00	247	39.2	High
2022-11-09 21:30:00	2022-11-09	21:30:00	236	31.8	High
2022-11-09 21:45:00	2022-11-09	21:45:00	232	33.4	High
2022-11-09 22:00:00	2022-11-09	22:00:00	265	34	High
2022-11-09 22:15:00	2022-11-09	22:15:00	228	39.3	High
2022-11-09 22:30:00	2022-11-09	22:30:00	235	39	High
2022-11-09 22:45:00	2022-11-09	22:45:00	244	35.6	High
2022-11-09 23:00:00	2022-11-09	23:00:00	258	42.5	High
2022-11-09 23:15:00	2022-11-09	23:15:00	245	35.7	High
2022-11-09 23:30:00	2022-11-09	23:30:00	225	38.1	High
2022-11-09 23:45:00	2022-11-09	23:45:00	235	35.2	High
2022-11-10 0:00:00	2022-11-10	0:00:00	203	41.7	Medium
2022-11-10 0:15:00	2022-11-10	0:15:00	201	43.4	Medium
2022-11-10 0:30:00	2022-11-10	0:30:00	227	42.1	High
2022-11-10 0:45:00	2022-11-10	0:45:00	191	38.2	Medium
2022-11-10 1:00:00	2022-11-10	1:00:00	199	41	Medium
2022-11-10 1:15:00	2022-11-10	1:15:00	187	44.5	Medium
2022-11-10 1:30:00	2022-11-10	1:30:00	191	44.5	Medium
2022-11-10 1:45:00	2022-11-10	1:45:00	168	45.4	Medium
2022-11-10 2:00:00	2022-11-10	2:00:00	135	50.9	Medium
2022-11-10 2:15:00	2022-11-10	2:15:00	116	49	Low
2022-11-10 2:30:00	2022-11-10	2:30:00	129	54.6	Medium
2022-11-10 2:45:00	2022-11-10	2:45:00	144	51.2	Medium
2022-11-10 3:00:00	2022-11-10	3:00:00	129	45.9	Medium
2022-11-10 3:15:00	2022-11-10	3:15:00	93	50.9	Low
2022-11-10 3:30:00	2022-11-10	3:30:00	104	49.7	Low
2022-11-10 3:45:00	2022-11-10	3:45:00	107	54.6	Low
2022-11-10 4:00:00	2022-11-10	4:00:00	79	51.9	Low
2022-11-10 4:15:00	2022-11-10	4:15:00	108	51.4	Low
2022-11-10 4:30:00	2022-11-10	4:30:00	89	56	Low
2022-11-10 4:45:00	2022-11-10	4:45:00	97	53.5	Low
2022-11-10 5:00:00	2022-11-10	5:00:00	103	53.8	Low
2022-11-10 5:15:00	2022-11-10	5:15:00	98	50.4	Low
2022-11-10 5:30:00	2022-11-10	5:30:00	109	54.1	Low
2022-11-10 5:45:00	2022-11-10	5:45:00	106	50.8	Low
2022-11-10 6:00:00	2022-11-10	6:00:00	131	48.7	Medium
2022-11-10 6:15:00	2022-11-10	6:15:00	126	51	Medium
2022-11-10 6:30:00	2022-11-10	6:30:00	142	48.7	Medium
2022-11-10 6:45:00	2022-11-10	6:45:00	162	46.2	Medium
2022-11-10 7:00:00	2022-11-10	7:00:00	177	42.1	Medium
2022-11-10 7:15:00	2022-11-10	7:15:00	189	42.1	Medium
2022-11-10 7:30:00	2022-11-10	7:30:00	154	47	Medium
2022-11-10 7:45:00	2022-11-10	7:45:00	177	40.2	Medium
2022-11-10 8:00:00	2022-11-10	8:00:00	196	40.7	Medium
2022-11-10 8:15:00	2022-11-10	8:15:00	190	44	Medium
2022-11-10 8:30:00	2022-11-10	8:30:00	201	37.7	Medium
2022-11-10 8:45:00	2022-11-10	8:45:00	230	41.6	High
2022-11-10 9:00:00	2022-11-10	9:00:00	254	39.2	High
2022-11-10 9:15:00	2022-11-10	9:15:00	243	32.9	High
2022-11-10 9:30:00	2022-11-10	9:30:00	216	43.9	Medium
2022-11-10 9:45:00	2022-11-10	9:45:00	237	36.9	High
2022-11-10 10:00:00	2022-11-10	10:00:00	254	36.6	High
2022-11-10 10:15:00	2022-11-10	10:15:00	252	34.1	High
2022-11-10 10:30:00	2022-11-10	10:30:00	222	41.9	High
2022-11-10 10:45:00	2022-11-10	10:45:00	236	38.7	High
2022-11-10 11:00:00	2022-11-10	11:00:00	238	34.8	High
2022-11-10 11:15:00	2022-11-10	11:15:00	247	32.7	High
2022-11-10 11:30:00	2022-11-10	11:30:00	207	36.5	Medium
2022-11-10 11:45:00	2022-11-10	11:45:00	237	37.9	High
2022-11-10 12:00:00	2022-11-10	12:00:00	214	41.8	Medium
2022-11-10 12:15:00	2022-11-10	12:15:00	225	40.7	High
2022-11-10 12:30:00	2022-11-10	12:30:00	222	38.7	High
2022-11-10 12:45:00	2022-11-10	12:45:00	221	35.7	High
2022-11-10 13:00:00	2022-11-10	13:00:00	163	43.9	Medium
2022-11-10 13:15:00	2022-11-10	13:15:00	146	51.4	Medium
2022-11-10 13:30:00	2022-11-10	13:30:00	169	43.8	Medium
2022-11-10 13:45:00	2022-11-10	13:45:00	190	43.3	Medium
2022-11-10 14:00:00	2022-11-10	14:00:00	158	43.3	Medium
2022-11-10 14:15:00	2022-11-10	14:15:00	148	48.7	Medium
2022-11-10 14:30:00	2022-11-10	14:30:00	143	46.9	Medium
2022-11-10 14:45:00	2022-11-10	14:45:00	143	51.5	Medium
2022-11-10 15:00:00	2022-11-10	15:00:00	101	55.5	Low
2022-11-10 15:15:00	2022-11-10	15:15:00	108	50.9	Low
2022-11-10 15:30:00	2022-11-10	15:30:00	135	48.9	Medium
2022-11-10 15:45:00	2022-11-10	15:45:00	95	52.3	Low
2022-11-10 16:00:00	2022-11-10	16:00:00	124	46.3	Medium
2022-11-10 16:15:00	2022-11-10	16:15:00	95	51.3	Low
2022-11-10 16:30:00	2022-11-10	16:30:00	119	51.7	Low
2022-11-10 16:45:00	2022-11-10	16:45:00	78	56.9	Low
2022-11-10 17:00:00	2022-11-10	17:00:00	118	51.7	Low
2022-11-10 17:15:00	2022-11-10	17:15:00	98	52.7	Low
2022-11-10 17:30:00	2022-11-10	17:30:00	88	57.5	Low
2022-11-10 17:45:00	2022-11-10	17:45:00	113	52	Low
2022-11-10 18:00:00	2022-11-10	18:00:00	152	49.4	Medium
2022-11-10 18:15:00	2022-11-10	18:15:00	124	45.2	Medium
2022-11-10 18:30:00	2022-11-10	18:30:00	115	39.8	Low
2022-11-10 18:45:00	2022-11-10	18:45:00	136	50	Medium
2022-11-10 19:00:00	2022-11-10	19:00:00	173	40.5	Medium
2022-11-10 19:15:00	2022-11-10	19:15:00	183	43	Medium
2022-11-10 19:30:00	2022-11-10	19:30:00	189	42	Medium
2022-11-10 19:45:00	2022-11-10	19:45:00	174	49.5	Medium
2022-11-10 20:00:00	2022-11-10	20:00:00	240	38.2	High
2022-11-10 20:15:00	2022-11-10	20:15:00	215	40.4	Medium
2022-11-10 20:30:00	2022-11-10	20:30:00	207	43.4	Medium
2022-11-10 20:45:00	2022-11-10	20:45:00	188	44.2	Medium
2022-11-10 21:00:00	2022-11-10	21:00:00	236	36.1	High
2022-11-10 21:15:00	2022-11-10	21:15:00	234	40.9	High
2022-11-10 21:30:00	2022-11-10	21:30:00	254	32	High
2022-11-10 21:45:00	2022-11-10	21:45:00	246	37.3	High
2022-11-10 22:00:00	2022-11-10	22:00:00	232	33.3	High
2022-11-10 22:15:00	2022-11-10	22:15:00	252	36.2	High
2022-11-10 22:30:00	2022-11-10	22:30:00	260	35.2	High
2022-11-10 22:45:00	2022-11-10	22:45:00	272	38.3	High
2022-11-10 23:00:00	2022-11-10	23:00:00	253	30.8	High
2022-11-10 23:15:00	2022-11-10	23:15:00	251	33.9	High
2022-11-10 23:30:00	2022-11-10	23:30:00	240	39.5	High
2022-11-10 23:45:00	2022-11-10	23:45:00	245	37.4	High
2022-11-11 0:00:00	2022-11-11	0:00:00	231	38.6	High
2022-11-11 0:15:00	2022-11-11	0:15:00	192	39.7	Medium
2022-11-11 0:30:00	2022-11-11	0:30:00	207	39.1	Medium
2022-11-11 0:45:00	2022-11-11	0:45:00	200	45.4	Medium
2022-11-11 1:00:00	2022-11-11	1:00:00	180	43.8	Medium
2022-11-11 1:15:00	2022-11-11	1:15:00	193	43.6	Medium
2022-11-11 1:30:00	2022-11-11	1:30:00	166	45.3	Medium
2022-11-11 1:45:00	2022-11-11	1:45:00	139	45.2	Medium
2022-11-11 2:00:00	2022-11-11	2:00:00	131	52.5	Medium
2022-11-11 2:15:00	2022-11-11	2:15:00	151	48.9	Medium
2022-11-11 2:30:00	2022-11-11	2:30:00	145	55	Medium
2022-11-11 2:45:00	2022-11-11	2:45:00	143	45.3	Medium
2022-11-11 3:00:00	2022-11-11	3:00:00	105	55.2	Low
2022-11-11 3:15:00	2022-11-11	3:15:00	90	50.6	Low
2022-11-11 3:30:00	2022-11-11	3:30:00	117	51.8	Low
2022-11-11 3:45:00	2022-11-11	3:45:00	97	56.6	Low
2022-11-11 4:00:00	2022-11-11	4:00:00	132	43.4	Medium
2022-11-11 4:15:00	2022-11-11	4:15:00	108	51.8	Low
2022-11-11 4:30:00	2022-11-11	4:30:00	91	52.7	Low
2022-11-11 4:45:00	2022-11-11	4:45:00	90	52.4	Low
2022-11-11 5:00:00	2022-11-11	5:00:00	108	53.6	Low
2022-11-11 5:15:00	2022-11-11	5:15:00	106	56	Low
2022-11-11 5:30:00	2022-11-11	5:30:00	126	49.9	Medium
2022-11-11 5:45:00	2022-11-11	5:45:00	112	52.5	Low
2022-11-11 6:00:00	2022-11-11	6:00:00	126	50.6	Medium
2022-11-11 6:15:00	2022-11-11	6:15:00	165	45.8	Medium
2022-11-11 6:30:00	2022-11-11	6:30:00	138	45.6	Medium
2022-11-11 6:45:00	2022-11-11	6:45:00	149	50.9	Medium
2022-11-11 7:00:00	2022-11-11	7:00:00	165	46.6	Medium
2022-11-11 7:15:00	2022-11-11	7:15:00	180	45.2	Medium
2022-11-11 7:30:00	2022-11-11	7:30:00	179	41.7	Medium
2022-11-11 7:45:00	2022-11-11	7:45:00	146	46.6	Medium
2022-11-11 8:00:00	2022-11-11	8:00:00	242	36.2	High
2022-11-11 8:15:00	2022-11-11	8:15:00	231	33.4	High
2022-11-11 8:30:00	2022-11-11	8:30:00	206	35.9	Medium
2022-11-11 8:45:00	2022-11-11	8:45:00	195	40.4	Medium
2022-11-11 9:00:00	2022-11-11	9:00:00	245	38	High
2022-11-11 9:15:00	2022-11-11	9:15:00	241	34.9	High
2022-11-11 9:30:00	2022-11-11	9:30:00	245	33.4	High
2022-11-11 9:45:00	2022-11-11	9:45:00	242	34.3	High
2022-11-11 10:00:00	2022-11-11	10:00:00	257	33.7	High
2022-11-11 10:15:00	2022-11-11	10:15:00	271	32.3	High
2022-11-11 10:30:00	2022-11-11	10:30:00	258	41.4	High
2022-11-11 10:45:00	2022-11-11	10:45:00	234	40.9	High
2022-11-11 11:00:00	2022-11-11	11:00:00	260	37.7	High
2022-11-11 11:15:00	2022-11-11	11:15:00	264	37.7	High
2022-11-11 11:30:00	2022-11-11	11:30:00	287	28.5	High
2022-11-11 11:45:00	2022-11-11	11:45:00	223	35.3	High
2022-11-11 12:00:00	2022-11-11	12:00:00	216	36.5	Medium
2022-11-11 12:15:00	2022-11-11	12:15:00	181	47.9	Medium
2022-11-11 12:30:00	2022-11-11	12:30:00	220	37.7	High
2022-11-11 12:45:00	2022-11-11	12:45:00	204	37.4	Medium
2022-11-11 13:00:00	2022-11-11	13:00:00	203	40	Medium
2022-11-11 13:15:00	2022-11-11	13:15:00	163	45.3	Medium
2022-11-11 13:30:00	2022-11-11	13:30:00	149	48.4	Medium
2022-11-11 13:45:00	2022-11-11	13:45:00	167	46.3	Medium
2022-11-11 14:00:00	2022-11-11	14:00:00	107	50	Low
2022-11-11 14:15:00	2022-11-11	14:15:00	148	49.8	Medium
2022-11-11 14:30:00	2022-11-11	14:30:00	106	50.7	Low
2022-11-11 14:45:00	2022-11-11	14:45:00	137	48.5	Medium
2022-11-11 15:00:00	2022-11-11	15:00:00	78	58	Low
2022-11-11 15:15:00	2022-11-11	15:15:00	105	50.8	Low
2022-11-11 15:30:00	2022-11-11	15:30:00	134	47.7	Medium
2022-11-11 15:45:00	2022-11-11	15:45:00	115	53.4	Low
2022-11-11 16:00:00	2022-11-11	16:00:00	87	52.3	Low
2022-11-11 16:15:00	2022-11-11	16:15:00	99	52.3	Low
2022-11-11 16:30:00	2022-11-11	16:30:00	100	55	Low
2022-11-11 16:45:00	2022-11-11	16:45:00	107	58.7	Low
2022-11-11 17:00:00	2022-11-11	17:00:00	89	56.4	Low
2022-11-11 17:15:00	2022-11-11	17:15:00	118	52.7	Low
2022-11-11 17:30:00	2022-11-11	17:30:00	69	58.5	Low
2022-11-11 17:45:00	2022-11-11	17:45:00	100	50.1	Low
2022-11-11 18:00:00	2022-11-11	18:00:00	130	50.2	Medium
2022-11-11 18:15:00	2022-11-11	18:15:00	146	47.9	Medium
2022-11-11 18:30:00	2022-11-11	18:30:00	137	50	Medium
2022-11-11 18:45:00	2022-11-11	18:45:00	116	51.8	Low
2022-11-11 19:00:00	2022-11-11	19:00:00	160	47.5	Medium
2022-11-11 19:15:00	2022-11-11	19:15:00	177	43.4	Medium
2022-11-11 19:30:00	2022-11-11	19:30:00	173	45	Medium
2022-11-11 19:45:00	2022-11-11	19:45:00	166	41.9	Medium
2022-11-11 20:00:00	2022-11-11	20:00:00	205	40.1	Medium
2022-11-11 20:15:00	2022-11-11	20:15:00	222	43.3	High
2022-11-11 20:30:00	2022-11-11	20:30:00	204	42.2	Medium
2022-11-11 20:45:00	2022-11-11	20:45:00	211	40.3	Medium
2022-11-11 21:00:00	2022-11-11	21:00:00	272	39	High
2022-11-11 21:15:00	2022-11-11	21:15:00	218	35.5	Medium
2022-11-11 21:30:00	2022-11-11	21:30:00	212	36.9	Medium
2022-11-11 21:45:00	2022-11-11	21:45:00	251	40.9	High
2022-11-11 22:00:00	2022-11-11	22:00:00	239	37.3	High
2022-11-11 22:15:00	2022-11-11	22:15:00	245	35.7	High
2022-11-11 22:30:00	2022-11-11	22:30:00	238	33.6	High
2022-11-11 22:45:00	2022-11-11	22:45:00	246	37.6	High
2022-11-11 23:00:00	2022-11-11	23:00:00	263	36	High
2022-11-11 23:15:00	2022-11-11	23:15:00	251	32.4	High
2022-11-11 23:30:00	2022-11-11	23:30:00	252	35.2	High
2022-11-11 23:45:00	2022-11-11	23:45:00	218	38.6	Medium
2022-11-12 0:00:00	2022-11-12	0:00:00	110	52.9	Low
2022-11-12 0:15:00	2022-11-12	0:15:00	84	51.8	Low
2022-11-12 0:30:00	2022-11-12	0:30:00	115	55.3	Low
2022-11-12 0:45:00	2022-11-12	0:45:00	141	51.3	Medium
2022-11-12 1:00:00	2022-11-12	1:00:00	112	50.8	Low
2022-11-12 1:15:00	2022-11-12	1:15:00	101	52.6	Low
2022-11-12 1:30:00	2022-11-12	1:30:00	104	52.5	Low
2022-11-12 1:45:00	2022-11-12	1:45:00	94	51.7	Low
2022-11-12 2:00:00	2022-11-12	2:00:00	85	53.8	Low
2022-11-12 2:15:00	2022-11-12	2:15:00	93	53.3	Low
2022-11-12 2:30:00	2022-11-12	2:30:00	58	63.1	Low
2022-11-12 2:45:00	2022-11-12	2:45:00	86	57.8	Low
2022-11-12 3:00:00	2022-11-12	3:00:00	80	58.5	Low
2022-11-12 3:15:00	2022-11-12	3:15:00	59	59.2	Low
2022-11-12 3:30:00	2022-11-12	3:30:00	76	52.8	Low
2022-11-12 3:45:00	2022-11-12	3:45:00	108	52.3	Low
2022-11-12 4:00:00	2022-11-12	4:00:00	58	61.1	Low
2022-11-12 4:15:00	2022-11-12	4:15:00	65	53.6	Low
2022-11-12 4:30:00	2022-11-12	4:30:00	48	61.3	Low
2022-11-12 4:45:00	2022-11-12	4:45:00	62	64.7	Low
2022-11-12 5:00:00	2022-11-12	5:00:00	72	59.8	Low
2022-11-12 5:15:00	2022-11-12	5:15:00	68	61.3	Low
2022-11-12 5:30:00	2022-11-12	5:30:00	50	59.8	Low
2022-11-12 5:45:00	2022-11-12	5:45:00	69	59.9	Low
2022-11-12 6:00:00	2022-11-12	6:00:00	104	50.7	Low
2022-11-12 6:15:00	2022-11-12	6:15:00	89	57	Low
2022-11-12 6:30:00	2022-11-12	6:30:00	96	55.8	Low
2022-11-12 6:45:00	2022-11-12	6:45:00	78	56.8	Low
2022-11-12 7:00:00	2022-11-12	7:00:00	116	55.4	Low
2022-11-12 7:15:00	2022-11-12	7:15:00	109	50.7	Low
2022-11-12 7:30:00	2022-11-12	7:30:00	90	53.9	Low
2022-11-12 7:45:00	2022-11-12	7:45:00	109	52.6	Low
2022-11-12 8:00:00	2022-11-12	8:00:00	112	48.8	Low
2022-11-12 8:15:00	2022-11-12	8:15:00	118	51.9	Low
2022-11-12 8:30:00	2022-11-12	8:30:00	130	44.7	Medium
2022-11-12 8:45:00	2022-11-12	8:45:00	131	52.9	Medium
2022-11-12 9:00:00	2022-11-12	9:00:00	126	50.4	Medium
2022-11-12 9:15:00	2022-11-12	9:15:00	159	44.9	Medium
2022-11-12 9:30:00	2022-11-12	9:30:00	152	44.8	Medium
2022-11-12 9:45:00	2022-11-12	9:45:00	133	48.8	Medium
2022-11-12 10:00:00	2022-11-12	10:00:00	126	52.4	Medium
2022-11-12 10:15:00	2022-11-12	10:15:00	147	49.5	Medium
2022-11-12 10:30:00	2022-11-12	10:30:00	143	46.2	Medium
2022-11-12 10:45:00	2022-11-12	10:45:00	151	44.8	Medium
2022-11-12 11:00:00	2022-11-12	11:00:00	138	50.9	Medium
2022-11-12 11:15:00	2022-11-12	11:15:00	113	49.6	Low
2022-11-12 11:30:00	2022-11-12	11:30:00	138	49.1	Medium
2022-11-12 11:45:00	2022-11-12	11:45:00	139	49.2	Medium
2022-11-12 12:00:00	2022-11-12	12:00:00	137	50	Medium
2022-11-12 12:15:00	2022-11-12	12:15:00	117	53.9	Low
2022-11-12 12:30:00	2022-11-12	12:30:00	152	43.5	Medium
2022-11-12 12:45:00	2022-11-12	12:45:00	98	47.8	Low
2022-11-12 13:00:00	2022-11-12	13:00:00	124	48.8	Medium
2022-11-12 13:15:00	2022-11-12	13:15:00	101	58.6	Low
2022-11-12 13:30:00	2022-11-12	13:30:00	117	57.4	Low
2022-11-12 13:45:00	2022-11-12	13:45:00	106	58.1	Low
2022-11-12 14:00:00	2022-11-12	14:00:00	99	52.9	Low
2022-11-12 14:15:00	2022-11-12	14:15:00	76	50.8	Low
2022-11-12 14:30:00	2022-11-12	14:30:00	66	50.3	Low
2022-11-12 14:45:00	2022-11-12	14:45:00	103	51.1	Low
2022-11-12 15:00:00	2022-11-12	15:00:00	64	56.9	Low
2022-11-12 15:15:00	2022-11-12	15:15:00	69	60.9	Low
2022-11-12 15:30:00	2022-11-12	15:30:00	84	57.8	Low
2022-11-12 15:45:00	2022-11-12	15:45:00	50	59.8	Low
2022-11-12 16:00:00	2022-11-12	16:00:00	68	54.4	Low
2022-11-12 16:15:00	2022-11-12	16:15:00	51	56.2	Low
2022-11-12 16:30:00	2022-11-12	16:30:00	58	59	Low
2022-11-12 16:45:00	2022-11-12	16:45:00	61	60	Low
2022-11-12 17:00:00	2022-11-12	17:00:00	43	61.2	Low
2022-11-12 17:15:00	2022-11-12	17:15:00	54	55.6	Low
2022-11-12 17:30:00	2022-11-12	17:30:00	86	56.9	Low
2022-11-12 17:45:00	2022-11-12	17:45:00	79	57.1	Low
2022-11-12 18:00:00	2022-11-12	18:00:00	81	52.3	Low
2022-11-12 18:15:00	2022-11-12	18:15:00	86	52.6	Low
2022-11-12 18:30:00	2022-11-12	18:30:00	78	58	Low
2022-11-12 18:45:00	2022-11-12	18:45:00	102	52.4	Low
2022-11-12 19:00:00	2022-11-12	19:00:00	101	58	Low
2022-11-12 19:15:00	2022-11-12	19:15:00	108	53.9	Low
2022-11-12 19:30:00	2022-11-12	19:30:00	122	49.3	Medium
2022-11-12 19:45:00	2022-11-12	19:45:00	93	54.1	Low
2022-11-12 20:00:00	2022-11-12	20:00:00	150	47.7	Medium
2022-11-12 20:15:00	2022-11-12	20:15:00	104	50.7	Low
2022-11-12 20:30:00	2022-11-12	20:30:00	151	44.6	Medium
2022-11-12 20:45:00	2022-11-12	20:45:00	121	53	Medium
2022-11-12 21:00:00	2022-11-12	21:00:00	140	51.2	Medium
2022-11-12 21:15:00	2022-11-12	21:15:00	115	53.4	Low
2022-11-12 21:30:00	2022-11-12	21:30:00	137	53.6	Medium
2022-11-12 21:45:00	2022-11-12	21:45:00	128	48.4	Medium
2022-11-12 22:00:00	2022-11-12	22:00:00	140	53.7	Medium
2022-11-12 22:15:00	2022-11-12	22:15:00	147	45.1	Medium
2022-11-12 22:30:00	2022-11-12	22:30:00	164	42.8	Medium
2022-11-12 22:45:00	2022-11-12	22:45:00	153	41.9	Medium
2022-11-12 23:00:00	2022-11-12	23:00:00	148	46.4	Medium
2022-11-12 23:15:00	2022-11-12	23:15:00	127	48.7	Medium
2022-11-12 23:30:00	2022-11-12	23:30:00	130	51.4	Medium
2022-11-12 23:45:00	2022-11-12	23:45:00	170	45.9	Medium
2022-11-13 0:00:00	2022-11-13	0:00:00	116	47.9	Low
2022-11-13 0:15:00	2022-11-13	0:15:00	152	46.1	Medium
2022-11-13 0:30:00	2022-11-13	0:30:00	123	49.5	Medium
2022-11-13 0:45:00	2022-11-13	0:45:00	127	44.9	Medium
2022-11-13 1:00:00	2022-11-13	1:00:00	121	47.9	Medium
2022-11-13 1:15:00	2022-11-13	1:15:00	124	48.2	Medium
2022-11-13 1:30:00	2022-11-13	1:30:00	103	57.3	Low
2022-11-13 1:45:00	2022-11-13	1:45:00	99	54	Low
2022-11-13 2:00:00	2022-11-13	2:00:00	81	57.5	Low
2022-11-13 2:15:00	2022-11-13	2:15:00	87	50.4	Low
2022-11-13 2:30:00	2022-11-13	2:30:00	95	57.5	Low
2022-11-13 2:45:00	2022-11-13	2:45:00	82	59.3	Low
2022-11-13 3:00:00	2022-11-13	3:00:00	75	50.3	Low
2022-11-13 3:15:00	2022-11-13	3:15:00	90	52.4	Low
2022-11-13 3:30:00	2022-11-13	3:30:00	71	58.2	Low
2022-11-13 3:45:00	2022-11-13	3:45:00	70	58.8	Low
2022-11-13 4:00:00	2022-11-13	4:00:00	37	58.6	Low
2022-11-13 4:15:00	2022-11-13	4:15:00	20	61.8	Low
2022-11-13 4:30:00	2022-11-13	4:30:00	65	55.6	Low
2022-11-13 4:45:00	2022-11-13	4:45:00	58	58.6	Low
2022-11-13 5:00:00	2022-11-13	5:00:00	58	61.8	Low
2022-11-13 5:15:00	2022-11-13	5:15:00	69	54.6	Low
2022-11-13 5:30:00	2022-11-13	5:30:00	65	60.4	Low
2022-11-13 5:45:00	2022-11-13	5:45:00	82	53.1	Low
2022-11-13 6:00:00	2022-11-13	6:00:00	83	52.8	Low
2022-11-13 6:15:00	2022-11-13	6:15:00	71	59.2	Low
2022-11-13 6:30:00	2022-11-13	6:30:00	97	56.4	Low
2022-11-13 6:45:00	2022-11-13	6:45:00	79	58.3	Low
2022-11-13 7:00:00	2022-11-13	7:00:00	112	48	Low
2022-11-13 7:15:00	2022-11-13	7:15:00	97	52.3	Low
2022-11-13 7:30:00	2022-11-13	7:30:00	95	56.4	Low
2022-11-13 7:45:00	2022-11-13	7:45:00	106	52.8	Low
2022-11-13 8:00:00	2022-11-13	8:00:00	127	47	Medium
2022-11-13 8:15:00	2022-11-13	8:15:00	134	50.7	Medium
2022-11-13 8:30:00	2022-11-13	8:30:00	123	48.5	Medium
2022-11-13 8:45:00	2022-11-13	8:45:00	99	58.8	Low
2022-11-13 9:00:00	2022-11-13	9:00:00	137	53.7	Medium
2022-11-13 9:15:00	2022-11-13	9:15:00	155	48.7	Medium
2022-11-13 9:30:00	2022-11-13	9:30:00	139	52.9	Medium
2022-11-13 9:45:00	2022-11-13	9:45:00	140	48.9	Medium
2022-11-13 10:00:00	2022-11-13	10:00:00	164	48.2	Medium
2022-11-13 10:15:00	2022-11-13	10:15:00	139	53.2	Medium
2022-11-13 10:30:00	2022-11-13	10:30:00	126	51	Medium
2022-11-13 10:45:00	2022-11-13	10:45:00	147	47.1	Medium
2022-11-13 11:00:00	2022-11-13	11:00:00	136	44	Medium
2022-11-13 11:15:00	2022-11-13	11:15:00	129	49.7	Medium
2022-11-13 11:30:00	2022-11-13	11:30:00	141	51	Medium
2022-11-13 11:45:00	2022-11-13	11:45:00	151	50.2	Medium
2022-11-13 12:00:00	2022-11-13	12:00:00	127	51.7	Medium
2022-11-13 12:15:00	2022-11-13	12:15:00	132	48	Medium
2022-11-13 12:30:00	2022-11-13	12:30:00	154	41.1	Medium
2022-11-13 12:45:00	2022-11-13	12:45:00	122	49.3	Medium
2022-11-13 13:00:00	2022-11-13	13:00:00	109	51.4	Low
2022-11-13 13:15:00	2022-11-13	13:15:00	97	52.7	Low
2022-11-13 13:30:00	2022-11-13	13:30:00	92	56.1	Low
2022-11-13 13:45:00	2022-11-13	13:45:00	96	59.8	Low
2022-11-13 14:00:00	2022-11-13	14:00:00	75	56.6	Low
2022-11-13 14:15:00	2022-11-13	14:15:00	87	54.2	Low
2022-11-13 14:30:00	2022-11-13	14:30:00	117	50.6	Low
2022-11-13 14:45:00	2022-11-13	14:45:00	71	57.1	Low
2022-11-13 15:00:00	2022-11-13	15:00:00	59	55.6	Low
2022-11-13 15:15:00	2022-11-13	15:15:00	65	57.8	Low
2022-11-13 15:30:00	2022-11-13	15:30:00	71	58.1	Low
2022-11-13 15:45:00	2022-11-13	15:45:00	69	57.6	Low
2022-11-13 16:00:00	2022-11-13	16:00:00	79	57.2	Low
2022-11-13 16:15:00	2022-11-13	16:15:00	23	63.6	Low
2022-11-13 16:30:00	2022-11-13	16:30:00	24	56.9	Low
2022-11-13 16:45:00	2022-11-13	16:45:00	52	60.8	Low
2022-11-13 17:00:00	2022-11-13	17:00:00	82	53.4	Low
2022-11-13 17:15:00	2022-11-13	17:15:00	42	56.8	Low
2022-11-13 17:30:00	2022-11-13	17:30:00	20	59.4	Low
2022-11-13 17:45:00	2022-11-13	17:45:00	74	57.7	Low
2022-11-13 18:00:00	2022-11-13	18:00:00	86	54.3	Low
2022-11-13 18:15:00	2022-11-13	18:15:00	66	52.3	Low
2022-11-13 18:30:00	2022-11-13	18:30:00	67	58.6	Low
2022-11-13 18:45:00	2022-11-13	18:45:00	67	52.9	Low
2022-11-13 19:00:00	2022-11-13	19:00:00	106	53.1	Low
2022-11-13 19:15:00	2022-11-13	19:15:00	95	54.6	Low
2022-11-13 19:30:00	2022-11-13	19:30:00	112	54.6	Low
2022-11-13 19:45:00	2022-11-13	19:45:00	62	63.1	Low
2022-11-13 20:00:00	2022-11-13	20:00:00	114	47.6	Low
2022-11-13 20:15:00	2022-11-13	20:15:00	110	52	Low
2022-11-13 20:30:00	2022-11-13	20:30:00	123	49.8	Medium
2022-11-13 20:45:00	2022-11-13	20:45:00	119	52.4	Low
2022-11-13 21:00:00	2022-11-13	21:00:00	155	47.6	Medium
2022-11-13 21:15:00	2022-11-13	21:15:00	116	50.4	Low
2022-11-13 21:30:00	2022-11-13	21:30:00	144	46.9	Medium
2022-11-13 21:45:00	2022-11-13	21:45:00	152	43.9	Medium
2022-11-13 22:00:00	2022-11-13	22:00:00	177	47.3	Medium
2022-11-13 22:15:00	2022-11-13	22:15:00	142	49.8	Medium
2022-11-13 22:30:00	2022-11-13	22:30:00	154	49.8	Medium
2022-11-13 22:45:00	2022-11-13	22:45:00	122	49.8	Medium
2022-11-13 23:00:00	2022-11-13	23:00:00	108	50.4	Low
2022-11-13 23:15:00	2022-11-13	23:15:00	156	43.6	Medium
2022-11-13 23:30:00	2022-11-13	23:30:00	143	49.4	Medium
2022-11-13 23:45:00	2022-11-13	23:45:00	161	43.1	Medium
2022-11-14 0:00:00	2022-11-14	0:00:00	191	48.3	Medium
2022-11-14 0:15:00	2022-11-14	0:15:00	220	35.4	High
2022-11-14 0:30:00	2022-11-14	0:30:00	240	37.8	High
2022-11-14 0:45:00	2022-11-14	0:45:00	218	44.3	Medium
2022-11-14 1:00:00	2022-11-14	1:00:00	179	45.9	Medium
2022-11-14 1:15:00	2022-11-14	1:15:00	175	45.1	Medium
2022-11-14 1:30:00	2022-11-14	1:30:00	151	44.5	Medium
2022-11-14 1:45:00	2022-11-14	1:45:00	195	38.1	Medium
2022-11-14 2:00:00	2022-11-14	2:00:00	128	52.4	Medium
2022-11-14 2:15:00	2022-11-14	2:15:00	145	52.6	Medium
2022-11-14 2:30:00	2022-11-14	2:30:00	114	50.4	Low
2022-11-14 2:45:00	2022-11-14	2:45:00	119	47.7	Low
2022-11-14 3:00:00	2022-11-14	3:00:00	131	42.3	Medium
2022-11-14 3:15:00	2022-11-14	3:15:00	104	49.9	Low
2022-11-14 3:30:00	2022-11-14	3:30:00	131	49.4	Medium
2022-11-14 3:45:00	2022-11-14	3:45:00	108	57.2	Low
2022-11-14 4:00:00	2022-11-14	4:00:00	72	58.6	Low
2022-11-14 4:15:00	2022-11-14	4:15:00	113	52.7	Low
2022-11-14 4:30:00	2022-11-14	4:30:00	91	53.2	Low
2022-11-14 4:45:00	2022-11-14	4:45:00	110	50.4	Low
2022-11-14 5:00:00	2022-11-14	5:00:00	110	56.4	Low
2022-11-14 5:15:00	2022-11-14	5:15:00	86	55.6	Low
2022-11-14 5:30:00	2022-11-14	5:30:00	112	45.6	Low
2022-11-14 5:45:00	2022-11-14	5:45:00	142	46.4	Medium
2022-11-14 6:00:00	2022-11-14	6:00:00	144	45.6	Medium
2022-11-14 6:15:00	2022-11-14	6:15:00	136	47.5	Medium
2022-11-14 6:30:00	2022-11-14	6:30:00	153	48.8	Medium
2022-11-14 6:45:00	2022-11-14	6:45:00	140	48.3	Medium
2022-11-14 7:00:00	2022-11-14	7:00:00	178	44	Medium
2022-11-14 7:15:00	2022-11-14	7:15:00	158	50.5	Medium
2022-11-14 7:30:00	2022-11-14	7:30:00	178	42.1	Medium
2022-11-14 7:45:00	2022-11-14	7:45:00	190	48.4	Medium
2022-11-14 8:00:00	2022-11-14	8:00:00	199	39.8	Medium
2022-11-14 8:15:00	2022-11-14	8:15:00	233	38.1	High
2022-11-14 8:30:00	2022-11-14	8:30:00	211	39.5	Medium
2022-11-14 8:45:00	2022-11-14	8:45:00	199	42.2	Medium
2022-11-14 9:00:00	2022-11-14	9:00:00	254	36.7	High
2022-11-14 9:15:00	2022-11-14	9:15:00	235	38.9	High
2022-11-14 9:30:00	2022-11-14	9:30:00	251	33.5	High
2022-11-14 9:45:00	2022-11-14	9:45:00	235	34.2	High
2022-11-14 10:00:00	2022-11-14	10:00:00	249	43.5	High
2022-11-14 10:15:00	2022-11-14	10:15:00	257	33.6	High
2022-11-14 10:30:00	2022-11-14	10:30:00	254	37.5	High
2022-11-14 10:45:00	2022-11-14	10:45:00	220	34.5	High
2022-11-14 11:00:00	2022-11-14	11:00:00	223	38.1	High
2022-11-14 11:15:00	2022-11-14	11:15:00	253	35.1	High
2022-11-14 11:30:00	2022-11-14	11:30:00	237	38.8	High
2022-11-14 11:45:00	2022-11-14	11:45:00	232	29.8	High
2022-11-14 12:00:00	2022-11-14	12:00:00	192	43.1	Medium
2022-11-14 12:15:00	2022-11-14	12:15:00	196	38.7	Medium
2022-11-14 12:30:00	2022-11-14	12:30:00	182	44.7	Medium
2022-11-14 12:45:00	2022-11-14	12:45:00	210	37.4	Medium
2022-11-14 13:00:00	2022-11-14	13:00:00	166	43.1	Medium
2022-11-14 13:15:00	2022-11-14	13:15:00	160	45.5	Medium
2022-11-14 13:30:00	2022-11-14	13:30:00	173	41.7	Medium
2022-11-14 13:45:00	2022-11-14	13:45:00	180	42.6	Medium
2022-11-14 14:00:00	2022-11-14	14:00:00	168	41.8	Medium
2022-11-14 14:15:00	2022-11-14	14:15:00	114	46.2	Low
2022-11-14 14:30:00	2022-11-14	14:30:00	154	50.1	Medium
2022-11-14 14:45:00	2022-11-14	14:45:00	152	43.4	Medium
2022-11-14 15:00:00	2022-11-14	15:00:00	98	53	Low
2022-11-14 15:15:00	2022-11-14	15:15:00	113	54.1	Low
2022-11-14 15:30:00	2022-11-14	15:30:00	103	51.1	Low
2022-11-14 15:45:00	2022-11-14	15:45:00	112	49.5	Low
2022-11-14 16:00:00	2022-11-14	16:00:00	122	51.4	Medium
2022-11-14 16:15:00	2022-11-14	16:15:00	109	55.6	Low
2022-11-14 16:30:00	2022-11-14	16:30:00	107	49	Low
2022-11-14 16:45:00	2022-11-14	16:45:00	93	53.7	Low
2022-11-14 17:00:00	2022-11-14	17:00:00	87	49.7	Low
2022-11-14 17:15:00	2022-11-14	17:15:00	106	51.5	Low
2022-11-14 17:30:00	2022-11-14	17:30:00	128	50.2	Medium
2022-11-14 17:45:00	2022-11-14	17:45:00	87	52.3	Low
2022-11-14 18:00:00	2022-11-14	18:00:00	121	49.5	Medium
2022-11-14 18:15:00	2022-11-14	18:15:00	139	44.6	Medium
2022-11-14 18:30:00	2022-11-14	18:30:00	122	51	Medium
2022-11-14 18:45:00	2022-11-14	18:45:00	125	53.6	Medium
2022-11-14 19:00:00	2022-11-14	19:00:00	168	42.1	Medium
2022-11-14 19:15:00	2022-11-14	19:15:00	154	45.2	Medium
2022-11-14 19:30:00	2022-11-14	19:30:00	160	47.8	Medium
2022-11-14 19:45:00	2022-11-14	19:45:00	185	47.1	Medium
2022-11-14 20:00:00	2022-11-14	20:00:00	192	38.1	Medium
2022-11-14 20:15:00	2022-11-14	20:15:00	188	42.6	Medium
2022-11-14 20:30:00	2022-11-14	20:30:00	203	42.2	Medium
2022-11-14 20:45:00	2022-11-14	20:45:00	223	38.7	High
2022-11-14 21:00:00	2022-11-14	21:00:00	236	30	High
2022-11-14 21:15:00	2022-11-14	21:15:00	232	39.4	High
2022-11-14 21:30:00	2022-11-14	21:30:00	240	41.6	High
2022-11-14 21:45:00	2022-11-14	21:45:00	213	40.5	Medium
2022-11-14 22:00:00	2022-11-14	22:00:00	257	31.9	High
2022-11-14 22:15:00	2022-11-14	22:15:00	255	33.7	High
2022-11-14 22:30:00	2022-11-14	22:30:00	243	42	High
2022-11-14 22:45:00	2022-11-14	22:45:00	265	36.8	High
2022-11-14 23:00:00	2022-11-14	23:00:00	223	40.9	High
2022-11-14 23:15:00	2022-11-14	23:15:00	256	36.2	High
2022-11-14 23:30:00	2022-11-14	23:30:00	242	34.8	High
2022-11-14 23:45:00	2022-11-14	23:45:00	234	37.1	High
2022-11-15 0:00:00	2022-11-15	0:00:00	212	40	Medium
2022-11-15 0:15:00	2022-11-15	0:15:00	210	42.1	Medium
2022-11-15 0:30:00	2022-11-15	0:30:00	230	42.7	High
2022-11-15 0:45:00	2022-11-15	0:45:00	196	45.5	Medium
2022-11-15 1:00:00	2022-11-15	1:00:00	163	41.7	Medium
2022-11-15 1:15:00	2022-11-15	1:15:00	190	43.5	Medium
2022-11-15 1:30:00	2022-11-15	1:30:00	166	47.8	Medium
2022-11-15 1:45:00	2022-11-15	1:45:00	188	44.9	Medium
2022-11-15 2:00:00	2022-11-15	2:00:00	162	44.2	Medium
2022-11-15 2:15:00	2022-11-15	2:15:00	131	58.5	Medium
2022-11-15 2:30:00	2022-11-15	2:30:00	147	44	Medium
2022-11-15 2:45:00	2022-11-15	2:45:00	120	47.8	Medium
2022-11-15 3:00:00	2022-11-15	3:00:00	121	51.6	Medium
2022-11-15 3:15:00	2022-11-15	3:15:00	113	58.2	Low
2022-11-15 3:30:00	2022-11-15	3:30:00	117	48.8	Low
2022-11-15 3:45:00	2022-11-15	3:45:00	100	52.5	Low
2022-11-15 4:00:00	2022-11-15	4:00:00	75	59.5	Low
2022-11-15 4:15:00	2022-11-15	4:15:00	107	52.5	Low
2022-11-15 4:30:00	2022-11-15	4:30:00	69	55.9	Low
2022-11-15 4:45:00	2022-11-15	4:45:00	95	55.6	Low
2022-11-15 5:00:00	2022-11-15	5:00:00	124	51.4	Medium
2022-11-15 5:15:00	2022-11-15	5:15:00	112	55	Low
2022-11-15 5:30:00	2022-11-15	5:30:00	139	52.7	Medium
2022-11-15 5:45:00	2022-11-15	5:45:00	125	51.3	Medium
2022-11-15 6:00:00	2022-11-15	6:00:00	127	51.1	Medium
2022-11-15 6:15:00	2022-11-15	6:15:00	137	49.7	Medium
2022-11-15 6:30:00	2022-11-15	6:30:00	136	50.6	Medium
2022-11-15 6:45:00	2022-11-15	6:45:00	113	52	Low
2022-11-15 7:00:00	2022-11-15	7:00:00	160	46.3	Medium
2022-11-15 7:15:00	2022-11-15	7:15:00	166	49.2	Medium
2022-11-15 7:30:00	2022-11-15	7:30:00	144	52.7	Medium
2022-11-15 7:45:00	2022-11-15	7:45:00	175	40.1	Medium
2022-11-15 8:00:00	2022-11-15	8:00:00	208	40.8	Medium
2022-11-15 8:15:00	2022-11-15	8:15:00	187	41.1	Medium
2022-11-15 8:30:00	2022-11-15	8:30:00	218	38.6	Medium
2022-11-15 8:45:00	2022-11-15	8:45:00	223	40.2	High
2022-11-15 9:00:00	2022-11-15	9:00:00	243	38.7	High
2022-11-15 9:15:00	2022-11-15	9:15:00	235	37.2	High
2022-11-15 9:30:00	2022-11-15	9:30:00	248	30.3	High
2022-11-15 9:45:00	2022-11-15	9:45:00	250	32.9	High
2022-11-15 10:00:00	2022-11-15	10:00:00	254	38.1	High
2022-11-15 10:15:00	2022-11-15	10:15:00	237	29.1	High
2022-11-15 10:30:00	2022-11-15	10:30:00	254	38.9	High
2022-11-15 10:45:00	2022-11-15	10:45:00	267	35.4	High
2022-11-15 11:00:00	2022-11-15	11:00:00	231	42	High
2022-11-15 11:15:00	2022-11-15	11:15:00	271	32.8	High
2022-11-15 11:30:00	2022-11-15	11:30:00	232	31.7	High
2022-11-15 11:45:00	2022-11-15	11:45:00	240	38.3	High
2022-11-15 12:00:00	2022-11-15	12:00:00	202	45.3	Medium
2022-11-15 12:15:00	2022-11-15	12:15:00	215	42.7	Medium
2022-11-15 12:30:00	2022-11-15	12:30:00	186	41.3	Medium
2022-11-15 12:45:00	2022-11-15	12:45:00	204	41.5	Medium
2022-11-15 13:00:00	2022-11-15	13:00:00	158	45	Medium
2022-11-15 13:15:00	2022-11-15	13:15:00	177	41.9	Medium
2022-11-15 13:30:00	2022-11-15	13:30:00	189	45.8	Medium
2022-11-15 13:45:00	2022-11-15	13:45:00	184	39.9	Medium
2022-11-15 14:00:00	2022-11-15	14:00:00	101	50.5	Low
2022-11-15 14:15:00	2022-11-15	14:15:00	168	42.1	Medium
2022-11-15 14:30:00	2022-11-15	14:30:00	141	44.1	Medium
2022-11-15 14:45:00	2022-11-15	14:45:00	125	50.9	Medium
2022-11-15 15:00:00	2022-11-15	15:00:00	112	55.4	Low
2022-11-15 15:15:00	2022-11-15	15:15:00	112	51.4	Low
2022-11-15 15:30:00	2022-11-15	15:30:00	100	48.8	Low
2022-11-15 15:45:00	2022-11-15	15:45:00	113	54.3	Low
2022-11-15 16:00:00	2022-11-15	16:00:00	90	59.6	Low
2022-11-15 16:15:00	2022-11-15	16:15:00	93	52.2	Low
2022-11-15 16:30:00	2022-11-15	16:30:00	89	53.2	Low
2022-11-15 16:45:00	2022-11-15	16:45:00	78	57.4	Low
2022-11-15 17:00:00	2022-11-15	17:00:00	112	56.8	Low
2022-11-15 17:15:00	2022-11-15	17:15:00	118	49.7	Low
2022-11-15 17:30:00	2022-11-15	17:30:00	117	47.4	Low
2022-11-15 17:45:00	2022-11-15	17:45:00	122	52.7	Medium
2022-11-15 18:00:00	2022-11-15	18:00:00	142	50.8	Medium
2022-11-15 18:15:00	2022-11-15	18:15:00	129	50	Medium
2022-11-15 18:30:00	2022-11-15	18:30:00	150	45.8	Medium
2022-11-15 18:45:00	2022-11-15	18:45:00	117	54.3	Low
2022-11-15 19:00:00	2022-11-15	19:00:00	161	47.8	Medium
2022-11-15 19:15:00	2022-11-15	19:15:00	160	44	Medium
2022-11-15 19:30:00	2022-11-15	19:30:00	191	42.9	Medium
2022-11-15 19:45:00	2022-11-15	19:45:00	189	38.9	Medium
2022-11-15 20:00:00	2022-11-15	20:00:00	219	41.5	Medium
2022-11-15 20:15:00	2022-11-15	20:15:00	228	37.6	High
2022-11-15 20:30:00	2022-11-15	20:30:00	199	40.5	Medium
2022-11-15 20:45:00	2022-11-15	20:45:00	217	39.6	Medium
2022-11-15 21:00:00	2022-11-15	21:00:00	238	37.4	High
2022-11-15 21:15:00	2022-11-15	21:15:00	252	38.3	High
2022-11-15 21:30:00	2022-11-15	21:30:00	238	39	High
2022-11-15 21:45:00	2022-11-15	21:45:00	234	37.2	High
2022-11-15 22:00:00	2022-11-15	22:00:00	258	37.2	High
2022-11-15 22:15:00	2022-11-15	22:15:00	263	35.5	High
2022-11-15 22:30:00	2022-11-15	22:30:00	239	35.8	High
2022-11-15 22:45:00	2022-11-15	22:45:00	249	35.6	High
2022-11-15 23:00:00	2022-11-15	23:00:00	224	38.4	High
2022-11-15 23:15:00	2022-11-15	23:15:00	202	42.9	Medium
2022-11-15 23:30:00	2022-11-15	23:30:00	242	35.7	High
2022-11-15 23:45:00	2022-11-15	23:45:00	249	34.8	High
2022-11-16 0:00:00	2022-11-16	0:00:00	216	45.7	Medium
2022-11-16 0:15:00	2022-11-16	0:15:00	183	46.5	Medium
2022-11-16 0:30:00	2022-11-16	0:30:00	207	38.6	Medium
2022-11-16 0:45:00	2022-11-16	0:45:00	179	45.8	Medium
2022-11-16 1:00:00	2022-11-16	1:00:00	195	42.6	Medium
2022-11-16 1:15:00	2022-11-16	1:15:00	158	47.7	Medium
2022-11-16 1:30:00	2022-11-16	1:30:00	193	42.9	Medium
2022-11-16 1:45:00	2022-11-16	1:45:00	189	46.5	Medium
2022-11-16 2:00:00	2022-11-16	2:00:00	123	51.7	Medium
2022-11-16 2:15:00	2022-11-16	2:15:00	120	50.8	Medium
2022-11-16 2:30:00	2022-11-16	2:30:00	142	51.6	Medium
2022-11-16 2:45:00	2022-11-16	2:45:00	124	51.2	Medium
2022-11-16 3:00:00	2022-11-16	3:00:00	111	52.4	Low
2022-11-16 3:15:00	2022-11-16	3:15:00	102	54	Low
2022-11-16 3:30:00	2022-11-16	3:30:00	83	55	Low
2022-11-16 3:45:00	2022-11-16	3:45:00	76	56.2	Low
2022-11-16 4:00:00	2022-11-16	4:00:00	103	51.2	Low
2022-11-16 4:15:00	2022-11-16	4:15:00	91	52.1	Low
2022-11-16 4:30:00	2022-11-16	4:30:00	91	51.4	Low
2022-11-16 4:45:00	2022-11-16	4:45:00	110	48	Low
2022-11-16 5:00:00	2022-11-16	5:00:00	127	47.5	Medium
2022-11-16 5:15:00	2022-11-16	5:15:00	105	52.2	Low
2022-11-16 5:30:00	2022-11-16	5:30:00	104	53.2	Low
2022-11-16 5:45:00	2022-11-16	5:45:00	117	50.5	Low
2022-11-16 6:00:00	2022-11-16	6:00:00	117	44.3	Low
2022-11-16 6:15:00	2022-11-16	6:15:00	140	53.4	Medium
2022-11-16 6:30:00	2022-11-16	6:30:00	145	51.3	Medium
2022-11-16 6:45:00	2022-11-16	6:45:00	147	49.2	Medium
2022-11-16 7:00:00	2022-11-16	7:00:00	145	53.8	Medium
2022-11-16 7:15:00	2022-11-16	7:15:00	163	43.1	Medium
2022-11-16 7:30:00	2022-11-16	7:30:00	161	51.9	Medium
2022-11-16 7:45:00	2022-11-16	7:45:00	176	41.6	Medium
2022-11-16 8:00:00	2022-11-16	8:00:00	219	40.2	Medium
2022-11-16 8:15:00	2022-11-16	8:15:00	234	33.9	High
2022-11-16 8:30:00	2022-11-16	8:30:00	205	41.1	Medium
2022-11-16 8:45:00	2022-11-16	8:45:00	205	42.2	Medium
2022-11-16 9:00:00	2022-11-16	9:00:00	257	34.6	High
2022-11-16 9:15:00	2022-11-16	9:15:00	244	38.7	High
2022-11-16 9:30:00	2022-11-16	9:30:00	258	35.2	High
2022-11-16 9:45:00	2022-11-16	9:45:00	244	35	High
2022-11-16 10:00:00	2022-11-16	10:00:00	232	36.2	High
2022-11-16 10:15:00	2022-11-16	10:15:00	230	40.6	High
2022-11-16 10:30:00	2022-11-16	10:30:00	226	36.7	High
2022-11-16 10:45:00	2022-11-16	10:45:00	259	37.5	High
2022-11-16 11:00:00	2022-11-16	11:00:00	257	38.7	High
2022-11-16 11:15:00	2022-11-16	11:15:00	267	28.8	High
2022-11-16 11:30:00	2022-11-16	11:30:00	252	39	High
2022-11-16 11:45:00	2022-11-16	11:45:00	257	41.2	High
2022-11-16 12:00:00	2022-11-16	12:00:00	203	42.1	Medium
2022-11-16 12:15:00	2022-11-16	12:15:00	195	44	Medium
2022-11-16 12:30:00	2022-11-16	12:30:00	225	41.9	High
2022-11-16 12:45:00	2022-11-16	12:45:00	218	38.7	Medium
2022-11-16 13:00:00	2022-11-16	13:00:00	176	45	Medium
2022-11-16 13:15:00	2022-11-16	13:15:00	180	40.1	Medium
2022-11-16 13:30:00	2022-11-16	13:30:00	179	44.5	Medium
2022-11-16 13:45:00	2022-11-16	13:45:00	194	43.9	Medium
2022-11-16 14:00:00	2022-11-16	14:00:00	156	48.3	Medium
2022-11-16 14:15:00	2022-11-16	14:15:00	145	51.3	Medium
2022-11-16 14:30:00	2022-11-16	14:30:00	150	45.2	Medium
2022-11-16 14:45:00	2022-11-16	14:45:00	145	46.5	Medium
2022-11-16 15:00:00	2022-11-16	15:00:00	103	58.7	Low
2022-11-16 15:15:00	2022-11-16	15:15:00	121	50.4	Medium
2022-11-16 15:30:00	2022-11-16	15:30:00	89	55.2	Low
2022-11-16 15:45:00	2022-11-16	15:45:00	125	50.2	Medium
2022-11-16 16:00:00	2022-11-16	16:00:00	82	53	Low
2022-11-16 16:15:00	2022-11-16	16:15:00	104	57.7	Low
2022-11-16 16:30:00	2022-11-16	16:30:00	87	53.3	Low
2022-11-16 16:45:00	2022-11-16	16:45:00	108	49	Low
2022-11-16 17:00:00	2022-11-16	17:00:00	109	50.9	Low
2022-11-16 17:15:00	2022-11-16	17:15:00	86	49	Low
2022-11-16 17:30:00	2022-11-16	17:30:00	116	49.5	Low
2022-11-16 17:45:00	2022-11-16	17:45:00	101	50.3	Low
2022-11-16 18:00:00	2022-11-16	18:00:00	150	49.4	Medium
2022-11-16 18:15:00	2022-11-16	18:15:00	137	47	Medium
2022-11-16 18:30:00	2022-11-16	18:30:00	143	51	Medium
2022-11-16 18:45:00	2022-11-16	18:45:00	123	54.8	Medium
2022-11-16 19:00:00	2022-11-16	19:00:00	166	48	Medium
2022-11-16 19:15:00	2022-11-16	19:15:00	168	44.8	Medium
2022-11-16 19:30:00	2022-11-16	19:30:00	187	43.6	Medium
2022-11-16 19:45:00	2022-11-16	19:45:00	200	37.1	Medium
2022-11-16 20:00:00	2022-11-16	20:00:00	200	41.3	Medium
2022-11-16 20:15:00	2022-11-16	20:15:00	228	35.8	High
2022-11-16 20:30:00	2022-11-16	20:30:00	179	46.2	Medium
2022-11-16 20:45:00	2022-11-16	20:45:00	194	50.1	Medium
2022-11-16 21:00:00	2022-11-16	21:00:00	225	40.2	High
2022-11-16 21:15:00	2022-11-16	21:15:00	219	33.5	Medium
2022-11-16 21:30:00	2022-11-16	21:30:00	216	38.7	Medium
2022-11-16 21:45:00	2022-11-16	21:45:00	246	36.7	High
2022-11-16 22:00:00	2022-11-16	22:00:00	246	36.6	High
2022-11-16 22:15:00	2022-11-16	22:15:00	255	33.1	High
2022-11-16 22:30:00	2022-11-16	22:30:00	260	35.4	High
2022-11-16 22:45:00	2022-11-16	22:45:00	253	31.8	High
2022-11-16 23:00:00	2022-11-16	23:00:00	249	33.1	High
2022-11-16 23:15:00	2022-11-16	23:15:00	238	39.2	High
2022-11-16 23:30:00	2022-11-16	23:30:00	222	36.1	High
2022-11-16 23:45:00	2022-11-16	23:45:00	255	36.9	High
2022-11-17 0:00:00	2022-11-17	0:00:00	203	37.2	Medium
2022-11-17 0:15:00	2022-11-17	0:15:00	198	47.2	Medium
2022-11-17 0:30:00	2022-11-17	0:30:00	209	38.3	Medium
2022-11-17 0:45:00	2022-11-17	0:45:00	198	41.2	Medium
2022-11-17 1:00:00	2022-11-17	1:00:00	168	46.4	Medium
2022-11-17 1:15:00	2022-11-17	1:15:00	180	42.3	Medium
2022-11-17 1:30:00	2022-11-17	1:30:00	180	44.4	Medium
2022-11-17 1:45:00	2022-11-17	1:45:00	161	47.9	Medium
2022-11-17 2:00:00	2022-11-17	2:00:00	130	52.7	Medium
2022-11-17 2:15:00	2022-11-17	2:15:00	153	49.5	Medium
2022-11-17 2:30:00	2022-11-17	2:30:00	144	47.7	Medium
2022-11-17 2:45:00	2022-11-17	2:45:00	168	45	Medium
2022-11-17 3:00:00	2022-11-17	3:00:00	127	57.2	Medium
2022-11-17 3:15:00	2022-11-17	3:15:00	127	53	Medium
2022-11-17 3:30:00	2022-11-17	3:30:00	89	51.9	Low
2022-11-17 3:45:00	2022-11-17	3:45:00	121	51.2	Medium
2022-11-17 4:00:00	2022-11-17	4:00:00	99	52.4	Low
2022-11-17 4:15:00	2022-11-17	4:15:00	91	54	Low
2022-11-17 4:30:00	2022-11-17	4:30:00	102	49.4	Low
2022-11-17 4:45:00	2022-11-17	4:45:00	114	50.5	Low
2022-11-17 5:00:00	2022-11-17	5:00:00	117	56.8	Low
2022-11-17 5:15:00	2022-11-17	5:15:00	96	55.5	Low
2022-11-17 5:30:00	2022-11-17	5:30:00	121	43.4	Medium
2022-11-17 5:45:00	2022-11-17	5:45:00	100	57	Low
2022-11-17 6:00:00	2022-11-17	6:00:00	140	51.9	Medium
2022-11-17 6:15:00	2022-11-17	6:15:00	132	48.5	Medium
2022-11-17 6:30:00	2022-11-17	6:30:00	134	51.5	Medium
2022-11-17 6:45:00	2022-11-17	6:45:00	148	45.2	Medium
2022-11-17 7:00:00	2022-11-17	7:00:00	159	45	Medium
2022-11-17 7:15:00	2022-11-17	7:15:00	204	45.7	Medium
2022-11-17 7:30:00	2022-11-17	7:30:00	147	47	Medium
2022-11-17 7:45:00	2022-11-17	7:45:00	166	40	Medium
2022-11-17 8:00:00	2022-11-17	8:00:00	218	39.4	Medium
2022-11-17 8:15:00	2022-11-17	8:15:00	221	39	High
2022-11-17 8:30:00	2022-11-17	8:30:00	210	44.1	Medium
2022-11-17 8:45:00	2022-11-17	8:45:00	211	40.4	Medium
2022-11-17 9:00:00	2022-11-17	9:00:00	246	35	High
2022-11-17 9:15:00	2022-11-17	9:15:00	236	40.6	High
2022-11-17 9:30:00	2022-11-17	9:30:00	260	35	High
2022-11-17 9:45:00	2022-11-17	9:45:00	252	33.3	High
2022-11-17 10:00:00	2022-11-17	10:00:00	263	37.8	High
2022-11-17 10:15:00	2022-11-17	10:15:00	235	38.2	High
2022-11-17 10:30:00	2022-11-17	10:30:00	248	36.1	High
2022-11-17 10:45:00	2022-11-17	10:45:00	245	37	High
2022-11-17 11:00:00	2022-11-17	11:00:00	224	35.7	High
2022-11-17 11:15:00	2022-11-17	11:15:00	245	34.8	High
2022-11-17 11:30:00	2022-11-17	11:30:00	231	38.1	High
2022-11-17 11:45:00	2022-11-17	11:45:00	249	35.4	High
2022-11-17 12:00:00	2022-11-17	12:00:00	196	46	Medium
2022-11-17 12:15:00	2022-11-17	12:15:00	238	37.9	High
2022-11-17 12:30:00	2022-11-17	12:30:00	199	44.3	Medium
2022-11-17 12:45:00	2022-11-17	12:45:00	215	39.9	Medium
2022-11-17 13:00:00	2022-11-17	13:00:00	186	46.5	Medium
2022-11-17 13:15:00	2022-11-17	13:15:00	166	46.8	Medium
2022-11-17 13:30:00	2022-11-17	13:30:00	187	43.2	Medium
2022-11-17 13:45:00	2022-11-17	13:45:00	156	46.8	Medium
2022-11-17 14:00:00	2022-11-17	14:00:00	159	43.6	Medium
2022-11-17 14:15:00	2022-11-17	14:15:00	137	50.5	Medium
2022-11-17 14:30:00	2022-11-17	14:30:00	128	49.9	Medium
2022-11-17 14:45:00	2022-11-17	14:45:00	133	48	Medium
2022-11-17 15:00:00	2022-11-17	15:00:00	122	54.1	Medium
2022-11-17 15:15:00	2022-11-17	15:15:00	101	49.5	Low
2022-11-17 15:30:00	2022-11-17	15:30:00	98	52.3	Low
2022-11-17 15:45:00	2022-11-17	15:45:00	106	55.7	Low
2022-11-17 16:00:00	2022-11-17	16:00:00	82	56.4	Low
2022-11-17 16:15:00	2022-11-17	16:15:00	127	50	Medium
2022-11-17 16:30:00	2022-11-17	16:30:00	91	55.1	Low
2022-11-17 16:45:00	2022-11-17	16:45:00	112	52.5	Low
2022-11-17 17:00:00	2022-11-17	17:00:00	113	47.3	Low
2022-11-17 17:15:00	2022-11-17	17:15:00	95	52.9	Low
2022-11-17 17:30:00	2022-11-17	17:30:00	109	57.1	Low
2022-11-17 17:45:00	2022-11-17	17:45:00	121	48.9	Medium
2022-11-17 18:00:00	2022-11-17	18:00:00	134	48.4	Medium
2022-11-17 18:15:00	2022-11-17	18:15:00	155	45.3	Medium
2022-11-17 18:30:00	2022-11-17	18:30:00	152	47	Medium
2022-11-17 18:45:00	2022-11-17	18:45:00	151	45.6	Medium
2022-11-17 19:00:00	2022-11-17	19:00:00	168	46.9	Medium
2022-11-17 19:15:00	2022-11-17	19:15:00	158	47.2	Medium
2022-11-17 19:30:00	2022-11-17	19:30:00	165	48.1	Medium
2022-11-17 19:45:00	2022-11-17	19:45:00	177	41.2	Medium
2022-11-17 20:00:00	2022-11-17	20:00:00	220	38.3	High
2022-11-17 20:15:00	2022-11-17	20:15:00	179	43.4	Medium
2022-11-17 20:30:00	2022-11-17	20:30:00	212	41.6	Medium
2022-11-17 20:45:00	2022-11-17	20:45:00	214	37.7	Medium
2022-11-17 21:00:00	2022-11-17	21:00:00	235	40.3	High
2022-11-17 21:15:00	2022-11-17	21:15:00	259	38.3	High
2022-11-17 21:30:00	2022-11-17	21:30:00	246	33.3	High
2022-11-17 21:45:00	2022-11-17	21:45:00	259	33.3	High
2022-11-17 22:00:00	2022-11-17	22:00:00	246	34.7	High
2022-11-17 22:15:00	2022-11-17	22:15:00	264	42.1	High
2022-11-17 22:30:00	2022-11-17	22:30:00	274	31.7	High
2022-11-17 22:45:00	2022-11-17	22:45:00	269	38.6	High
2022-11-17 23:00:00	2022-11-17	23:00:00	223	35.2	High
2022-11-17 23:15:00	2022-11-17	23:15:00	236	34.5	High
2022-11-17 23:30:00	2022-11-17	23:30:00	234	35.6	High
2022-11-17 23:45:00	2022-11-17	23:45:00	247	33.6	High
2022-11-18 0:00:00	2022-11-18	0:00:00	222	38.3	High
2022-11-18 0:15:00	2022-11-18	0:15:00	199	39.7	Medium
2022-11-18 0:30:00	2022-11-18	0:30:00	213	37.7	Medium
2022-11-18 0:45:00	2022-11-18	0:45:00	182	47.2	Medium
2022-11-18 1:00:00	2022-11-18	1:00:00	196	45.8	Medium
2022-11-18 1:15:00	2022-11-18	1:15:00	167	48.4	Medium
2022-11-18 1:30:00	2022-11-18	1:30:00	175	46.2	Medium
2022-11-18 1:45:00	2022-11-18	1:45:00	170	45.4	Medium
2022-11-18 2:00:00	2022-11-18	2:00:00	154	45.5	Medium
2022-11-18 2:15:00	2022-11-18	2:15:00	94	51.2	Low
2022-11-18 2:30:00	2022-11-18	2:30:00	137	50.1	Medium
2022-11-18 2:45:00	2022-11-18	2:45:00	135	45.7	Medium
2022-11-18 3:00:00	2022-11-18	3:00:00	103	50	Low
2022-11-18 3:15:00	2022-11-18	3:15:00	135	52.7	Medium
2022-11-18 3:30:00	2022-11-18	3:30:00	96	59.5	Low
2022-11-18 3:45:00	2022-11-18	3:45:00	121	52.1	Medium
2022-11-18 4:00:00	2022-11-18	4:00:00	105	56.1	Low
2022-11-18 4:15:00	2022-11-18	4:15:00	118	50.5	Low
2022-11-18 4:30:00	2022-11-18	4:30:00	89	50.6	Low
2022-11-18 4:45:00	2022-11-18	4:45:00	89	56.5	Low
2022-11-18 5:00:00	2022-11-18	5:00:00	126	52	Medium
2022-11-18 5:15:00	2022-11-18	5:15:00	116	51.7	Low
2022-11-18 5:30:00	2022-11-18	5:30:00	86	54.2	Low
2022-11-18 5:45:00	2022-11-18	5:45:00	101	56.1	Low
2022-11-18 6:00:00	2022-11-18	6:00:00	143	45.4	Medium
2022-11-18 6:15:00	2022-11-18	6:15:00	150	45.2	Medium
2022-11-18 6:30:00	2022-11-18	6:30:00	127	47.2	Medium
2022-11-18 6:45:00	2022-11-18	6:45:00	93	54.4	Low
2022-11-18 7:00:00	2022-11-18	7:00:00	182	40.5	Medium
2022-11-18 7:15:00	2022-11-18	7:15:00	156	44.7	Medium
2022-11-18 7:30:00	2022-11-18	7:30:00	144	46.1	Medium
2022-11-18 7:45:00	2022-11-18	7:45:00	132	48.8	Medium
2022-11-18 8:00:00	2022-11-18	8:00:00	224	34.4	High
2022-11-18 8:15:00	2022-11-18	8:15:00	214	40.3	Medium
2022-11-18 8:30:00	2022-11-18	8:30:00	209	44.4	Medium
2022-11-18 8:45:00	2022-11-18	8:45:00	233	38.2	High
2022-11-18 9:00:00	2022-11-18	9:00:00	249	40.6	High
2022-11-18 9:15:00	2022-11-18	9:15:00	264	38.2	High
2022-11-18 9:30:00	2022-11-18	9:30:00	219	41.8	Medium
2022-11-18 9:45:00	2022-11-18	9:45:00	239	37.3	High
2022-11-18 10:00:00	2022-11-18	10:00:00	225	38.8	High
2022-11-18 10:15:00	2022-11-18	10:15:00	246	38.6	High
2022-11-18 10:30:00	2022-11-18	10:30:00	246	35.1	High
2022-11-18 10:45:00	2022-11-18	10:45:00	259	29.1	High
2022-11-18 11:00:00	2022-11-18	11:00:00	240	38.5	High
2022-11-18 11:15:00	2022-11-18	11:15:00	249	32.6	High
2022-11-18 11:30:00	2022-11-18	11:30:00	250	32.9	High
2022-11-18 11:45:00	2022-11-18	11:45:00	272	33.3	High
2022-11-18 12:00:00	2022-11-18	12:00:00	207	40.6	Medium
2022-11-18 12:15:00	2022-11-18	12:15:00	198	37.7	Medium
2022-11-18 12:30:00	2022-11-18	12:30:00	216	40.3	Medium
2022-11-18 12:45:00	2022-11-18	12:45:00	200	44.6	Medium
2022-11-18 13:00:00	2022-11-18	13:00:00	197	38.6	Medium
2022-11-18 13:15:00	2022-11-18	13:15:00	170	49	Medium
2022-11-18 13:30:00	2022-11-18	13:30:00	166	41	Medium
2022-11-18 13:45:00	2022-11-18	13:45:00	167	51.9	Medium
2022-11-18 14:00:00	2022-11-18	14:00:00	148	46.5	Medium
2022-11-18 14:15:00	2022-11-18	14:15:00	135	49.7	Medium
2022-11-18 14:30:00	2022-11-18	14:30:00	127	44.5	Medium
2022-11-18 14:45:00	2022-11-18	14:45:00	162	45.9	Medium
2022-11-18 15:00:00	2022-11-18	15:00:00	97	54.4	Low
2022-11-18 15:15:00	2022-11-18	15:15:00	110	51.9	Low
2022-11-18 15:30:00	2022-11-18	15:30:00	119	49.4	Low
2022-11-18 15:45:00	2022-11-18	15:45:00	85	52.2	Low
2022-11-18 16:00:00	2022-11-18	16:00:00	107	55.9	Low
2022-11-18 16:15:00	2022-11-18	16:15:00	84	55.3	Low
2022-11-18 16:30:00	2022-11-18	16:30:00	112	56.6	Low
2022-11-18 16:45:00	2022-11-18	16:45:00	85	53.5	Low
2022-11-18 17:00:00	2022-11-18	17:00:00	120	49.7	Medium
2022-11-18 17:15:00	2022-11-18	17:15:00	126	52.7	Medium
2022-11-18 17:30:00	2022-11-18	17:30:00	122	45.9	Medium
2022-11-18 17:45:00	2022-11-18	17:45:00	113	48.2	Low
2022-11-18 18:00:00	2022-11-18	18:00:00	134	52.7	Medium
2022-11-18 18:15:00	2022-11-18	18:15:00	128	46.6	Medium
2022-11-18 18:30:00	2022-11-18	18:30:00	159	41	Medium
2022-11-18 18:45:00	2022-11-18	18:45:00	127	55.8	Medium
2022-11-18 19:00:00	2022-11-18	19:00:00	159	42.3	Medium
2022-11-18 19:15:00	2022-11-18	19:15:00	184	44.1	Medium
2022-11-18 19:30:00	2022-11-18	19:30:00	163	46.2	Medium
2022-11-18 19:45:00	2022-11-18	19:45:00	160	37.9	Medium
2022-11-18 20:00:00	2022-11-18	20:00:00	190	42	Medium
2022-11-18 20:15:00	2022-11-18	20:15:00	205	42.4	Medium
2022-11-18 20:30:00	2022-11-18	20:30:00	211	41.4	Medium
2022-11-18 20:45:00	2022-11-18	20:45:00	216	42.5	Medium
2022-11-18 21:00:00	2022-11-18	21:00:00	254	34.2	High
2022-11-18 21:15:00	2022-11-18	21:15:00	247	38.3	High
2022-11-18 21:30:00	2022-11-18	21:30:00	237	35.3	High
2022-11-18 21:45:00	2022-11-18	21:45:00	236	33.2	High
2022-11-18 22:00:00	2022-11-18	22:00:00	257	31.1	High
2022-11-18 22:15:00	2022-11-18	22:15:00	269	29.2	High
2022-11-18 22:30:00	2022-11-18	22:30:00	251	38.7	High
2022-11-18 22:45:00	2022-11-18	22:45:00	242	32.2	High
2022-11-18 23:00:00	2022-11-18	23:00:00	225	39.6	High
2022-11-18 23:15:00	2022-11-18	23:15:00	218	38.8	Medium
2022-11-18 23:30:00	2022-11-18	23:30:00	249	35.6	High
2022-11-18 23:45:00	2022-11-18	23:45:00	248	40.2	High
2022-11-19 0:00:00	2022-11-19	0:00:00	136	47.8	Medium
2022-11-19 0:15:00	2022-11-19	0:15:00	125	52.3	Medium
2022-11-19 0:30:00	2022-11-19	0:30:00	148	47.8	Medium
2022-11-19 0:45:00	2022-11-19	0:45:00	120	50.5	Medium
2022-11-19 1:00:00	2022-11-19	1:00:00	119	58	Low
2022-11-19 1:15:00	2022-11-19	1:15:00	104	48.5	Low
2022-11-19 1:30:00	2022-11-19	1:30:00	95	57.8	Low
2022-11-19 1:45:00	2022-11-19	1:45:00	113	53.8	Low
2022-11-19 2:00:00	2022-11-19	2:00:00	88	53.3	Low
2022-11-19 2:15:00	2022-11-19	2:15:00	87	59.7	Low
2022-11-19 2:30:00	2022-11-19	2:30:00	83	49.8	Low
2022-11-19 2:45:00	2022-11-19	2:45:00	81	54	Low
2022-11-19 3:00:00	2022-11-19	3:00:00	101	49.6	Low
2022-11-19 3:15:00	2022-11-19	3:15:00	83	56.6	Low
2022-11-19 3:30:00	2022-11-19	3:30:00	76	52.8	Low
2022-11-19 3:45:00	2022-11-19	3:45:00	67	58.5	Low
2022-11-19 4:00:00	2022-11-19	4:00:00	75	55.7	Low
2022-11-19 4:15:00	2022-11-19	4:15:00	67	55.7	Low
2022-11-19 4:30:00	2022-11-19	4:30:00	60	59.2	Low
2022-11-19 4:45:00	2022-11-19	4:45:00	55	57.8	Low
2022-11-19 5:00:00	2022-11-19	5:00:00	64	54.3	Low
2022-11-19 5:15:00	2022-11-19	5:15:00	18	70	Low
2022-11-19 5:30:00	2022-11-19	5:30:00	69	55.5	Low
2022-11-19 5:45:00	2022-11-19	5:45:00	58	51.6	Low
2022-11-19 6:00:00	2022-11-19	6:00:00	106	50.1	Low
2022-11-19 6:15:00	2022-11-19	6:15:00	82	51.6	Low
2022-11-19 6:30:00	2022-11-19	6:30:00	64	60	Low
2022-11-19 6:45:00	2022-11-19	6:45:00	81	56.5	Low
2022-11-19 7:00:00	2022-11-19	7:00:00	89	55.8	Low
2022-11-19 7:15:00	2022-11-19	7:15:00	112	50.8	Low
2022-11-19 7:30:00	2022-11-19	7:30:00	109	51.4	Low
2022-11-19 7:45:00	2022-11-19	7:45:00	119	50	Low
2022-11-19 8:00:00	2022-11-19	8:00:00	115	51.3	Low
2022-11-19 8:15:00	2022-11-19	8:15:00	128	52.6	Medium
2022-11-19 8:30:00	2022-11-19	8:30:00	107	53.5	Low
2022-11-19 8:45:00	2022-11-19	8:45:00	138	50.4	Medium
2022-11-19 9:00:00	2022-11-19	9:00:00	151	48.9	Medium
2022-11-19 9:15:00	2022-11-19	9:15:00	151	50	Medium
2022-11-19 9:30:00	2022-11-19	9:30:00	143	49.2	Medium
2022-11-19 9:45:00	2022-11-19	9:45:00	150	48.6	Medium
2022-11-19 10:00:00	2022-11-19	10:00:00	174	48.3	Medium
2022-11-19 10:15:00	2022-11-19	10:15:00	145	46.1	Medium
2022-11-19 10:30:00	2022-11-19	10:30:00	152	44.7	Medium
2022-11-19 10:45:00	2022-11-19	10:45:00	133	45.9	Medium
2022-11-19 11:00:00	2022-11-19	11:00:00	130	50.4	Medium
2022-11-19 11:15:00	2022-11-19	11:15:00	145	42.5	Medium
2022-11-19 11:30:00	2022-11-19	11:30:00	160	47.7	Medium
2022-11-19 11:45:00	2022-11-19	11:45:00	140	48.3	Medium
2022-11-19 12:00:00	2022-11-19	12:00:00	123	54.1	Medium
2022-11-19 12:15:00	2022-11-19	12:15:00	121	48.9	Medium
2022-11-19 12:30:00	2022-11-19	12:30:00	119	50.5	Low
2022-11-19 12:45:00	2022-11-19	12:45:00	131	53.1	Medium
2022-11-19 13:00:00	2022-11-19	13:00:00	82	59.6	Low
2022-11-19 13:15:00	2022-11-19	13:15:00	124	48.5	Medium
2022-11-19 13:30:00	2022-11-19	13:30:00	95	54.5	Low
2022-11-19 13:45:00	2022-11-19	13:45:00	115	52.5	Low
2022-11-19 14:00:00	2022-11-19	14:00:00	63	58.8	Low
2022-11-19 14:15:00	2022-11-19	14:15:00	92	53.5	Low
2022-11-19 14:30:00	2022-11-19	14:30:00	92	58.1	Low
2022-11-19 14:45:00	2022-11-19	14:45:00	88	49.1	Low
2022-11-19 15:00:00	2022-11-19	15:00:00	51	57.8	Low
2022-11-19 15:15:00	2022-11-19	15:15:00	69	58.3	Low
2022-11-19 15:30:00	2022-11-19	15:30:00	48	60.8	Low
2022-11-19 15:45:00	2022-11-19	15:45:00	62	61.8	Low
2022-11-19 16:00:00	2022-11-19	16:00:00	75	59.8	Low
2022-11-19 16:15:00	2022-11-19	16:15:00	71	55.9	Low
2022-11-19 16:30:00	2022-11-19	16:30:00	60	61.9	Low
2022-11-19 16:45:00	2022-11-19	16:45:00	45	57.6	Low
2022-11-19 17:00:00	2022-11-19	17:00:00	75	59	Low
2022-11-19 17:15:00	2022-11-19	17:15:00	66	62.7	Low
2022-11-19 17:30:00	2022-11-19	17:30:00	31	65	Low
2022-11-19 17:45:00	2022-11-19	17:45:00	77	56.3	Low
2022-11-19 18:00:00	2022-11-19	18:00:00	82	54.4	Low
2022-11-19 18:15:00	2022-11-19	18:15:00	100	48.7	Low
2022-11-19 18:30:00	2022-11-19	18:30:00	66	58.2	Low
2022-11-19 18:45:00	2022-11-19	18:45:00	34	57.7	Low
2022-11-19 19:00:00	2022-11-19	19:00:00	109	49.9	Low
2022-11-19 19:15:00	2022-11-19	19:15:00	109	48.7	Low
2022-11-19 19:30:00	2022-11-19	19:30:00	79	54.4	Low
2022-11-19 19:45:00	2022-11-19	19:45:00	90	54.4	Low
2022-11-19 20:00:00	2022-11-19	20:00:00	168	46.2	Medium
2022-11-19 20:15:00	2022-11-19	20:15:00	122	49	Medium
2022-11-19 20:30:00	2022-11-19	20:30:00	138	52.1	Medium
2022-11-19 20:45:00	2022-11-19	20:45:00	117	50.7	Low
2022-11-19 21:00:00	2022-11-19	21:00:00	112	49.6	Low
2022-11-19 21:15:00	2022-11-19	21:15:00	141	49.2	Medium
2022-11-19 21:30:00	2022-11-19	21:30:00	139	54.7	Medium
2022-11-19 21:45:00	2022-11-19	21:45:00	137	50	Medium
2022-11-19 22:00:00	2022-11-19	22:00:00	148	46.6	Medium
2022-11-19 22:15:00	2022-11-19	22:15:00	153	42.6	Medium
2022-11-19 22:30:00	2022-11-19	22:30:00	147	47.2	Medium
2022-11-19 22:45:00	2022-11-19	22:45:00	131	50.4	Medium
2022-11-19 23:00:00	2022-11-19	23:00:00	151	46.2	Medium
2022-11-19 23:15:00	2022-11-19	23:15:00	114	46.7	Low
2022-11-19 23:30:00	2022-11-19	23:30:00	113	49.3	Low
2022-11-19 23:45:00	2022-11-19	23:45:00	155	51.3	Medium
2022-11-20 0:00:00	2022-11-20	0:00:00	135	53.6	Medium
2022-11-20 0:15:00	2022-11-20	0:15:00	126	47.6	Medium
2022-11-20 0:30:00	2022-11-20	0:30:00	106	54.7	Low
2022-11-20 0:45:00	2022-11-20	0:45:00	116	47.9	Low
2022-11-20 1:00:00	2022-11-20	1:00:00	101	57.4	Low
2022-11-20 1:15:00	2022-11-20	1:15:00	81	56.3	Low
2022-11-20 1:30:00	2022-11-20	1:30:00	93	57	Low
2022-11-20 1:45:00	2022-11-20	1:45:00	114	46.6	Low
2022-11-20 2:00:00	2022-11-20	2:00:00	103	55	Low
2022-11-20 2:15:00	2022-11-20	2:15:00	76	56.1	Low
2022-11-20 2:30:00	2022-11-20	2:30:00	93	56.7	Low
2022-11-20 2:45:00	2022-11-20	2:45:00	53	61.6	Low
2022-11-20 3:00:00	2022-11-20	3:00:00	75	56.4	Low
2022-11-20 3:15:00	2022-11-20	3:15:00	53	57	Low
2022-11-20 3:30:00	2022-11-20	3:30:00	70	59.2	Low
2022-11-20 3:45:00	2022-11-20	3:45:00	62	57.6	Low
2022-11-20 4:00:00	2022-11-20	4:00:00	79	53.2	Low
2022-11-20 4:15:00	2022-11-20	4:15:00	46	56.9	Low
2022-11-20 4:30:00	2022-11-20	4:30:00	69	52.5	Low
2022-11-20 4:45:00	2022-11-20	4:45:00	55	57.1	Low
2022-11-20 5:00:00	2022-11-20	5:00:00	63	61	Low
2022-11-20 5:15:00	2022-11-20	5:15:00	63	58.2	Low
2022-11-20 5:30:00	2022-11-20	5:30:00	53	57.2	Low
2022-11-20 5:45:00	2022-11-20	5:45:00	65	59.8	Low
2022-11-20 6:00:00	2022-11-20	6:00:00	81	53.1	Low
2022-11-20 6:15:00	2022-11-20	6:15:00	86	55.3	Low
2022-11-20 6:30:00	2022-11-20	6:30:00	83	54.8	Low
2022-11-20 6:45:00	2022-11-20	6:45:00	94	56.4	Low
2022-11-20 7:00:00	2022-11-20	7:00:00	118	46.5	Low
2022-11-20 7:15:00	2022-11-20	7:15:00	89	52.1	Low
2022-11-20 7:30:00	2022-11-20	7:30:00	118	46.3	Low
2022-11-20 7:45:00	2022-11-20	7:45:00	87	54.1	Low
2022-11-20 8:00:00	2022-11-20	8:00:00	136	52.8	Medium
2022-11-20 8:15:00	2022-11-20	8:15:00	136	47.6	Medium
2022-11-20 8:30:00	2022-11-20	8:30:00	98	52	Low
2022-11-20 8:45:00	2022-11-20	8:45:00	128	52.7	Medium
2022-11-20 9:00:00	2022-11-20	9:00:00	136	52.3	Medium
2022-11-20 9:15:00	2022-11-20	9:15:00	132	49.3	Medium
2022-11-20 9:30:00	2022-11-20	9:30:00	164	47.9	Medium
2022-11-20 9:45:00	2022-11-20	9:45:00	134	46.1	Medium
2022-11-20 10:00:00	2022-11-20	10:00:00	137	53.2	Medium
2022-11-20 10:15:00	2022-11-20	10:15:00	151	53.8	Medium
2022-11-20 10:30:00	2022-11-20	10:30:00	160	47.9	Medium
2022-11-20 10:45:00	2022-11-20	10:45:00	147	41.6	Medium
2022-11-20 11:00:00	2022-11-20	11:00:00	161	44.5	Medium
2022-11-20 11:15:00	2022-11-20	11:15:00	151	49.2	Medium
2022-11-20 11:30:00	2022-11-20	11:30:00	111	50.8	Low
2022-11-20 11:45:00	2022-11-20	11:45:00	136	52.9	Medium
2022-11-20 12:00:00	2022-11-20	12:00:00	119	52.9	Low
2022-11-20 12:15:00	2022-11-20	12:15:00	134	47.2	Medium
2022-11-20 12:30:00	2022-11-20	12:30:00	88	54.8	Low
2022-11-20 12:45:00	2022-11-20	12:45:00	165	43.1	Medium
2022-11-20 13:00:00	2022-11-20	13:00:00	112	51.4	Low
2022-11-20 13:15:00	2022-11-20	13:15:00	107	50.9	Low
2022-11-20 13:30:00	2022-11-20	13:30:00	122	54.3	Medium
2022-11-20 13:45:00	2022-11-20	13:45:00	140	55	Medium
2022-11-20 14:00:00	2022-11-20	14:00:00	95	49.6	Low
2022-11-20 14:15:00	2022-11-20	14:15:00	96	48	Low
2022-11-20 14:30:00	2022-11-20	14:30:00	84	54.5	Low
2022-11-20 14:45:00	2022-11-20	14:45:00	80	51.1	Low
2022-11-20 15:00:00	2022-11-20	15:00:00	58	58.4	Low
2022-11-20 15:15:00	2022-11-20	15:15:00	53	61.1	Low
2022-11-20 15:30:00	2022-11-20	15:30:00	55	63.1	Low
2022-11-20 15:45:00	2022-11-20	15:45:00	45	60.4	Low
2022-11-20 16:00:00	2022-11-20	16:00:00	58	57.7	Low
2022-11-20 16:15:00	2022-11-20	16:15:00	34	55.1	Low
2022-11-20 16:30:00	2022-11-20	16:30:00	62	57.8	Low
2022-11-20 16:45:00	2022-11-20	16:45:00	59	58.3	Low
2022-11-20 17:00:00	2022-11-20	17:00:00	68	59	Low
2022-11-20 17:15:00	2022-11-20	17:15:00	58	56.1	Low
2022-11-20 17:30:00	2022-11-20	17:30:00	112	50.6	Low
2022-11-20 17:45:00	2022-11-20	17:45:00	86	50.5	Low
2022-11-20 18:00:00	2022-11-20	18:00:00	63	50.8	Low
2022-11-20 18:15:00	2022-11-20	18:15:00	85	51.8	Low
2022-11-20 18:30:00	2022-11-20	18:30:00	73	51.8	Low
2022-11-20 18:45:00	2022-11-20	18:45:00	67	58.2	Low
2022-11-20 19:00:00	2022-11-20	19:00:00	84	53.6	Low
2022-11-20 19:15:00	2022-11-20	19:15:00	111	50.4	Low
2022-11-20 19:30:00	2022-11-20	19:30:00	94	51.1	Low
2022-11-20 19:45:00	2022-11-20	19:45:00	119	41.4	Low
2022-11-20 20:00:00	2022-11-20	20:00:00	142	53	Medium
2022-11-20 20:15:00	2022-11-20	20:15:00	148	44.7	Medium
2022-11-20 20:30:00	2022-11-20	20:30:00	114	50.5	Low
2022-11-20 20:45:00	2022-11-20	20:45:00	134	45	Medium
2022-11-20 21:00:00	2022-11-20	21:00:00	153	50.1	Medium
2022-11-20 21:15:00	2022-11-20	21:15:00	136	49.6	Medium
2022-11-20 21:30:00	2022-11-20	21:30:00	132	47.1	Medium
2022-11-20 21:45:00	2022-11-20	21:45:00	168	44.2	Medium
2022-11-20 22:00:00	2022-11-20	22:00:00	153	52.2	Medium
2022-11-20 22:15:00	2022-11-20	22:15:00	159	46.2	Medium
2022-11-20 22:30:00	2022-11-20	22:30:00	137	48.5	Medium
2022-11-20 22:45:00	2022-11-20	22:45:00	131	46.9	Medium
2022-11-20 23:00:00	2022-11-20	23:00:00	135	43.6	Medium
2022-11-20 23:15:00	2022-11-20	23:15:00	142	48	Medium
2022-11-20 23:30:00	2022-11-20	23:30:00	128	51	Medium
2022-11-20 23:45:00	2022-11-20	23:45:00	143	51.6	Medium
2022-11-21 0:00:00	2022-11-21	0:00:00	187	36.4	Medium
2022-11-21 0:15:00	2022-11-21	0:15:00	195	38.9	Medium
2022-11-21 0:30:00	2022-11-21	0:30:00	222	37.4	High
2022-11-21 0:45:00	2022-11-21	0:45:00	221	39.2	High
2022-11-21 1:00:00	2022-11-21	1:00:00	169	44.8	Medium
2022-11-21 1:15:00	2022-11-21	1:15:00	159	46.1	Medium
2022-11-21 1:30:00	2022-11-21	1:30:00	159	47.7	Medium
2022-11-21 1:45:00	2022-11-21	1:45:00	169	42.6	Medium
2022-11-21 2:00:00	2022-11-21	2:00:00	147	50.7	Medium
2022-11-21 2:15:00	2022-11-21	2:15:00	151	48.7	Medium
2022-11-21 2:30:00	2022-11-21	2:30:00	130	48.9	Medium
2022-11-21 2:45:00	2022-11-21	2:45:00	120	55.8	Medium
2022-11-21 3:00:00	2022-11-21	3:00:00	114	56.4	Low
2022-11-21 3:15:00	2022-11-21	3:15:00	97	56.5	Low
2022-11-21 3:30:00	2022-11-21	3:30:00	102	44	Low
2022-11-21 3:45:00	2022-11-21	3:45:00	129	54.7	Medium
2022-11-21 4:00:00	2022-11-21	4:00:00	112	54.3	Low
2022-11-21 4:15:00	2022-11-21	4:15:00	102	59.1	Low
2022-11-21 4:30:00	2022-11-21	4:30:00	80	59.4	Low
2022-11-21 4:45:00	2022-11-21	4:45:00	103	57.7	Low
2022-11-21 5:00:00	2022-11-21	5:00:00	125	53.1	Medium
2022-11-21 5:15:00	2022-11-21	5:15:00	104	56.9	Low
2022-11-21 5:30:00	2022-11-21	5:30:00	130	55.8	Medium
2022-11-21 5:45:00	2022-11-21	5:45:00	129	50.6	Medium
2022-11-21 6:00:00	2022-11-21	6:00:00	162	41.4	Medium
2022-11-21 6:15:00	2022-11-21	6:15:00	142	47.5	Medium
2022-11-21 6:30:00	2022-11-21	6:30:00	146	49.1	Medium
2022-11-21 6:45:00	2022-11-21	6:45:00	158	46.8	Medium
2022-11-21 7:00:00	2022-11-21	7:00:00	181	40.1	Medium
2022-11-21 7:15:00	2022-11-21	7:15:00	167	40.6	Medium
2022-11-21 7:30:00	2022-11-21	7:30:00	168	43.2	Medium
2022-11-21 7:45:00	2022-11-21	7:45:00	178	46.7	Medium
2022-11-21 8:00:00	2022-11-21	8:00:00	193	47.2	Medium
2022-11-21 8:15:00	2022-11-21	8:15:00	210	43.2	Medium
2022-11-21 8:30:00	2022-11-21	8:30:00	228	41.6	High
2022-11-21 8:45:00	2022-11-21	8:45:00	179	43.9	Medium
2022-11-21 9:00:00	2022-11-21	9:00:00	262	29.2	High
2022-11-21 9:15:00	2022-11-21	9:15:00	256	33.8	High
2022-11-21 9:30:00	2022-11-21	9:30:00	233	37	High
2022-11-21 9:45:00	2022-11-21	9:45:00	248	34.6	High
2022-11-21 10:00:00	2022-11-21	10:00:00	250	36	High
2022-11-21 10:15:00	2022-11-21	10:15:00	268	35.1	High
2022-11-21 10:30:00	2022-11-21	10:30:00	264	36.8	High
2022-11-21 10:45:00	2022-11-21	10:45:00	228	37.6	High
2022-11-21 11:00:00	2022-11-21	11:00:00	248	30.4	High
2022-11-21 11:15:00	2022-11-21	11:15:00	236	36	High
2022-11-21 11:30:00	2022-11-21	11:30:00	241	37	High
2022-11-21 11:45:00	2022-11-21	11:45:00	229	42	High
2022-11-21 12:00:00	2022-11-21	12:00:00	238	35.5	High
2022-11-21 12:15:00	2022-11-21	12:15:00	228	39.9	High
2022-11-21 12:30:00	2022-11-21	12:30:00	201	42.4	Medium
2022-11-21 12:45:00	2022-11-21	12:45:00	192	42.7	Medium
2022-11-21 13:00:00	2022-11-21	13:00:00	169	48.1	Medium
2022-11-21 13:15:00	2022-11-21	13:15:00	181	41.9	Medium
2022-11-21 13:30:00	2022-11-21	13:30:00	178	42.5	Medium
2022-11-21 13:45:00	2022-11-21	13:45:00	193	42.4	Medium
2022-11-21 14:00:00	2022-11-21	14:00:00	149	45.7	Medium
2022-11-21 14:15:00	2022-11-21	14:15:00	152	48.8	Medium
2022-11-21 14:30:00	2022-11-21	14:30:00	142	46.3	Medium
2022-11-21 14:45:00	2022-11-21	14:45:00	116	52.1	Low
2022-11-21 15:00:00	2022-11-21	15:00:00	107	52.2	Low
2022-11-21 15:15:00	2022-11-21	15:15:00	125	51.1	Medium
2022-11-21 15:30:00	2022-11-21	15:30:00	109	50.9	Low
2022-11-21 15:45:00	2022-11-21	15:45:00	117	50.3	Low
2022-11-21 16:00:00	2022-11-21	16:00:00	95	54.2	Low
2022-11-21 16:15:00	2022-11-21	16:15:00	84	55.8	Low
2022-11-21 16:30:00	2022-11-21	16:30:00	98	53.6	Low
2022-11-21 16:45:00	2022-11-21	16:45:00	104	58	Low
2022-11-21 17:00:00	2022-11-21	17:00:00	100	50.4	Low
2022-11-21 17:15:00	2022-11-21	17:15:00	106	52.4	Low
2022-11-21 17:30:00	2022-11-21	17:30:00	95	49.2	Low
2022-11-21 17:45:00	2022-11-21	17:45:00	126	51.4	Medium
2022-11-21 18:00:00	2022-11-21	18:00:00	133	46.1	Medium
2022-11-21 18:15:00	2022-11-21	18:15:00	159	45.6	Medium
2022-11-21 18:30:00	2022-11-21	18:30:00	160	45.2	Medium
2022-11-21 18:45:00	2022-11-21	18:45:00	136	50	Medium
2022-11-21 19:00:00	2022-11-21	19:00:00	159	44.8	Medium
2022-11-21 19:15:00	2022-11-21	19:15:00	143	46.5	Medium
2022-11-21 19:30:00	2022-11-21	19:30:00	152	51.6	Medium
2022-11-21 19:45:00	2022-11-21	19:45:00	154	47.9	Medium
2022-11-21 20:00:00	2022-11-21	20:00:00	233	36.1	High
2022-11-21 20:15:00	2022-11-21	20:15:00	214	39.3	Medium
2022-11-21 20:30:00	2022-11-21	20:30:00	218	44.5	Medium
2022-11-21 20:45:00	2022-11-21	20:45:00	179	43.4	Medium
2022-11-21 21:00:00	2022-11-21	21:00:00	221	37.1	High
2022-11-21 21:15:00	2022-11-21	21:15:00	253	33.4	High
2022-11-21 21:30:00	2022-11-21	21:30:00	244	34.9	High
2022-11-21 21:45:00	2022-11-21	21:45:00	237	35.6	High
2022-11-21 22:00:00	2022-11-21	22:00:00	258	31.1	High
2022-11-21 22:15:00	2022-11-21	22:15:00	274	29.7	High
2022-11-21 22:30:00	2022-11-21	22:30:00	246	33.8	High
2022-11-21 22:45:00	2022-11-21	22:45:00	251	37.5	High
2022-11-21 23:00:00	2022-11-21	23:00:00	242	35.6	High
2022-11-21 23:15:00	2022-11-21	23:15:00	275	32.3	High
2022-11-21 23:30:00	2022-11-21	23:30:00	208	44.5	Medium
2022-11-21 23:45:00	2022-11-21	23:45:00	250	39.7	High
2022-11-22 0:00:00	2022-11-22	0:00:00	210	39.7	Medium
2022-11-22 0:15:00	2022-11-22	0:15:00	221	37.3	High
2022-11-22 0:30:00	2022-11-22	0:30:00	202	38.8	Medium
2022-11-22 0:45:00	2022-11-22	0:45:00	211	42.5	Medium
2022-11-22 1:00:00	2022-11-22	1:00:00	185	42.8	Medium
2022-11-22 1:15:00	2022-11-22	1:15:00	221	38.1	High
2022-11-22 1:30:00	2022-11-22	1:30:00	187	40.7	Medium
2022-11-22 1:45:00	2022-11-22	1:45:00	162	43.8	Medium
2022-11-22 2:00:00	2022-11-22	2:00:00	131	50.7	Medium
2022-11-22 2:15:00	2022-11-22	2:15:00	130	45.9	Medium
2022-11-22 2:30:00	2022-11-22	2:30:00	110	55.2	Low
2022-11-22 2:45:00	2022-11-22	2:45:00	132	48	Medium
2022-11-22 3:00:00	2022-11-22	3:00:00	121	50.4	Medium
2022-11-22 3:15:00	2022-11-22	3:15:00	90	50.5	Low
2022-11-22 3:30:00	2022-11-22	3:30:00	125	50.4	Medium
2022-11-22 3:45:00	2022-11-22	3:45:00	117	50.4	Low
2022-11-22 4:00:00	2022-11-22	4:00:00	88	54.6	Low
2022-11-22 4:15:00	2022-11-22	4:15:00	97	58.1	Low
2022-11-22 4:30:00	2022-11-22	4:30:00	123	51.2	Medium
2022-11-22 4:45:00	2022-11-22	4:45:00	111	49.7	Low
2022-11-22 5:00:00	2022-11-22	5:00:00	110	50	Low
2022-11-22 5:15:00	2022-11-22	5:15:00	106	54.4	Low
2022-11-22 5:30:00	2022-11-22	5:30:00	111	55.9	Low
2022-11-22 5:45:00	2022-11-22	5:45:00	102	53.9	Low
2022-11-22 6:00:00	2022-11-22	6:00:00	105	54.8	Low
2022-11-22 6:15:00	2022-11-22	6:15:00	168	47.2	Medium
2022-11-22 6:30:00	2022-11-22	6:30:00	139	53	Medium
2022-11-22 6:45:00	2022-11-22	6:45:00	143	42.5	Medium
2022-11-22 7:00:00	2022-11-22	7:00:00	174	46.7	Medium
2022-11-22 7:15:00	2022-11-22	7:15:00	163	48.9	Medium
2022-11-22 7:30:00	2022-11-22	7:30:00	172	40.9	Medium
2022-11-22 7:45:00	2022-11-22	7:45:00	151	44.7	Medium
2022-11-22 8:00:00	2022-11-22	8:00:00	246	33.7	High
2022-11-22 8:15:00	2022-11-22	8:15:00	193	40.3	Medium
2022-11-22 8:30:00	2022-11-22	8:30:00	197	40.6	Medium
2022-11-22 8:45:00	2022-11-22	8:45:00	205	41.8	Medium
2022-11-22 9:00:00	2022-11-22	9:00:00	259	37.4	High
2022-11-22 9:15:00	2022-11-22	9:15:00	240	40.2	High
2022-11-22 9:30:00	2022-11-22	9:30:00	221	36.7	High
2022-11-22 9:45:00	2022-11-22	9:45:00	258	32.4	High
2022-11-22 10:00:00	2022-11-22	10:00:00	260	38.6	High
2022-11-22 10:15:00	2022-11-22	10:15:00	258	36.8	High
2022-11-22 10:30:00	2022-11-22	10:30:00	260	34.9	High
2022-11-22 10:45:00	2022-11-22	10:45:00	285	33.2	High
2022-11-22 11:00:00	2022-11-22	11:00:00	272	33.2	High
2022-11-22 11:15:00	2022-11-22	11:15:00	229	39.9	High
2022-11-22 11:30:00	2022-11-22	11:30:00	264	33.2	High
2022-11-22 11:45:00	2022-11-22	11:45:00	245	37.2	High
2022-11-22 12:00:00	2022-11-22	12:00:00	219	34.9	Medium
2022-11-22 12:15:00	2022-11-22	12:15:00	187	41.1	Medium
2022-11-22 12:30:00	2022-11-22	12:30:00	209	38.6	Medium
2022-11-22 12:45:00	2022-11-22	12:45:00	200	40.5	Medium
2022-11-22 13:00:00	2022-11-22	13:00:00	187	40.4	Medium
2022-11-22 13:15:00	2022-11-22	13:15:00	191	41.1	Medium
2022-11-22 13:30:00	2022-11-22	13:30:00	143	43.8	Medium
2022-11-22 13:45:00	2022-11-22	13:45:00	174	46.3	Medium
2022-11-22 14:00:00	2022-11-22	14:00:00	154	46.8	Medium
2022-11-22 14:15:00	2022-11-22	14:15:00	134	44.3	Medium
2022-11-22 14:30:00	2022-11-22	14:30:00	148	45.2	Medium
2022-11-22 14:45:00	2022-11-22	14:45:00	142	49.4	Medium
2022-11-22 15:00:00	2022-11-22	15:00:00	115	50	Low
2022-11-22 15:15:00	2022-11-22	15:15:00	105	50.7	Low
2022-11-22 15:30:00	2022-11-22	15:30:00	91	54.2	Low
2022-11-22 15:45:00	2022-11-22	15:45:00	93	55.2	Low
2022-11-22 16:00:00	2022-11-22	16:00:00	110	47.9	Low
2022-11-22 16:15:00	2022-11-22	16:15:00	100	55	Low
2022-11-22 16:30:00	2022-11-22	16:30:00	97	51.3	Low
2022-11-22 16:45:00	2022-11-22	16:45:00	93	54.1	Low
2022-11-22 17:00:00	2022-11-22	17:00:00	105	52.6	Low
2022-11-22 17:15:00	2022-11-22	17:15:00	125	48.8	Medium
2022-11-22 17:30:00	2022-11-22	17:30:00	105	49.7	Low
2022-11-22 17:45:00	2022-11-22	17:45:00	89	53.8	Low
2022-11-22 18:00:00	2022-11-22	18:00:00	148	52.6	Medium
2022-11-22 18:15:00	2022-11-22	18:15:00	134	45.3	Medium
2022-11-22 18:30:00	2022-11-22	18:30:00	137	54.1	Medium
2022-11-22 18:45:00	2022-11-22	18:45:00	161	45.4	Medium
2022-11-22 19:00:00	2022-11-22	19:00:00	174	44.8	Medium
2022-11-22 19:15:00	2022-11-22	19:15:00	179	40.9	Medium
2022-11-22 19:30:00	2022-11-22	19:30:00	157	44.4	Medium
2022-11-22 19:45:00	2022-11-22	19:45:00	171	43.5	Medium
2022-11-22 20:00:00	2022-11-22	20:00:00	221	36.1	High
2022-11-22 20:15:00	2022-11-22	20:15:00	189	42.3	Medium
2022-11-22 20:30:00	2022-11-22	20:30:00	215	38.7	Medium
2022-11-22 20:45:00	2022-11-22	20:45:00	214	45.6	Medium
2022-11-22 21:00:00	2022-11-22	21:00:00	240	33.5	High
2022-11-22 21:15:00	2022-11-22	21:15:00	255	35.6	High
2022-11-22 21:30:00	2022-11-22	21:30:00	244	37.3	High
2022-11-22 21:45:00	2022-11-22	21:45:00	262	31.2	High
2022-11-22 22:00:00	2022-11-22	22:00:00	235	39.6	High
2022-11-22 22:15:00	2022-11-22	22:15:00	252	34.4	High
2022-11-22 22:30:00	2022-11-22	22:30:00	251	28.2	High
2022-11-22 22:45:00	2022-11-22	22:45:00	233	39.8	High
2022-11-22 23:00:00	2022-11-22	23:00:00	254	32	High
2022-11-22 23:15:00	2022-11-22	23:15:00	274	29.9	High
2022-11-22 23:30:00	2022-11-22	23:30:00	239	39.2	High
2022-11-22 23:45:00	2022-11-22	23:45:00	247	35.1	High
2022-11-23 0:00:00	2022-11-23	0:00:00	213	42.9	Medium
2022-11-23 0:15:00	2022-11-23	0:15:00	201	45.2	Medium
2022-11-23 0:30:00	2022-11-23	0:30:00	185	41.5	Medium
2022-11-23 0:45:00	2022-11-23	0:45:00	201	43.9	Medium
2022-11-23 1:00:00	2022-11-23	1:00:00	154	44.8	Medium
2022-11-23 1:15:00	2022-11-23	1:15:00	200	48.4	Medium
2022-11-23 1:30:00	2022-11-23	1:30:00	173	42.7	Medium
2022-11-23 1:45:00	2022-11-23	1:45:00	169	48.4	Medium
2022-11-23 2:00:00	2022-11-23	2:00:00	150	50	Medium
2022-11-23 2:15:00	2022-11-23	2:15:00	120	51.9	Medium
2022-11-23 2:30:00	2022-11-23	2:30:00	125	48.4	Medium
2022-11-23 2:45:00	2022-11-23	2:45:00	138	48.4	Medium
2022-11-23 3:00:00	2022-11-23	3:00:00	125	44	Medium
2022-11-23 3:15:00	2022-11-23	3:15:00	117	52	Low
2022-11-23 3:30:00	2022-11-23	3:30:00	113	52.9	Low
2022-11-23 3:45:00	2022-11-23	3:45:00	111	52.5	Low
2022-11-23 4:00:00	2022-11-23	4:00:00	106	43.7	Low
2022-11-23 4:15:00	2022-11-23	4:15:00	103	49.2	Low
2022-11-23 4:30:00	2022-11-23	4:30:00	84	53	Low
2022-11-23 4:45:00	2022-11-23	4:45:00	100	54.2	Low
2022-11-23 5:00:00	2022-11-23	5:00:00	93	55	Low
2022-11-23 5:15:00	2022-11-23	5:15:00	111	51.5	Low
2022-11-23 5:30:00	2022-11-23	5:30:00	102	55	Low
2022-11-23 5:45:00	2022-11-23	5:45:00	148	44.7	Medium
2022-11-23 6:00:00	2022-11-23	6:00:00	136	51	Medium
2022-11-23 6:15:00	2022-11-23	6:15:00	116	52.9	Low
2022-11-23 6:30:00	2022-11-23	6:30:00	135	50.4	Medium
2022-11-23 6:45:00	2022-11-23	6:45:00	145	47.5	Medium
2022-11-23 7:00:00	2022-11-23	7:00:00	200	47.2	Medium
2022-11-23 7:15:00	2022-11-23	7:15:00	166	47.1	Medium
2022-11-23 7:30:00	2022-11-23	7:30:00	151	44.5	Medium
2022-11-23 7:45:00	2022-11-23	7:45:00	187	43.9	Medium
2022-11-23 8:00:00	2022-11-23	8:00:00	191	45	Medium
2022-11-23 8:15:00	2022-11-23	8:15:00	205	39.3	Medium
2022-11-23 8:30:00	2022-11-23	8:30:00	208	44	Medium
2022-11-23 8:45:00	2022-11-23	8:45:00	211	41.5	Medium
2022-11-23 9:00:00	2022-11-23	9:00:00	250	28.8	High
2022-11-23 9:15:00	2022-11-23	9:15:00	229	39.2	High
2022-11-23 9:30:00	2022-11-23	9:30:00	235	36.4	High
2022-11-23 9:45:00	2022-11-23	9:45:00	239	38.7	High
2022-11-23 10:00:00	2022-11-23	10:00:00	252	38.4	High
2022-11-23 10:15:00	2022-11-23	10:15:00	251	36.3	High
2022-11-23 10:30:00	2022-11-23	10:30:00	256	40.1	High
2022-11-23 10:45:00	2022-11-23	10:45:00	262	33.9	High
2022-11-23 11:00:00	2022-11-23	11:00:00	245	38.3	High
2022-11-23 11:15:00	2022-11-23	11:15:00	246	38.7	High
2022-11-23 11:30:00	2022-11-23	11:30:00	216	39.5	Medium
2022-11-23 11:45:00	2022-11-23	11:45:00	240	39.3	High
2022-11-23 12:00:00	2022-11-23	12:00:00	219	37.7	Medium
2022-11-23 12:15:00	2022-11-23	12:15:00	223	37.7	High
2022-11-23 12:30:00	2022-11-23	12:30:00	202	37.5	Medium
2022-11-23 12:45:00	2022-11-23	12:45:00	202	42.2	Medium
2022-11-23 13:00:00	2022-11-23	13:00:00	166	46.6	Medium
2022-11-23 13:15:00	2022-11-23	13:15:00	183	47.2	Medium
2022-11-23 13:30:00	2022-11-23	13:30:00	190	45.2	Medium
2022-11-23 13:45:00	2022-11-23	13:45:00	168	44.5	Medium
2022-11-23 14:00:00	2022-11-23	14:00:00	151	43.8	Medium
2022-11-23 14:15:00	2022-11-23	14:15:00	139	50.1	Medium
2022-11-23 14:30:00	2022-11-23	14:30:00	135	52.6	Medium
2022-11-23 14:45:00	2022-11-23	14:45:00	134	51.6	Medium
2022-11-23 15:00:00	2022-11-23	15:00:00	121	54.1	Medium
2022-11-23 15:15:00	2022-11-23	15:15:00	114	51.1	Low
2022-11-23 15:30:00	2022-11-23	15:30:00	144	46.8	Medium
2022-11-23 15:45:00	2022-11-23	15:45:00	97	51.5	Low
2022-11-23 16:00:00	2022-11-23	16:00:00	107	52.3	Low
2022-11-23 16:15:00	2022-11-23	16:15:00	92	54	Low
2022-11-23 16:30:00	2022-11-23	16:30:00	86	55.6	Low
2022-11-23 16:45:00	2022-11-23	16:45:00	99	53.1	Low
2022-11-23 17:00:00	2022-11-23	17:00:00	112	51.5	Low
2022-11-23 17:15:00	2022-11-23	17:15:00	153	44.8	Medium
2022-11-23 17:30:00	2022-11-23	17:30:00	107	55.3	Low
2022-11-23 17:45:00	2022-11-23	17:45:00	93	54.4	Low
2022-11-23 18:00:00	2022-11-23	18:00:00	141	48	Medium
2022-11-23 18:15:00	2022-11-23	18:15:00	106	50.4	Low
2022-11-23 18:30:00	2022-11-23	18:30:00	136	45.1	Medium
2022-11-23 18:45:00	2022-11-23	18:45:00	137	52.9	Medium
2022-11-23 19:00:00	2022-11-23	19:00:00	186	45	Medium
2022-11-23 19:15:00	2022-11-23	19:15:00	189	38.1	Medium
2022-11-23 19:30:00	2022-11-23	19:30:00	167	47.8	Medium
2022-11-23 19:45:00	2022-11-23	19:45:00	172	47.7	Medium
2022-11-23 20:00:00	2022-11-23	20:00:00	201	41.9	Medium
2022-11-23 20:15:00	2022-11-23	20:15:00	195	47	Medium
2022-11-23 20:30:00	2022-11-23	20:30:00	217	40.3	Medium
2022-11-23 20:45:00	2022-11-23	20:45:00	193	38.2	Medium
2022-11-23 21:00:00	2022-11-23	21:00:00	233	38.9	High
2022-11-23 21:15:00	2022-11-23	21:15:00	225	39.5	High
2022-11-23 21:30:00	2022-11-23	21:30:00	248	34.3	High
2022-11-23 21:45:00	2022-11-23	21:45:00	266	35.7	High
2022-11-23 22:00:00	2022-11-23	22:00:00	230	33.2	High
2022-11-23 22:15:00	2022-11-23	22:15:00	222	42.1	High
2022-11-23 22:30:00	2022-11-23	22:30:00	248	33.4	High
2022-11-23 22:45:00	2022-11-23	22:45:00	250	32.9	High
2022-11-23 23:00:00	2022-11-23	23:00:00	243	36.3	High
2022-11-23 23:15:00	2022-11-23	23:15:00	233	39.1	High
2022-11-23 23:30:00	2022-11-23	23:30:00	236	38	High
2022-11-23 23:45:00	2022-11-23	23:45:00	245	34.2	High
2022-11-24 0:00:00	2022-11-24	0:00:00	228	36.9	High
2022-11-24 0:15:00	2022-11-24	0:15:00	183	40.3	Medium
2022-11-24 0:30:00	2022-11-24	0:30:00	206	40.3	Medium
2022-11-24 0:45:00	2022-11-24	0:45:00	215	43.1	Medium
2022-11-24 1:00:00	2022-11-24	1:00:00	161	46.2	Medium
2022-11-24 1:15:00	2022-11-24	1:15:00	200	44.2	Medium
2022-11-24 1:30:00	2022-11-24	1:30:00	165	50.1	Medium
2022-11-24 1:45:00	2022-11-24	1:45:00	174	42.9	Medium
2022-11-24 2:00:00	2022-11-24	2:00:00	145	47.5	Medium
2022-11-24 2:15:00	2022-11-24	2:15:00	128	56.6	Medium
2022-11-24 2:30:00	2022-11-24	2:30:00	109	56.6	Low
2022-11-24 2:45:00	2022-11-24	2:45:00	131	44.7	Medium
2022-11-24 3:00:00	2022-11-24	3:00:00	125	51.6	Medium
2022-11-24 3:15:00	2022-11-24	3:15:00	104	52.9	Low
2022-11-24 3:30:00	2022-11-24	3:30:00	97	56.2	Low
2022-11-24 3:45:00	2022-11-24	3:45:00	123	48.4	Medium
2022-11-24 4:00:00	2022-11-24	4:00:00	95	51.4	Low
2022-11-24 4:15:00	2022-11-24	4:15:00	92	52.2	Low
2022-11-24 4:30:00	2022-11-24	4:30:00	102	51.4	Low
2022-11-24 4:45:00	2022-11-24	4:45:00	111	54.5	Low
2022-11-24 5:00:00	2022-11-24	5:00:00	145	44.5	Medium
2022-11-24 5:15:00	2022-11-24	5:15:00	122	48.9	Medium
2022-11-24 5:30:00	2022-11-24	5:30:00	127	44.8	Medium
2022-11-24 5:45:00	2022-11-24	5:45:00	102	56.1	Low
2022-11-24 6:00:00	2022-11-24	6:00:00	122	54.6	Medium
2022-11-24 6:15:00	2022-11-24	6:15:00	138	47.9	Medium
2022-11-24 6:30:00	2022-11-24	6:30:00	139	47.9	Medium
2022-11-24 6:45:00	2022-11-24	6:45:00	121	52.2	Medium
2022-11-24 7:00:00	2022-11-24	7:00:00	172	49.4	Medium
2022-11-24 7:15:00	2022-11-24	7:15:00	180	45.2	Medium
2022-11-24 7:30:00	2022-11-24	7:30:00	180	41.9	Medium
2022-11-24 7:45:00	2022-11-24	7:45:00	182	38.9	Medium
2022-11-24 8:00:00	2022-11-24	8:00:00	216	36.5	Medium
2022-11-24 8:15:00	2022-11-24	8:15:00	204	41.4	Medium
2022-11-24 8:30:00	2022-11-24	8:30:00	204	39.2	Medium
2022-11-24 8:45:00	2022-11-24	8:45:00	194	43	Medium
2022-11-24 9:00:00	2022-11-24	9:00:00	266	32.3	High
2022-11-24 9:15:00	2022-11-24	9:15:00	240	33.8	High
2022-11-24 9:30:00	2022-11-24	9:30:00	236	33.9	High
2022-11-24 9:45:00	2022-11-24	9:45:00	226	43.3	High
2022-11-24 10:00:00	2022-11-24	10:00:00	294	33.4	High
2022-11-24 10:15:00	2022-11-24	10:15:00	233	43	High
2022-11-24 10:30:00	2022-11-24	10:30:00	243	38.3	High
2022-11-24 10:45:00	2022-11-24	10:45:00	256	33.8	High
2022-11-24 11:00:00	2022-11-24	11:00:00	248	40	High
2022-11-24 11:15:00	2022-11-24	11:15:00	254	35.3	High
2022-11-24 11:30:00	2022-11-24	11:30:00	267	34.5	High
2022-11-24 11:45:00	2022-11-24	11:45:00	247	36.1	High
2022-11-24 12:00:00	2022-11-24	12:00:00	196	33.3	Medium
2022-11-24 12:15:00	2022-11-24	12:15:00	208	45.5	Medium
2022-11-24 12:30:00	2022-11-24	12:30:00	217	41.2	Medium
2022-11-24 12:45:00	2022-11-24	12:45:00	243	37.6	High
2022-11-24 13:00:00	2022-11-24	13:00:00	154	46.8	Medium
2022-11-24 13:15:00	2022-11-24	13:15:00	193	43	Medium
2022-11-24 13:30:00	2022-11-24	13:30:00	177	42.6	Medium
2022-11-24 13:45:00	2022-11-24	13:45:00	187	45	Medium
2022-11-24 14:00:00	2022-11-24	14:00:00	135	45.3	Medium
2022-11-24 14:15:00	2022-11-24	14:15:00	124	51.1	Medium
2022-11-24 14:30:00	2022-11-24	14:30:00	148	49.4	Medium
2022-11-24 14:45:00	2022-11-24	14:45:00	147	47.3	Medium
2022-11-24 15:00:00	2022-11-24	15:00:00	124	51.6	Medium
2022-11-24 15:15:00	2022-11-24	15:15:00	109	49.3	Low
2022-11-24 15:30:00	2022-11-24	15:30:00	101	50.3	Low
2022-11-24 15:45:00	2022-11-24	15:45:00	86	55.7	Low
2022-11-24 16:00:00	2022-11-24	16:00:00	112	54	Low
2022-11-24 16:15:00	2022-11-24	16:15:00	106	47	Low
2022-11-24 16:30:00	2022-11-24	16:30:00	85	56.6	Low
2022-11-24 16:45:00	2022-11-24	16:45:00	91	52.8	Low
2022-11-24 17:00:00	2022-11-24	17:00:00	103	52.4	Low
2022-11-24 17:15:00	2022-11-24	17:15:00	87	50.8	Low
2022-11-24 17:30:00	2022-11-24	17:30:00	97	51.1	Low
2022-11-24 17:45:00	2022-11-24	17:45:00	93	57	Low
2022-11-24 18:00:00	2022-11-24	18:00:00	131	49.8	Medium
2022-11-24 18:15:00	2022-11-24	18:15:00	126	49.2	Medium
2022-11-24 18:30:00	2022-11-24	18:30:00	113	51.5	Low
2022-11-24 18:45:00	2022-11-24	18:45:00	167	47	Medium
2022-11-24 19:00:00	2022-11-24	19:00:00	193	43.8	Medium
2022-11-24 19:15:00	2022-11-24	19:15:00	163	45.8	Medium
2022-11-24 19:30:00	2022-11-24	19:30:00	179	47.4	Medium
2022-11-24 19:45:00	2022-11-24	19:45:00	181	46.8	Medium
2022-11-24 20:00:00	2022-11-24	20:00:00	230	39.4	High
2022-11-24 20:15:00	2022-11-24	20:15:00	200	41.8	Medium
2022-11-24 20:30:00	2022-11-24	20:30:00	228	40.4	High
2022-11-24 20:45:00	2022-11-24	20:45:00	204	42.1	Medium
2022-11-24 21:00:00	2022-11-24	21:00:00	219	42.6	Medium
2022-11-24 21:15:00	2022-11-24	21:15:00	250	38.5	High
2022-11-24 21:30:00	2022-11-24	21:30:00	259	31.7	High
2022-11-24 21:45:00	2022-11-24	21:45:00	278	29.3	High
2022-11-24 22:00:00	2022-11-24	22:00:00	232	35.8	High
2022-11-24 22:15:00	2022-11-24	22:15:00	260	37.6	High
2022-11-24 22:30:00	2022-11-24	22:30:00	243	31.9	High
2022-11-24 22:45:00	2022-11-24	22:45:00	261	35.7	High
2022-11-24 23:00:00	2022-11-24	23:00:00	217	40.8	Medium
2022-11-24 23:15:00	2022-11-24	23:15:00	221	42.7	High
2022-11-24 23:30:00	2022-11-24	23:30:00	228	38.9	High
2022-11-24 23:45:00	2022-11-24	23:45:00	241	32.9	High
2022-11-25 0:00:00	2022-11-25	0:00:00	202	38.6	Medium
2022-11-25 0:15:00	2022-11-25	0:15:00	222	35.6	High
2022-11-25 0:30:00	2022-11-25	0:30:00	227	36.9	High
2022-11-25 0:45:00	2022-11-25	0:45:00	221	38.7	High
2022-11-25 1:00:00	2022-11-25	1:00:00	199	38.3	Medium
2022-11-25 1:15:00	2022-11-25	1:15:00	181	48.3	Medium
2022-11-25 1:30:00	2022-11-25	1:30:00	156	42.8	Medium
2022-11-25 1:45:00	2022-11-25	1:45:00	195	46.3	Medium
2022-11-25 2:00:00	2022-11-25	2:00:00	128	53.6	Medium
2022-11-25 2:15:00	2022-11-25	2:15:00	151	50.1	Medium
2022-11-25 2:30:00	2022-11-25	2:30:00	161	44.1	Medium
2022-11-25 2:45:00	2022-11-25	2:45:00	144	49.2	Medium
2022-11-25 3:00:00	2022-11-25	3:00:00	87	51	Low
2022-11-25 3:15:00	2022-11-25	3:15:00	96	56.5	Low
2022-11-25 3:30:00	2022-11-25	3:30:00	129	49.7	Medium
2022-11-25 3:45:00	2022-11-25	3:45:00	107	51.3	Low
2022-11-25 4:00:00	2022-11-25	4:00:00	101	49.5	Low
2022-11-25 4:15:00	2022-11-25	4:15:00	111	44.6	Low
2022-11-25 4:30:00	2022-11-25	4:30:00	110	49.1	Low
2022-11-25 4:45:00	2022-11-25	4:45:00	104	56.2	Low
2022-11-25 5:00:00	2022-11-25	5:00:00	106	51.4	Low
2022-11-25 5:15:00	2022-11-25	5:15:00	105	52.2	Low
2022-11-25 5:30:00	2022-11-25	5:30:00	122	52.7	Medium
2022-11-25 5:45:00	2022-11-25	5:45:00	118	56.7	Low
2022-11-25 6:00:00	2022-11-25	6:00:00	133	53.5	Medium
2022-11-25 6:15:00	2022-11-25	6:15:00	153	44.2	Medium
2022-11-25 6:30:00	2022-11-25	6:30:00	135	43.4	Medium
2022-11-25 6:45:00	2022-11-25	6:45:00	124	57.6	Medium
2022-11-25 7:00:00	2022-11-25	7:00:00	163	52.8	Medium
2022-11-25 7:15:00	2022-11-25	7:15:00	160	46.9	Medium
2022-11-25 7:30:00	2022-11-25	7:30:00	170	41.4	Medium
2022-11-25 7:45:00	2022-11-25	7:45:00	193	45.4	Medium
2022-11-25 8:00:00	2022-11-25	8:00:00	200	41.3	Medium
2022-11-25 8:15:00	2022-11-25	8:15:00	215	39.6	Medium
2022-11-25 8:30:00	2022-11-25	8:30:00	202	44.1	Medium
2022-11-25 8:45:00	2022-11-25	8:45:00	208	41.7	Medium
2022-11-25 9:00:00	2022-11-25	9:00:00	217	36.1	Medium
2022-11-25 9:15:00	2022-11-25	9:15:00	236	36.5	High
2022-11-25 9:30:00	2022-11-25	9:30:00	237	39.3	High
2022-11-25 9:45:00	2022-11-25	9:45:00	248	37.6	High
2022-11-25 10:00:00	2022-11-25	10:00:00	253	36.3	High
2022-11-25 10:15:00	2022-11-25	10:15:00	232	40.7	High
2022-11-25 10:30:00	2022-11-25	10:30:00	266	32.9	High
2022-11-25 10:45:00	2022-11-25	10:45:00	253	36	High
2022-11-25 11:00:00	2022-11-25	11:00:00	242	26.6	High
2022-11-25 11:15:00	2022-11-25	11:15:00	239	35.8	High
2022-11-25 11:30:00	2022-11-25	11:30:00	232	40.2	High
2022-11-25 11:45:00	2022-11-25	11:45:00	243	35.5	High
2022-11-25 12:00:00	2022-11-25	12:00:00	219	38.1	Medium
2022-11-25 12:15:00	2022-11-25	12:15:00	186	40.2	Medium
2022-11-25 12:30:00	2022-11-25	12:30:00	204	44.2	Medium
2022-11-25 12:45:00	2022-11-25	12:45:00	208	42.4	Medium
2022-11-25 13:00:00	2022-11-25	13:00:00	178	46.7	Medium
2022-11-25 13:15:00	2022-11-25	13:15:00	192	37.4	Medium
2022-11-25 13:30:00	2022-11-25	13:30:00	163	45.5	Medium
2022-11-25 13:45:00	2022-11-25	13:45:00	167	44.7	Medium
2022-11-25 14:00:00	2022-11-25	14:00:00	129	49.1	Medium
2022-11-25 14:15:00	2022-11-25	14:15:00	125	48.6	Medium
2022-11-25 14:30:00	2022-11-25	14:30:00	132	48.6	Medium
2022-11-25 14:45:00	2022-11-25	14:45:00	149	50.2	Medium
2022-11-25 15:00:00	2022-11-25	15:00:00	94	48.3	Low
2022-11-25 15:15:00	2022-11-25	15:15:00	116	56.8	Low
2022-11-25 15:30:00	2022-11-25	15:30:00	84	56.7	Low
2022-11-25 15:45:00	2022-11-25	15:45:00	101	53.1	Low
2022-11-25 16:00:00	2022-11-25	16:00:00	95	56.6	Low
2022-11-25 16:15:00	2022-11-25	16:15:00	125	46.1	Medium
2022-11-25 16:30:00	2022-11-25	16:30:00	95	51.9	Low
2022-11-25 16:45:00	2022-11-25	16:45:00	66	56.9	Low
2022-11-25 17:00:00	2022-11-25	17:00:00	80	59.8	Low
2022-11-25 17:15:00	2022-11-25	17:15:00	110	52	Low
2022-11-25 17:30:00	2022-11-25	17:30:00	119	52.5	Low
2022-11-25 17:45:00	2022-11-25	17:45:00	115	49.8	Low
2022-11-25 18:00:00	2022-11-25	18:00:00	140	50.1	Medium
2022-11-25 18:15:00	2022-11-25	18:15:00	154	52.1	Medium
2022-11-25 18:30:00	2022-11-25	18:30:00	129	52.9	Medium
2022-11-25 18:45:00	2022-11-25	18:45:00	150	47.3	Medium
2022-11-25 19:00:00	2022-11-25	19:00:00	150	49.5	Medium
2022-11-25 19:15:00	2022-11-25	19:15:00	161	47.9	Medium
2022-11-25 19:30:00	2022-11-25	19:30:00	147	49.4	Medium
2022-11-25 19:45:00	2022-11-25	19:45:00	170	48.5	Medium
2022-11-25 20:00:00	2022-11-25	20:00:00	211	43.7	Medium
2022-11-25 20:15:00	2022-11-25	20:15:00	214	39.7	Medium
2022-11-25 20:30:00	2022-11-25	20:30:00	213	42.1	Medium
2022-11-25 20:45:00	2022-11-25	20:45:00	198	40.8	Medium
2022-11-25 21:00:00	2022-11-25	21:00:00	237	34.6	High
2022-11-25 21:15:00	2022-11-25	21:15:00	217	38.9	Medium
2022-11-25 21:30:00	2022-11-25	21:30:00	260	34.4	High
2022-11-25 21:45:00	2022-11-25	21:45:00	235	32.6	High
2022-11-25 22:00:00	2022-11-25	22:00:00	242	39.3	High
2022-11-25 22:15:00	2022-11-25	22:15:00	273	24.8	High
2022-11-25 22:30:00	2022-11-25	22:30:00	231	46.2	High
2022-11-25 22:45:00	2022-11-25	22:45:00	233	42.3	High
2022-11-25 23:00:00	2022-11-25	23:00:00	223	38.2	High
2022-11-25 23:15:00	2022-11-25	23:15:00	238	37.3	High
2022-11-25 23:30:00	2022-11-25	23:30:00	246	37.2	High
2022-11-25 23:45:00	2022-11-25	23:45:00	251	33.9	High
2022-11-26 0:00:00	2022-11-26	0:00:00	166	46.2	Medium
2022-11-26 0:15:00	2022-11-26	0:15:00	93	53.7	Low
2022-11-26 0:30:00	2022-11-26	0:30:00	136	48.9	Medium
2022-11-26 0:45:00	2022-11-26	0:45:00	119	51.7	Low
2022-11-26 1:00:00	2022-11-26	1:00:00	96	49.9	Low
2022-11-26 1:15:00	2022-11-26	1:15:00	95	54	Low
2022-11-26 1:30:00	2022-11-26	1:30:00	91	54.9	Low
2022-11-26 1:45:00	2022-11-26	1:45:00	130	50.2	Medium
2022-11-26 2:00:00	2022-11-26	2:00:00	95	53.3	Low
2022-11-26 2:15:00	2022-11-26	2:15:00	82	58.8	Low
2022-11-26 2:30:00	2022-11-26	2:30:00	102	52	Low
2022-11-26 2:45:00	2022-11-26	2:45:00	59	58.8	Low
2022-11-26 3:00:00	2022-11-26	3:00:00	46	63.5	Low
2022-11-26 3:15:00	2022-11-26	3:15:00	33	60.9	Low
2022-11-26 3:30:00	2022-11-26	3:30:00	55	59.2	Low
2022-11-26 3:45:00	2022-11-26	3:45:00	68	56.8	Low
2022-11-26 4:00:00	2022-11-26	4:00:00	61	61.6	Low
2022-11-26 4:15:00	2022-11-26	4:15:00	62	57	Low
2022-11-26 4:30:00	2022-11-26	4:30:00	38	64.4	Low
2022-11-26 4:45:00	2022-11-26	4:45:00	72	56.3	Low
2022-11-26 5:00:00	2022-11-26	5:00:00	69	54.4	Low
2022-11-26 5:15:00	2022-11-26	5:15:00	77	58.1	Low
2022-11-26 5:30:00	2022-11-26	5:30:00	37	59.8	Low
2022-11-26 5:45:00	2022-11-26	5:45:00	70	58.7	Low
2022-11-26 6:00:00	2022-11-26	6:00:00	64	49.3	Low
2022-11-26 6:15:00	2022-11-26	6:15:00	76	56.1	Low
2022-11-26 6:30:00	2022-11-26	6:30:00	90	53.1	Low
2022-11-26 6:45:00	2022-11-26	6:45:00	83	52.1	Low
2022-11-26 7:00:00	2022-11-26	7:00:00	92	52.6	Low
2022-11-26 7:15:00	2022-11-26	7:15:00	105	51	Low
2022-11-26 7:30:00	2022-11-26	7:30:00	82	55.3	Low
2022-11-26 7:45:00	2022-11-26	7:45:00	122	46.7	Medium
2022-11-26 8:00:00	2022-11-26	8:00:00	124	51.5	Medium
2022-11-26 8:15:00	2022-11-26	8:15:00	144	52.3	Medium
2022-11-26 8:30:00	2022-11-26	8:30:00	119	52	Low
2022-11-26 8:45:00	2022-11-26	8:45:00	119	53.5	Low
2022-11-26 9:00:00	2022-11-26	9:00:00	132	52.9	Medium
2022-11-26 9:15:00	2022-11-26	9:15:00	157	50.4	Medium
2022-11-26 9:30:00	2022-11-26	9:30:00	133	55.1	Medium
2022-11-26 9:45:00	2022-11-26	9:45:00	153	45.7	Medium
2022-11-26 10:00:00	2022-11-26	10:00:00	144	46	Medium
2022-11-26 10:15:00	2022-11-26	10:15:00	120	53.4	Medium
2022-11-26 10:30:00	2022-11-26	10:30:00	141	50.7	Medium
2022-11-26 10:45:00	2022-11-26	10:45:00	132	51.9	Medium
2022-11-26 11:00:00	2022-11-26	11:00:00	144	53.9	Medium
2022-11-26 11:15:00	2022-11-26	11:15:00	126	50.3	Medium
2022-11-26 11:30:00	2022-11-26	11:30:00	157	48	Medium
2022-11-26 11:45:00	2022-11-26	11:45:00	142	45.5	Medium
2022-11-26 12:00:00	2022-11-26	12:00:00	124	56.9	Medium
2022-11-26 12:15:00	2022-11-26	12:15:00	137	48	Medium
2022-11-26 12:30:00	2022-11-26	12:30:00	141	47.6	Medium
2022-11-26 12:45:00	2022-11-26	12:45:00	127	49.1	Medium
2022-11-26 13:00:00	2022-11-26	13:00:00	93	52.2	Low
2022-11-26 13:15:00	2022-11-26	13:15:00	78	53.7	Low
2022-11-26 13:30:00	2022-11-26	13:30:00	94	52.5	Low
2022-11-26 13:45:00	2022-11-26	13:45:00	95	49.8	Low
2022-11-26 14:00:00	2022-11-26	14:00:00	84	52.8	Low
2022-11-26 14:15:00	2022-11-26	14:15:00	77	61.9	Low
2022-11-26 14:30:00	2022-11-26	14:30:00	92	56.5	Low
2022-11-26 14:45:00	2022-11-26	14:45:00	73	59.3	Low
2022-11-26 15:00:00	2022-11-26	15:00:00	65	60.9	Low
2022-11-26 15:15:00	2022-11-26	15:15:00	83	60.8	Low
2022-11-26 15:30:00	2022-11-26	15:30:00	71	51.4	Low
2022-11-26 15:45:00	2022-11-26	15:45:00	65	53.7	Low
2022-11-26 16:00:00	2022-11-26	16:00:00	50	56.8	Low
2022-11-26 16:15:00	2022-11-26	16:15:00	50	57.8	Low
2022-11-26 16:30:00	2022-11-26	16:30:00	47	58.6	Low
2022-11-26 16:45:00	2022-11-26	16:45:00	51	57.7	Low
2022-11-26 17:00:00	2022-11-26	17:00:00	77	56.7	Low
2022-11-26 17:15:00	2022-11-26	17:15:00	62	57.9	Low
2022-11-26 17:30:00	2022-11-26	17:30:00	45	57.6	Low
2022-11-26 17:45:00	2022-11-26	17:45:00	92	47.7	Low
2022-11-26 18:00:00	2022-11-26	18:00:00	87	51.9	Low
2022-11-26 18:15:00	2022-11-26	18:15:00	61	56.2	Low
2022-11-26 18:30:00	2022-11-26	18:30:00	75	55.5	Low
2022-11-26 18:45:00	2022-11-26	18:45:00	84	51.8	Low
2022-11-26 19:00:00	2022-11-26	19:00:00	130	48.4	Medium
2022-11-26 19:15:00	2022-11-26	19:15:00	88	51.3	Low
2022-11-26 19:30:00	2022-11-26	19:30:00	119	50.7	Low
2022-11-26 19:45:00	2022-11-26	19:45:00	125	47.2	Medium
2022-11-26 20:00:00	2022-11-26	20:00:00	118	48.7	Low
2022-11-26 20:15:00	2022-11-26	20:15:00	123	46.7	Medium
2022-11-26 20:30:00	2022-11-26	20:30:00	111	51.6	Low
2022-11-26 20:45:00	2022-11-26	20:45:00	124	47.9	Medium
2022-11-26 21:00:00	2022-11-26	21:00:00	143	51	Medium
2022-11-26 21:15:00	2022-11-26	21:15:00	153	48.4	Medium
2022-11-26 21:30:00	2022-11-26	21:30:00	160	46.1	Medium
2022-11-26 21:45:00	2022-11-26	21:45:00	132	47.2	Medium
2022-11-26 22:00:00	2022-11-26	22:00:00	120	52.1	Medium
2022-11-26 22:15:00	2022-11-26	22:15:00	149	49.7	Medium
2022-11-26 22:30:00	2022-11-26	22:30:00	154	47.5	Medium
2022-11-26 22:45:00	2022-11-26	22:45:00	153	52	Medium
2022-11-26 23:00:00	2022-11-26	23:00:00	139	50.2	Medium
2022-11-26 23:15:00	2022-11-26	23:15:00	145	50.8	Medium
2022-11-26 23:30:00	2022-11-26	23:30:00	166	46	Medium
2022-11-26 23:45:00	2022-11-26	23:45:00	149	49.6	Medium
2022-11-27 0:00:00	2022-11-27	0:00:00	121	48.5	Medium
2022-11-27 0:15:00	2022-11-27	0:15:00	119	49.7	Low
2022-11-27 0:30:00	2022-11-27	0:30:00	124	51.6	Medium
2022-11-27 0:45:00	2022-11-27	0:45:00	152	48.3	Medium
2022-11-27 1:00:00	2022-11-27	1:00:00	102	54.6	Low
2022-11-27 1:15:00	2022-11-27	1:15:00	104	56.2	Low
2022-11-27 1:30:00	2022-11-27	1:30:00	97	49.4	Low
2022-11-27 1:45:00	2022-11-27	1:45:00	121	48	Medium
2022-11-27 2:00:00	2022-11-27	2:00:00	111	52.7	Low
2022-11-27 2:15:00	2022-11-27	2:15:00	89	52.4	Low
2022-11-27 2:30:00	2022-11-27	2:30:00	83	65.4	Low
2022-11-27 2:45:00	2022-11-27	2:45:00	83	56.9	Low
2022-11-27 3:00:00	2022-11-27	3:00:00	30	61.3	Low
2022-11-27 3:15:00	2022-11-27	3:15:00	77	54.5	Low
2022-11-27 3:30:00	2022-11-27	3:30:00	68	55.6	Low
2022-11-27 3:45:00	2022-11-27	3:45:00	72	56.7	Low
2022-11-27 4:00:00	2022-11-27	4:00:00	49	59.6	Low
2022-11-27 4:15:00	2022-11-27	4:15:00	54	57.3	Low
2022-11-27 4:30:00	2022-11-27	4:30:00	53	58	Low
2022-11-27 4:45:00	2022-11-27	4:45:00	75	60.3	Low
2022-11-27 5:00:00	2022-11-27	5:00:00	60	62.2	Low
2022-11-27 5:15:00	2022-11-27	5:15:00	97	54.4	Low
2022-11-27 5:30:00	2022-11-27	5:30:00	72	52.6	Low
2022-11-27 5:45:00	2022-11-27	5:45:00	46	61.2	Low
2022-11-27 6:00:00	2022-11-27	6:00:00	80	60.3	Low
2022-11-27 6:15:00	2022-11-27	6:15:00	72	60.7	Low
2022-11-27 6:30:00	2022-11-27	6:30:00	49	61.5	Low
2022-11-27 6:45:00	2022-11-27	6:45:00	106	56.9	Low
2022-11-27 7:00:00	2022-11-27	7:00:00	115	51.7	Low
2022-11-27 7:15:00	2022-11-27	7:15:00	112	53.8	Low
2022-11-27 7:30:00	2022-11-27	7:30:00	107	50.5	Low
2022-11-27 7:45:00	2022-11-27	7:45:00	84	56.1	Low
2022-11-27 8:00:00	2022-11-27	8:00:00	120	55	Medium
2022-11-27 8:15:00	2022-11-27	8:15:00	140	46.9	Medium
2022-11-27 8:30:00	2022-11-27	8:30:00	111	49.5	Low
2022-11-27 8:45:00	2022-11-27	8:45:00	89	54.9	Low
2022-11-27 9:00:00	2022-11-27	9:00:00	140	48	Medium
2022-11-27 9:15:00	2022-11-27	9:15:00	141	50.5	Medium
2022-11-27 9:30:00	2022-11-27	9:30:00	146	46.6	Medium
2022-11-27 9:45:00	2022-11-27	9:45:00	154	52.2	Medium
2022-11-27 10:00:00	2022-11-27	10:00:00	159	42.6	Medium
2022-11-27 10:15:00	2022-11-27	10:15:00	153	50.9	Medium
2022-11-27 10:30:00	2022-11-27	10:30:00	167	43.2	Medium
2022-11-27 10:45:00	2022-11-27	10:45:00	127	44.8	Medium
2022-11-27 11:00:00	2022-11-27	11:00:00	151	48.1	Medium
2022-11-27 11:15:00	2022-11-27	11:15:00	153	46.4	Medium
2022-11-27 11:30:00	2022-11-27	11:30:00	125	47.1	Medium
2022-11-27 11:45:00	2022-11-27	11:45:00	121	45.8	Medium
2022-11-27 12:00:00	2022-11-27	12:00:00	116	51.4	Low
2022-11-27 12:15:00	2022-11-27	12:15:00	117	54.3	Low
2022-11-27 12:30:00	2022-11-27	12:30:00	138	50.7	Medium
2022-11-27 12:45:00	2022-11-27	12:45:00	118	51.4	Low
2022-11-27 13:00:00	2022-11-27	13:00:00	92	55.7	Low
2022-11-27 13:15:00	2022-11-27	13:15:00	95	53.8	Low
2022-11-27 13:30:00	2022-11-27	13:30:00	121	46.6	Medium
2022-11-27 13:45:00	2022-11-27	13:45:00	105	48.5	Low
2022-11-27 14:00:00	2022-11-27	14:00:00	79	55.2	Low
2022-11-27 14:15:00	2022-11-27	14:15:00	80	55.2	Low
2022-11-27 14:30:00	2022-11-27	14:30:00	101	55.8	Low
2022-11-27 14:45:00	2022-11-27	14:45:00	71	59	Low
2022-11-27 15:00:00	2022-11-27	15:00:00	85	56.9	Low
2022-11-27 15:15:00	2022-11-27	15:15:00	69	56.1	Low
2022-11-27 15:30:00	2022-11-27	15:30:00	63	53.5	Low
2022-11-27 15:45:00	2022-11-27	15:45:00	103	54.2	Low
2022-11-27 16:00:00	2022-11-27	16:00:00	44	61.4	Low
2022-11-27 16:15:00	2022-11-27	16:15:00	54	51.5	Low
2022-11-27 16:30:00	2022-11-27	16:30:00	41	57.7	Low
2022-11-27 16:45:00	2022-11-27	16:45:00	74	54.3	Low
2022-11-27 17:00:00	2022-11-27	17:00:00	91	54.7	Low
2022-11-27 17:15:00	2022-11-27	17:15:00	91	52	Low
2022-11-27 17:30:00	2022-11-27	17:30:00	84	55.1	Low
2022-11-27 17:45:00	2022-11-27	17:45:00	63	57	Low
2022-11-27 18:00:00	2022-11-27	18:00:00	77	55.5	Low
2022-11-27 18:15:00	2022-11-27	18:15:00	57	56.2	Low
2022-11-27 18:30:00	2022-11-27	18:30:00	113	49.9	Low
2022-11-27 18:45:00	2022-11-27	18:45:00	89	51.4	Low
2022-11-27 19:00:00	2022-11-27	19:00:00	97	54.8	Low
2022-11-27 19:15:00	2022-11-27	19:15:00	124	52.2	Medium
2022-11-27 19:30:00	2022-11-27	19:30:00	90	52.2	Low
2022-11-27 19:45:00	2022-11-27	19:45:00	111	56.6	Low
2022-11-27 20:00:00	2022-11-27	20:00:00	124	49.6	Medium
2022-11-27 20:15:00	2022-11-27	20:15:00	137	53.6	Medium
2022-11-27 20:30:00	2022-11-27	20:30:00	126	48.4	Medium
2022-11-27 20:45:00	2022-11-27	20:45:00	105	46.7	Low
2022-11-27 21:00:00	2022-11-27	21:00:00	145	49.3	Medium
2022-11-27 21:15:00	2022-11-27	21:15:00	159	47.2	Medium
2022-11-27 21:30:00	2022-11-27	21:30:00	143	48.4	Medium
2022-11-27 21:45:00	2022-11-27	21:45:00	155	45	Medium
2022-11-27 22:00:00	2022-11-27	22:00:00	134	49.3	Medium
2022-11-27 22:15:00	2022-11-27	22:15:00	149	46.1	Medium
2022-11-27 22:30:00	2022-11-27	22:30:00	140	47.8	Medium
2022-11-27 22:45:00	2022-11-27	22:45:00	161	48.7	Medium
2022-11-27 23:00:00	2022-11-27	23:00:00	144	48.8	Medium
2022-11-27 23:15:00	2022-11-27	23:15:00	154	48.9	Medium
2022-11-27 23:30:00	2022-11-27	23:30:00	160	45.6	Medium
2022-11-27 23:45:00	2022-11-27	23:45:00	154	46	Medium
2022-11-28 0:00:00	2022-11-28	0:00:00	216	36.3	Medium
2022-11-28 0:15:00	2022-11-28	0:15:00	197	40.9	Medium
2022-11-28 0:30:00	2022-11-28	0:30:00	212	30.3	Medium
2022-11-28 0:45:00	2022-11-28	0:45:00	204	39.4	Medium
2022-11-28 1:00:00	2022-11-28	1:00:00	169	45	Medium
2022-11-28 1:15:00	2022-11-28	1:15:00	169	47	Medium
2022-11-28 1:30:00	2022-11-28	1:30:00	160	45.5	Medium
2022-11-28 1:45:00	2022-11-28	1:45:00	145	49.1	Medium
2022-11-28 2:00:00	2022-11-28	2:00:00	127	43.6	Medium
2022-11-28 2:15:00	2022-11-28	2:15:00	140	48.5	Medium
2022-11-28 2:30:00	2022-11-28	2:30:00	117	46.3	Low
2022-11-28 2:45:00	2022-11-28	2:45:00	137	45.4	Medium
2022-11-28 3:00:00	2022-11-28	3:00:00	138	48.3	Medium
2022-11-28 3:15:00	2022-11-28	3:15:00	125	54.2	Medium
2022-11-28 3:30:00	2022-11-28	3:30:00	134	50.5	Medium
2022-11-28 3:45:00	2022-11-28	3:45:00	115	51.6	Low
2022-11-28 4:00:00	2022-11-28	4:00:00	117	51.3	Low
2022-11-28 4:15:00	2022-11-28	4:15:00	89	52.5	Low
2022-11-28 4:30:00	2022-11-28	4:30:00	90	52.9	Low
2022-11-28 4:45:00	2022-11-28	4:45:00	58	59.5	Low
2022-11-28 5:00:00	2022-11-28	5:00:00	127	46	Medium
2022-11-28 5:15:00	2022-11-28	5:15:00	133	51.3	Medium
2022-11-28 5:30:00	2022-11-28	5:30:00	101	52.1	Low
2022-11-28 5:45:00	2022-11-28	5:45:00	106	55.1	Low
2022-11-28 6:00:00	2022-11-28	6:00:00	126	53.2	Medium
2022-11-28 6:15:00	2022-11-28	6:15:00	143	43.3	Medium
2022-11-28 6:30:00	2022-11-28	6:30:00	154	45.3	Medium
2022-11-28 6:45:00	2022-11-28	6:45:00	111	49.5	Low
2022-11-28 7:00:00	2022-11-28	7:00:00	181	38.4	Medium
2022-11-28 7:15:00	2022-11-28	7:15:00	170	42.1	Medium
2022-11-28 7:30:00	2022-11-28	7:30:00	176	51.8	Medium
2022-11-28 7:45:00	2022-11-28	7:45:00	181	45.7	Medium
2022-11-28 8:00:00	2022-11-28	8:00:00	209	46.4	Medium
2022-11-28 8:15:00	2022-11-28	8:15:00	210	43	Medium
2022-11-28 8:30:00	2022-11-28	8:30:00	209	38.4	Medium
2022-11-28 8:45:00	2022-11-28	8:45:00	227	37.4	High
2022-11-28 9:00:00	2022-11-28	9:00:00	246	38.1	High
2022-11-28 9:15:00	2022-11-28	9:15:00	243	38	High
2022-11-28 9:30:00	2022-11-28	9:30:00	220	37.6	High
2022-11-28 9:45:00	2022-11-28	9:45:00	234	33.2	High
2022-11-28 10:00:00	2022-11-28	10:00:00	263	44.2	High
2022-11-28 10:15:00	2022-11-28	10:15:00	250	35.4	High
2022-11-28 10:30:00	2022-11-28	10:30:00	259	33.8	High
2022-11-28 10:45:00	2022-11-28	10:45:00	276	33.1	High
2022-11-28 11:00:00	2022-11-28	11:00:00	255	34.5	High
2022-11-28 11:15:00	2022-11-28	11:15:00	241	37.3	High
2022-11-28 11:30:00	2022-11-28	11:30:00	232	41.8	High
2022-11-28 11:45:00	2022-11-28	11:45:00	201	41.2	Medium
2022-11-28 12:00:00	2022-11-28	12:00:00	209	37.1	Medium
2022-11-28 12:15:00	2022-11-28	12:15:00	207	40.4	Medium
2022-11-28 12:30:00	2022-11-28	12:30:00	218	38.2	Medium
2022-11-28 12:45:00	2022-11-28	12:45:00	210	44.8	Medium
2022-11-28 13:00:00	2022-11-28	13:00:00	170	48.7	Medium
2022-11-28 13:15:00	2022-11-28	13:15:00	148	48.1	Medium
2022-11-28 13:30:00	2022-11-28	13:30:00	160	42.5	Medium
2022-11-28 13:45:00	2022-11-28	13:45:00	182	40.1	Medium
2022-11-28 14:00:00	2022-11-28	14:00:00	163	46	Medium
2022-11-28 14:15:00	2022-11-28	14:15:00	136	50.1	Medium
2022-11-28 14:30:00	2022-11-28	14:30:00	142	47.3	Medium
2022-11-28 14:45:00	2022-11-28	14:45:00	151	45.9	Medium
2022-11-28 15:00:00	2022-11-28	15:00:00	97	51.9	Low
2022-11-28 15:15:00	2022-11-28	15:15:00	115	51.5	Low
2022-11-28 15:30:00	2022-11-28	15:30:00	98	46.4	Low
2022-11-28 15:45:00	2022-11-28	15:45:00	123	47.3	Medium
2022-11-28 16:00:00	2022-11-28	16:00:00	102	51.2	Low
2022-11-28 16:15:00	2022-11-28	16:15:00	104	56.5	Low
2022-11-28 16:30:00	2022-11-28	16:30:00	88	52.3	Low
2022-11-28 16:45:00	2022-11-28	16:45:00	110	52.7	Low
2022-11-28 17:00:00	2022-11-28	17:00:00	141	49.2	Medium
2022-11-28 17:15:00	2022-11-28	17:15:00	94	57.9	Low
2022-11-28 17:30:00	2022-11-28	17:30:00	104	56.7	Low
2022-11-28 17:45:00	2022-11-28	17:45:00	113	51.6	Low
2022-11-28 18:00:00	2022-11-28	18:00:00	149	46.2	Medium
2022-11-28 18:15:00	2022-11-28	18:15:00	129	48	Medium
2022-11-28 18:30:00	2022-11-28	18:30:00	95	53.2	Low
2022-11-28 18:45:00	2022-11-28	18:45:00	157	45.4	Medium
2022-11-28 19:00:00	2022-11-28	19:00:00	186	45	Medium
2022-11-28 19:15:00	2022-11-28	19:15:00	148	49	Medium
2022-11-28 19:30:00	2022-11-28	19:30:00	165	47.5	Medium
2022-11-28 19:45:00	2022-11-28	19:45:00	198	45.7	Medium
2022-11-28 20:00:00	2022-11-28	20:00:00	234	43.3	High
2022-11-28 20:15:00	2022-11-28	20:15:00	226	39	High
2022-11-28 20:30:00	2022-11-28	20:30:00	209	43.9	Medium
2022-11-28 20:45:00	2022-11-28	20:45:00	213	39.1	Medium
2022-11-28 21:00:00	2022-11-28	21:00:00	237	40.9	High
2022-11-28 21:15:00	2022-11-28	21:15:00	256	38.3	High
2022-11-28 21:30:00	2022-11-28	21:30:00	226	41.7	High
2022-11-28 21:45:00	2022-11-28	21:45:00	227	38.8	High
2022-11-28 22:00:00	2022-11-28	22:00:00	265	32.1	High
2022-11-28 22:15:00	2022-11-28	22:15:00	249	31.8	High
2022-11-28 22:30:00	2022-11-28	22:30:00	270	33.4	High
2022-11-28 22:45:00	2022-11-28	22:45:00	239	41.7	High
2022-11-28 23:00:00	2022-11-28	23:00:00	239	36.2	High
2022-11-28 23:15:00	2022-11-28	23:15:00	226	41	High
2022-11-28 23:30:00	2022-11-28	23:30:00	240	39.5	High
2022-11-28 23:45:00	2022-11-28	23:45:00	217	38.8	Medium
2022-11-29 0:00:00	2022-11-29	0:00:00	205	45	Medium
2022-11-29 0:15:00	2022-11-29	0:15:00	190	34.1	Medium
2022-11-29 0:30:00	2022-11-29	0:30:00	222	35.4	High
2022-11-29 0:45:00	2022-11-29	0:45:00	223	36.2	High
2022-11-29 1:00:00	2022-11-29	1:00:00	149	45.2	Medium
2022-11-29 1:15:00	2022-11-29	1:15:00	195	43.3	Medium
2022-11-29 1:30:00	2022-11-29	1:30:00	212	41.1	Medium
2022-11-29 1:45:00	2022-11-29	1:45:00	175	45.8	Medium
2022-11-29 2:00:00	2022-11-29	2:00:00	127	52	Medium
2022-11-29 2:15:00	2022-11-29	2:15:00	179	41.3	Medium
2022-11-29 2:30:00	2022-11-29	2:30:00	117	47.7	Low
2022-11-29 2:45:00	2022-11-29	2:45:00	137	50.2	Medium
2022-11-29 3:00:00	2022-11-29	3:00:00	112	50	Low
2022-11-29 3:15:00	2022-11-29	3:15:00	130	45.1	Medium
2022-11-29 3:30:00	2022-11-29	3:30:00	115	54.5	Low
2022-11-29 3:45:00	2022-11-29	3:45:00	102	57.3	Low
2022-11-29 4:00:00	2022-11-29	4:00:00	85	59.8	Low
2022-11-29 4:15:00	2022-11-29	4:15:00	94	54.6	Low
2022-11-29 4:30:00	2022-11-29	4:30:00	84	57.1	Low
2022-11-29 4:45:00	2022-11-29	4:45:00	100	57.4	Low
2022-11-29 5:00:00	2022-11-29	5:00:00	101	51.3	Low
2022-11-29 5:15:00	2022-11-29	5:15:00	87	58.2	Low
2022-11-29 5:30:00	2022-11-29	5:30:00	128	50.9	Medium
2022-11-29 5:45:00	2022-11-29	5:45:00	102	55.8	Low
2022-11-29 6:00:00	2022-11-29	6:00:00	118	51.8	Low
2022-11-29 6:15:00	2022-11-29	6:15:00	134	53.3	Medium
2022-11-29 6:30:00	2022-11-29	6:30:00	138	49.6	Medium
2022-11-29 6:45:00	2022-11-29	6:45:00	111	47.6	Low
2022-11-29 7:00:00	2022-11-29	7:00:00	179	48.5	Medium
2022-11-29 7:15:00	2022-11-29	7:15:00	159	43.6	Medium
2022-11-29 7:30:00	2022-11-29	7:30:00	200	45.4	Medium
2022-11-29 7:45:00	2022-11-29	7:45:00	182	43.5	Medium
2022-11-29 8:00:00	2022-11-29	8:00:00	206	44.5	Medium
2022-11-29 8:15:00	2022-11-29	8:15:00	201	45	Medium
2022-11-29 8:30:00	2022-11-29	8:30:00	210	41.8	Medium
2022-11-29 8:45:00	2022-11-29	8:45:00	221	40.7	High
2022-11-29 9:00:00	2022-11-29	9:00:00	239	38.4	High
2022-11-29 9:15:00	2022-11-29	9:15:00	236	31.4	High
2022-11-29 9:30:00	2022-11-29	9:30:00	240	37.4	High
2022-11-29 9:45:00	2022-11-29	9:45:00	230	34.8	High
2022-11-29 10:00:00	2022-11-29	10:00:00	244	37	High
2022-11-29 10:15:00	2022-11-29	10:15:00	218	36.1	Medium
2022-11-29 10:30:00	2022-11-29	10:30:00	264	30.6	High
2022-11-29 10:45:00	2022-11-29	10:45:00	254	40.2	High
2022-11-29 11:00:00	2022-11-29	11:00:00	228	41.6	High
2022-11-29 11:15:00	2022-11-29	11:15:00	268	33.7	High
2022-11-29 11:30:00	2022-11-29	11:30:00	241	37.4	High
2022-11-29 11:45:00	2022-11-29	11:45:00	224	38.1	High
2022-11-29 12:00:00	2022-11-29	12:00:00	225	40.5	High
2022-11-29 12:15:00	2022-11-29	12:15:00	218	37.5	Medium
2022-11-29 12:30:00	2022-11-29	12:30:00	218	42.5	Medium
2022-11-29 12:45:00	2022-11-29	12:45:00	206	40.2	Medium
2022-11-29 13:00:00	2022-11-29	13:00:00	181	42.6	Medium
2022-11-29 13:15:00	2022-11-29	13:15:00	171	45.1	Medium
2022-11-29 13:30:00	2022-11-29	13:30:00	183	41.9	Medium
2022-11-29 13:45:00	2022-11-29	13:45:00	146	49	Medium
2022-11-29 14:00:00	2022-11-29	14:00:00	130	48.2	Medium
2022-11-29 14:15:00	2022-11-29	14:15:00	163	47.4	Medium
2022-11-29 14:30:00	2022-11-29	14:30:00	125	54.1	Medium
2022-11-29 14:45:00	2022-11-29	14:45:00	128	47.9	Medium
2022-11-29 15:00:00	2022-11-29	15:00:00	103	52.6	Low
2022-11-29 15:15:00	2022-11-29	15:15:00	91	55.8	Low
2022-11-29 15:30:00	2022-11-29	15:30:00	76	54.8	Low
2022-11-29 15:45:00	2022-11-29	15:45:00	106	54	Low
2022-11-29 16:00:00	2022-11-29	16:00:00	102	54.8	Low
2022-11-29 16:15:00	2022-11-29	16:15:00	99	56.7	Low
2022-11-29 16:30:00	2022-11-29	16:30:00	97	51.9	Low
2022-11-29 16:45:00	2022-11-29	16:45:00	100	50.5	Low
2022-11-29 17:00:00	2022-11-29	17:00:00	125	49.5	Medium
2022-11-29 17:15:00	2022-11-29	17:15:00	107	49.6	Low
2022-11-29 17:30:00	2022-11-29	17:30:00	101	54.9	Low
2022-11-29 17:45:00	2022-11-29	17:45:00	105	49.3	Low
2022-11-29 18:00:00	2022-11-29	18:00:00	146	55	Medium
2022-11-29 18:15:00	2022-11-29	18:15:00	158	50.5	Medium
2022-11-29 18:30:00	2022-11-29	18:30:00	128	50.1	Medium
2022-11-29 18:45:00	2022-11-29	18:45:00	138	51.5	Medium
2022-11-29 19:00:00	2022-11-29	19:00:00	180	39.1	Medium
2022-11-29 19:15:00	2022-11-29	19:15:00	160	53.9	Medium
2022-11-29 19:30:00	2022-11-29	19:30:00	175	42.8	Medium
2022-11-29 19:45:00	2022-11-29	19:45:00	153	46.8	Medium
2022-11-29 20:00:00	2022-11-29	20:00:00	185	37.8	Medium
2022-11-29 20:15:00	2022-11-29	20:15:00	218	41	Medium
2022-11-29 20:30:00	2022-11-29	20:30:00	206	37.6	Medium
2022-11-29 20:45:00	2022-11-29	20:45:00	215	40.2	Medium
2022-11-29 21:00:00	2022-11-29	21:00:00	239	35.5	High
2022-11-29 21:15:00	2022-11-29	21:15:00	225	35.5	High
2022-11-29 21:30:00	2022-11-29	21:30:00	239	34.7	High
2022-11-29 21:45:00	2022-11-29	21:45:00	221	39.9	High
2022-11-29 22:00:00	2022-11-29	22:00:00	270	29.7	High
2022-11-29 22:15:00	2022-11-29	22:15:00	229	36	High
2022-11-29 22:30:00	2022-11-29	22:30:00	247	38.2	High
2022-11-29 22:45:00	2022-11-29	22:45:00	234	45.5	High
2022-11-29 23:00:00	2022-11-29	23:00:00	248	37.5	High
2022-11-29 23:15:00	2022-11-29	23:15:00	234	34.9	High
2022-11-29 23:30:00	2022-11-29	23:30:00	232	36.8	High
2022-11-29 23:45:00	2022-11-29	23:45:00	252	35.7	High
2022-11-30 0:00:00	2022-11-30	0:00:00	212	39.2	Medium
2022-11-30 0:15:00	2022-11-30	0:15:00	220	42	High
2022-11-30 0:30:00	2022-11-30	0:30:00	197	42.7	Medium
2022-11-30 0:45:00	2022-11-30	0:45:00	191	45.4	Medium
2022-11-30 1:00:00	2022-11-30	1:00:00	176	43.5	Medium
2022-11-30 1:15:00	2022-11-30	1:15:00	170	49.1	Medium
2022-11-30 1:30:00	2022-11-30	1:30:00	184	43	Medium
2022-11-30 1:45:00	2022-11-30	1:45:00	173	41.9	Medium
2022-11-30 2:00:00	2022-11-30	2:00:00	140	55.2	Medium
2022-11-30 2:15:00	2022-11-30	2:15:00	113	46.3	Low
2022-11-30 2:30:00	2022-11-30	2:30:00	165	43.5	Medium
2022-11-30 2:45:00	2022-11-30	2:45:00	135	47.4	Medium
2022-11-30 3:00:00	2022-11-30	3:00:00	120	58.5	Medium
2022-11-30 3:15:00	2022-11-30	3:15:00	97	59.1	Low
2022-11-30 3:30:00	2022-11-30	3:30:00	114	56.2	Low
2022-11-30 3:45:00	2022-11-30	3:45:00	90	53.5	Low
2022-11-30 4:00:00	2022-11-30	4:00:00	106	59.9	Low
2022-11-30 4:15:00	2022-11-30	4:15:00	94	55.1	Low
2022-11-30 4:30:00	2022-11-30	4:30:00	100	56.3	Low
2022-11-30 4:45:00	2022-11-30	4:45:00	110	52.7	Low
2022-11-30 5:00:00	2022-11-30	5:00:00	91	54.2	Low
2022-11-30 5:15:00	2022-11-30	5:15:00	99	52.7	Low
2022-11-30 5:30:00	2022-11-30	5:30:00	116	50.8	Low
2022-11-30 5:45:00	2022-11-30	5:45:00	141	50.4	Medium
2022-11-30 6:00:00	2022-11-30	6:00:00	135	50.4	Medium
2022-11-30 6:15:00	2022-11-30	6:15:00	146	47.9	Medium
2022-11-30 6:30:00	2022-11-30	6:30:00	135	53.8	Medium
2022-11-30 6:45:00	2022-11-30	6:45:00	166	36.7	Medium
2022-11-30 7:00:00	2022-11-30	7:00:00	148	49.3	Medium
2022-11-30 7:15:00	2022-11-30	7:15:00	176	46.6	Medium
2022-11-30 7:30:00	2022-11-30	7:30:00	150	50.9	Medium
2022-11-30 7:45:00	2022-11-30	7:45:00	137	48.8	Medium
2022-11-30 8:00:00	2022-11-30	8:00:00	216	40.4	Medium
2022-11-30 8:15:00	2022-11-30	8:15:00	214	43	Medium
2022-11-30 8:30:00	2022-11-30	8:30:00	208	45.2	Medium
2022-11-30 8:45:00	2022-11-30	8:45:00	210	39.6	Medium
2022-11-30 9:00:00	2022-11-30	9:00:00	286	32.4	High
2022-11-30 9:15:00	2022-11-30	9:15:00	236	42.5	High
2022-11-30 9:30:00	2022-11-30	9:30:00	247	29.8	High
2022-11-30 9:45:00	2022-11-30	9:45:00	230	36.1	High
2022-11-30 10:00:00	2022-11-30	10:00:00	254	39.8	High
2022-11-30 10:15:00	2022-11-30	10:15:00	246	39.6	High
2022-11-30 10:30:00	2022-11-30	10:30:00	243	38.2	High
2022-11-30 10:45:00	2022-11-30	10:45:00	277	31.3	High
2022-11-30 11:00:00	2022-11-30	11:00:00	257	32.4	High
2022-11-30 11:15:00	2022-11-30	11:15:00	242	35	High
2022-11-30 11:30:00	2022-11-30	11:30:00	205	45.7	Medium
2022-11-30 11:45:00	2022-11-30	11:45:00	234	35.8	High
2022-11-30 12:00:00	2022-11-30	12:00:00	253	35.8	High
2022-11-30 12:15:00	2022-11-30	12:15:00	209	38.4	Medium
2022-11-30 12:30:00	2022-11-30	12:30:00	229	40.8	High
2022-11-30 12:45:00	2022-11-30	12:45:00	234	36.1	High
2022-11-30 13:00:00	2022-11-30	13:00:00	178	43.9	Medium
2022-11-30 13:15:00	2022-11-30	13:15:00	162	41	Medium
2022-11-30 13:30:00	2022-11-30	13:30:00	138	44.1	Medium
2022-11-30 13:45:00	2022-11-30	13:45:00	185	43.4	Medium
2022-11-30 14:00:00	2022-11-30	14:00:00	125	46.4	Medium
2022-11-30 14:15:00	2022-11-30	14:15:00	140	55	Medium
2022-11-30 14:30:00	2022-11-30	14:30:00	118	45	Low
2022-11-30 14:45:00	2022-11-30	14:45:00	133	47.1	Medium
2022-11-30 15:00:00	2022-11-30	15:00:00	110	52.2	Low
2022-11-30 15:15:00	2022-11-30	15:15:00	114	50.6	Low
2022-11-30 15:30:00	2022-11-30	15:30:00	93	50.8	Low
2022-11-30 15:45:00	2022-11-30	15:45:00	128	47.2	Medium
2022-11-30 16:00:00	2022-11-30	16:00:00	91	51.4	Low
2022-11-30 16:15:00	2022-11-30	16:15:00	74	55.5	Low
2022-11-30 16:30:00	2022-11-30	16:30:00	98	59.4	Low
2022-11-30 16:45:00	2022-11-30	16:45:00	100	53.6	Low
2022-11-30 17:00:00	2022-11-30	17:00:00	112	55.5	Low
2022-11-30 17:15:00	2022-11-30	17:15:00	130	51.4	Medium
2022-11-30 17:30:00	2022-11-30	17:30:00	106	56	Low
2022-11-30 17:45:00	2022-11-30	17:45:00	108	44	Low
2022-11-30 18:00:00	2022-11-30	18:00:00	120	50.1	Medium
2022-11-30 18:15:00	2022-11-30	18:15:00	149	51.5	Medium
2022-11-30 18:30:00	2022-11-30	18:30:00	140	47	Medium
2022-11-30 18:45:00	2022-11-30	18:45:00	131	55	Medium
2022-11-30 19:00:00	2022-11-30	19:00:00	146	52.4	Medium
2022-11-30 19:15:00	2022-11-30	19:15:00	196	40.7	Medium
2022-11-30 19:30:00	2022-11-30	19:30:00	156	45.3	Medium
2022-11-30 19:45:00	2022-11-30	19:45:00	166	42.6	Medium
2022-11-30 20:00:00	2022-11-30	20:00:00	217	37.8	Medium
2022-11-30 20:15:00	2022-11-30	20:15:00	194	38.7	Medium
2022-11-30 20:30:00	2022-11-30	20:30:00	190	44.1	Medium
2022-11-30 20:45:00	2022-11-30	20:45:00	180	39.6	Medium
2022-11-30 21:00:00	2022-11-30	21:00:00	250	37.6	High
2022-11-30 21:15:00	2022-11-30	21:15:00	231	39.9	High
2022-11-30 21:30:00	2022-11-30	21:30:00	283	27	High
2022-11-30 21:45:00	2022-11-30	21:45:00	225	43.4	High
2022-11-30 22:00:00	2022-11-30	22:00:00	236	39	High
2022-11-30 22:15:00	2022-11-30	22:15:00	241	39.1	High
2022-11-30 22:30:00	2022-11-30	22:30:00	253	33.2	High
2022-11-30 22:45:00	2022-11-30	22:45:00	242	38.6	High
2022-11-30 23:00:00	2022-11-30	23:00:00	249	39.3	High
2022-11-30 23:15:00	2022-11-30	23:15:00	225	38.5	High
2022-11-30 23:30:00	2022-11-30	23:30:00	219	45.5	Medium
2022-11-30 23:45:00	2022-11-30	23:45:00	212	40.4	Medium
